id;fecha;tipo_elem;intensidad;ocupacion;vmed
1001;01/09/2025 00:00:00;M30;328;15,19;80,50
1002;01/09/2025 00:00:00;URB;121;11,06;92,40
1003;01/09/2025 00:00:00;M30;318;11,64;92,00
1004;01/09/2025 00:00:00;M30;301;10,94;83,90
1005;01/09/2025 00:00:00;M30;353;19,68;90,10
1006;01/09/2025 00:00:00;M30;284;10,86;89,70
1007;01/09/2025 00:00:00;M30;284;9,70;91,00
1008;01/09/2025 00:00:00;URB;112;16,14;83,10
1009;01/09/2025 00:00:00;M30;317;10,31;89,20
1010;01/09/2025 00:00:00;URB;101;13,64;90,80
1011;01/09/2025 00:00:00;URB;114;12,68;86,70
1012;01/09/2025 00:00:00;M30;311;13,07;90,30
1013;01/09/2025 00:00:00;URB;120;13,88;88,30
1014;01/09/2025 00:00:00;URB;111;16,75;81,50
1015;01/09/2025 00:00:00;M30;354;16,38;87,30
1016;01/09/2025 00:00:00;URB;106;15,34;-1,00
1017;01/09/2025 00:00:00;URB;107;12,06;91,30
1018;01/09/2025 00:00:00;URB;129;13,95;84,30
1019;01/09/2025 00:00:00;M30;327;14,87;85,10
1020;01/09/2025 00:00:00;URB;139;11,90;90,20
1021;01/09/2025 00:00:00;M30;354;18,02;78,80
1022;01/09/2025 00:00:00;URB;119;17,30;83,90
1023;01/09/2025 00:00:00;URB;115;13,67;87,60
1024;01/09/2025 00:00:00;URB;96;10,72;93,10
1025;01/09/2025 00:00:00;M30;297;14,15;93,50
1026;01/09/2025 00:00:00;URB;115;13,61;-1,00
1027;01/09/2025 00:00:00;M30;327;10,42;-1,00
1028;01/09/2025 00:00:00;URB;128;16,96;-1,00
1029;01/09/2025 00:00:00;URB;128;24,96;76,10
1030;01/09/2025 00:00:00;URB;112;15,16;87,20
1001;01/09/2025 01:00:00;M30;314;10,77;93,20
1002;01/09/2025 01:00:00;URB;125;13,11;84,70
1003;01/09/2025 01:00:00;M30;315;11,97;89,60
1004;01/09/2025 01:00:00;M30;341;15,39;86,90
1005;01/09/2025 01:00:00;M30;329;18,50;82,10
1006;01/09/2025 01:00:00;M30;305;16,35;81,70
1007;01/09/2025 01:00:00;M30;291;13,78;85,60
1008;01/09/2025 01:00:00;URB;121;19,67;82,20
1009;01/09/2025 01:00:00;M30;294;9,91;81,60
1010;01/09/2025 01:00:00;URB;122;14,32;90,50
1011;01/09/2025 01:00:00;URB;124;13,04;88,80
1012;01/09/2025 01:00:00;M30;376;13,26;87,20
1013;01/09/2025 01:00:00;URB;144;16,35;81,60
1014;01/09/2025 01:00:00;URB;135;22,66;84,10
1015;01/09/2025 01:00:00;M30;335;10,18;86,30
1016;01/09/2025 01:00:00;URB;98;8,57;86,00
1017;01/09/2025 01:00:00;URB;115;17,85;87,50
1018;01/09/2025 01:00:00;URB;127;19,46;-1,00
1019;01/09/2025 01:00:00;M30;338;14,30;85,90
1020;01/09/2025 01:00:00;URB;103;15,48;90,50
1021;01/09/2025 01:00:00;M30;271;13,78;88,40
1022;01/09/2025 01:00:00;URB;129;11,31;85,70
1023;01/09/2025 01:00:00;URB;118;16,44;91,90
1024;01/09/2025 01:00:00;URB;114;15,68;82,80
1025;01/09/2025 01:00:00;M30;281;16,42;88,40
1026;01/09/2025 01:00:00;URB;94;17,01;84,40
1027;01/09/2025 01:00:00;M30;389;12,36;101,80
1028;01/09/2025 01:00:00;URB;106;17,55;93,20
1029;01/09/2025 01:00:00;URB;94;14,00;93,20
1030;01/09/2025 01:00:00;URB;92;11,11;-1,00
1001;01/09/2025 02:00:00;M30;318;11,88;88,40
1002;01/09/2025 02:00:00;URB;120;14,37;90,50
1003;01/09/2025 02:00:00;M30;344;16,98;85,30
1004;01/09/2025 02:00:00;M30;292;12,62;-1,00
1005;01/09/2025 02:00:00;M30;331;12,62;84,90
1006;01/09/2025 02:00:00;M30;297;14,63;-1,00
1007;01/09/2025 02:00:00;M30;343;17,67;85,40
1008;01/09/2025 02:00:00;URB;116;16,72;90,70
1009;01/09/2025 02:00:00;M30;315;19,94;95,90
1010;01/09/2025 02:00:00;URB;114;14,21;88,40
1011;01/09/2025 02:00:00;URB;127;13,25;86,10
1012;01/09/2025 02:00:00;M30;330;14,11;-1,00
1013;01/09/2025 02:00:00;URB;101;18,35;84,80
1014;01/09/2025 02:00:00;URB;120;12,98;-1,00
1015;01/09/2025 02:00:00;M30;289;15,07;-1,00
1016;01/09/2025 02:00:00;URB;117;18,43;77,90
1017;01/09/2025 02:00:00;URB;119;17,70;87,30
1018;01/09/2025 02:00:00;URB;109;15,20;-1,00
1019;01/09/2025 02:00:00;M30;264;12,67;93,10
1020;01/09/2025 02:00:00;URB;120;19,00;79,10
1021;01/09/2025 02:00:00;M30;377;19,43;-1,00
1022;01/09/2025 02:00:00;URB;91;11,99;83,60
1023;01/09/2025 02:00:00;URB;113;18,68;83,30
1024;01/09/2025 02:00:00;URB;114;16,77;86,00
1025;01/09/2025 02:00:00;M30;318;13,52;86,30
1026;01/09/2025 02:00:00;URB;106;14,79;86,90
1027;01/09/2025 02:00:00;M30;324;14,44;82,40
1028;01/09/2025 02:00:00;URB;121;19,22;88,60
1029;01/09/2025 02:00:00;URB;98;10,88;90,50
1030;01/09/2025 02:00:00;URB;116;16,85;-1,00
1001;01/09/2025 03:00:00;M30;335;11,16;91,50
1002;01/09/2025 03:00:00;URB;86;15,64;90,60
1003;01/09/2025 03:00:00;M30;332;15,26;87,40
1004;01/09/2025 03:00:00;M30;293;13,42;-1,00
1005;01/09/2025 03:00:00;M30;303;16,27;89,40
1006;01/09/2025 03:00:00;M30;412;16,06;86,00
1007;01/09/2025 03:00:00;M30;369;14,15;80,40
1008;01/09/2025 03:00:00;URB;115;14,38;86,50
1009;01/09/2025 03:00:00;M30;337;16,67;83,30
1010;01/09/2025 03:00:00;URB;126;15,88;-1,00
1011;01/09/2025 03:00:00;URB;106;12,27;89,80
1012;01/09/2025 03:00:00;M30;321;17,54;83,50
1013;01/09/2025 03:00:00;URB;123;16,48;84,80
1014;01/09/2025 03:00:00;URB;105;9,47;87,80
1015;01/09/2025 03:00:00;M30;294;14,84;90,90
1016;01/09/2025 03:00:00;URB;125;14,69;87,30
1017;01/09/2025 03:00:00;URB;108;15,79;86,90
1018;01/09/2025 03:00:00;URB;118;12,69;91,20
1019;01/09/2025 03:00:00;M30;325;16,21;88,00
1020;01/09/2025 03:00:00;URB;130;15,91;86,50
1021;01/09/2025 03:00:00;M30;352;15,96;80,10
1022;01/09/2025 03:00:00;URB;110;15,37;85,20
1023;01/09/2025 03:00:00;URB;109;19,69;82,00
1024;01/09/2025 03:00:00;URB;106;13,73;94,30
1025;01/09/2025 03:00:00;M30;356;20,91;83,40
1026;01/09/2025 03:00:00;URB;108;12,75;82,20
1027;01/09/2025 03:00:00;M30;332;15,96;-1,00
1028;01/09/2025 03:00:00;URB;128;19,03;79,40
1029;01/09/2025 03:00:00;URB;123;21,87;80,10
1030;01/09/2025 03:00:00;URB;133;15,36;85,90
1001;01/09/2025 04:00:00;M30;342;14,46;-1,00
1002;01/09/2025 04:00:00;URB;98;10,21;89,00
1003;01/09/2025 04:00:00;M30;371;20,49;82,80
1004;01/09/2025 04:00:00;M30;342;18,21;-1,00
1005;01/09/2025 04:00:00;M30;336;8,64;96,80
1006;01/09/2025 04:00:00;M30;429;18,45;91,30
1007;01/09/2025 04:00:00;M30;324;18,31;78,30
1008;01/09/2025 04:00:00;URB;116;10,70;94,00
1009;01/09/2025 04:00:00;M30;337;22,14;80,90
1010;01/09/2025 04:00:00;URB;133;14,77;86,40
1011;01/09/2025 04:00:00;URB;119;18,34;80,00
1012;01/09/2025 04:00:00;M30;362;8,44;88,70
1013;01/09/2025 04:00:00;URB;130;24,34;85,10
1014;01/09/2025 04:00:00;URB;132;16,26;81,40
1015;01/09/2025 04:00:00;M30;302;16,77;-1,00
1016;01/09/2025 04:00:00;URB;125;16,76;84,20
1017;01/09/2025 04:00:00;URB;127;18,09;88,90
1018;01/09/2025 04:00:00;URB;142;16,97;86,70
1019;01/09/2025 04:00:00;M30;311;8,62;83,90
1020;01/09/2025 04:00:00;URB;142;21,37;80,30
1021;01/09/2025 04:00:00;M30;392;16,99;84,60
1022;01/09/2025 04:00:00;URB;154;20,11;-1,00
1023;01/09/2025 04:00:00;URB;142;23,36;78,80
1024;01/09/2025 04:00:00;URB;140;19,77;84,30
1025;01/09/2025 04:00:00;M30;340;12,01;89,10
1026;01/09/2025 04:00:00;URB;132;17,56;83,60
1027;01/09/2025 04:00:00;M30;343;13,18;86,10
1028;01/09/2025 04:00:00;URB;121;16,15;86,60
1029;01/09/2025 04:00:00;URB;117;17,21;-1,00
1030;01/09/2025 04:00:00;URB;135;19,90;84,30
1001;01/09/2025 05:00:00;M30;447;20,31;85,00
1002;01/09/2025 05:00:00;URB;163;17,84;84,00
1003;01/09/2025 05:00:00;M30;460;17,40;85,10
1004;01/09/2025 05:00:00;M30;432;18,60;-1,00
1005;01/09/2025 05:00:00;M30;473;19,14;92,80
1006;01/09/2025 05:00:00;M30;392;20,34;81,90
1007;01/09/2025 05:00:00;M30;463;23,26;86,40
1008;01/09/2025 05:00:00;URB;171;22,80;81,40
1009;01/09/2025 05:00:00;M30;435;18,77;85,50
1010;01/09/2025 05:00:00;URB;165;26,22;81,50
1011;01/09/2025 05:00:00;URB;152;19,76;79,60
1012;01/09/2025 05:00:00;M30;515;24,06;-1,00
1013;01/09/2025 05:00:00;URB;164;18,19;90,30
1014;01/09/2025 05:00:00;URB;166;21,12;79,40
1015;01/09/2025 05:00:00;M30;411;14,98;84,60
1016;01/09/2025 05:00:00;URB;155;14,53;79,00
1017;01/09/2025 05:00:00;URB;147;15,26;82,20
1018;01/09/2025 05:00:00;URB;195;33,14;76,90
1019;01/09/2025 05:00:00;M30;452;14,43;82,80
1020;01/09/2025 05:00:00;URB;171;18,79;85,50
1021;01/09/2025 05:00:00;M30;425;16,43;90,00
1022;01/09/2025 05:00:00;URB;169;25,06;81,70
1023;01/09/2025 05:00:00;URB;167;26,11;73,50
1024;01/09/2025 05:00:00;URB;137;16,20;81,50
1025;01/09/2025 05:00:00;M30;400;18,40;90,60
1026;01/09/2025 05:00:00;URB;156;18,16;81,30
1027;01/09/2025 05:00:00;M30;362;18,19;74,20
1028;01/09/2025 05:00:00;URB;160;22,87;86,90
1029;01/09/2025 05:00:00;URB;134;16,46;88,70
1030;01/09/2025 05:00:00;URB;172;28,40;72,00
1001;01/09/2025 06:00:00;M30;542;27,06;78,50
1002;01/09/2025 06:00:00;URB;229;24,86;80,70
1003;01/09/2025 06:00:00;M30;517;16,42;85,40
1004;01/09/2025 06:00:00;M30;666;38,88;69,80
1005;01/09/2025 06:00:00;M30;596;28,51;84,90
1006;01/09/2025 06:00:00;M30;640;27,84;71,70
1007;01/09/2025 06:00:00;M30;610;38,70;71,60
1008;01/09/2025 06:00:00;URB;232;24,24;84,80
1009;01/09/2025 06:00:00;M30;609;30,92;76,30
1010;01/09/2025 06:00:00;URB;166;27,66;87,60
1011;01/09/2025 06:00:00;URB;201;26,92;70,90
1012;01/09/2025 06:00:00;M30;506;21,16;87,60
1013;01/09/2025 06:00:00;URB;235;29,96;77,10
1014;01/09/2025 06:00:00;URB;205;26,05;84,50
1015;01/09/2025 06:00:00;M30;592;35,85;67,20
1016;01/09/2025 06:00:00;URB;194;24,59;84,10
1017;01/09/2025 06:00:00;URB;206;24,83;80,50
1018;01/09/2025 06:00:00;URB;192;26,18;84,50
1019;01/09/2025 06:00:00;M30;649;27,72;79,80
1020;01/09/2025 06:00:00;URB;200;29,60;-1,00
1021;01/09/2025 06:00:00;M30;587;23,12;76,10
1022;01/09/2025 06:00:00;URB;195;20,50;86,40
1023;01/09/2025 06:00:00;URB;230;24,68;81,50
1024;01/09/2025 06:00:00;URB;237;34,60;74,10
1025;01/09/2025 06:00:00;M30;487;21,81;81,30
1026;01/09/2025 06:00:00;URB;244;25,96;80,10
1027;01/09/2025 06:00:00;M30;599;21,35;82,10
1028;01/09/2025 06:00:00;URB;181;26,10;80,70
1029;01/09/2025 06:00:00;URB;219;19,02;76,10
1030;01/09/2025 06:00:00;URB;219;26,34;82,30
1001;01/09/2025 07:00:00;M30;731;29,25;77,10
1002;01/09/2025 07:00:00;URB;233;23,16;88,20
1003;01/09/2025 07:00:00;M30;679;19,42;87,40
1004;01/09/2025 07:00:00;M30;714;25,04;79,60
1005;01/09/2025 07:00:00;M30;793;29,58;73,60
1006;01/09/2025 07:00:00;M30;733;38,90;69,00
1007;01/09/2025 07:00:00;M30;727;34,20;75,50
1008;01/09/2025 07:00:00;URB;313;34,86;78,90
1009;01/09/2025 07:00:00;M30;718;29,36;78,70
1010;01/09/2025 07:00:00;URB;221;33,43;77,20
1011;01/09/2025 07:00:00;URB;296;41,96;75,50
1012;01/09/2025 07:00:00;M30;811;43,27;73,80
1013;01/09/2025 07:00:00;URB;274;56,57;68,90
1014;01/09/2025 07:00:00;URB;237;28,90;69,00
1015;01/09/2025 07:00:00;M30;734;38,06;77,30
1016;01/09/2025 07:00:00;URB;245;24,55;-1,00
1017;01/09/2025 07:00:00;URB;258;39,69;64,40
1018;01/09/2025 07:00:00;URB;333;56,40;61,90
1019;01/09/2025 07:00:00;M30;727;24,17;85,80
1020;01/09/2025 07:00:00;URB;265;38,10;73,20
1021;01/09/2025 07:00:00;M30;727;39,74;-1,00
1022;01/09/2025 07:00:00;URB;260;38,86;79,40
1023;01/09/2025 07:00:00;URB;265;34,31;71,10
1024;01/09/2025 07:00:00;URB;292;40,42;69,90
1025;01/09/2025 07:00:00;M30;740;38,22;70,60
1026;01/09/2025 07:00:00;URB;266;27,91;80,10
1027;01/09/2025 07:00:00;M30;715;33,80;75,90
1028;01/09/2025 07:00:00;URB;269;32,36;77,00
1029;01/09/2025 07:00:00;URB;297;42,74;66,90
1030;01/09/2025 07:00:00;URB;271;32,56;77,20
1001;01/09/2025 08:00:00;M30;777;36,36;-1,00
1002;01/09/2025 08:00:00;URB;291;28,38;79,50
1003;01/09/2025 08:00:00;M30;904;28,58;76,60
1004;01/09/2025 08:00:00;M30;704;32,79;74,20
1005;01/09/2025 08:00:00;M30;865;32,88;78,70
1006;01/09/2025 08:00:00;M30;932;43,83;70,70
1007;01/09/2025 08:00:00;M30;846;38,54;74,90
1008;01/09/2025 08:00:00;URB;258;28,75;77,30
1009;01/09/2025 08:00:00;M30;925;41,15;74,10
1010;01/09/2025 08:00:00;URB;311;62,01;69,80
1011;01/09/2025 08:00:00;URB;357;30,40;78,50
1012;01/09/2025 08:00:00;M30;790;33,77;78,00
1013;01/09/2025 08:00:00;URB;326;44,95;66,20
1014;01/09/2025 08:00:00;URB;294;46,23;71,80
1015;01/09/2025 08:00:00;M30;839;53,64;-1,00
1016;01/09/2025 08:00:00;URB;300;43,28;64,10
1017;01/09/2025 08:00:00;URB;344;28,53;80,30
1018;01/09/2025 08:00:00;URB;285;38,73;73,20
1019;01/09/2025 08:00:00;M30;1.052;52,36;63,20
1020;01/09/2025 08:00:00;URB;288;37,83;79,70
1021;01/09/2025 08:00:00;M30;833;35,12;-1,00
1022;01/09/2025 08:00:00;URB;279;39,23;75,50
1023;01/09/2025 08:00:00;URB;323;37,16;78,00
1024;01/09/2025 08:00:00;URB;348;52,18;60,00
1025;01/09/2025 08:00:00;M30;1.048;47,59;-1,00
1026;01/09/2025 08:00:00;URB;328;36,32;70,20
1027;01/09/2025 08:00:00;M30;826;39,48;75,80
1028;01/09/2025 08:00:00;URB;348;54,16;66,80
1029;01/09/2025 08:00:00;URB;319;52,58;69,20
1030;01/09/2025 08:00:00;URB;304;48,61;73,30
1001;01/09/2025 09:00:00;M30;1.043;58,87;62,40
1002;01/09/2025 09:00:00;URB;309;38,41;75,70
1003;01/09/2025 09:00:00;M30;911;52,91;60,30
1004;01/09/2025 09:00:00;M30;812;40,12;80,20
1005;01/09/2025 09:00:00;M30;981;47,84;72,00
1006;01/09/2025 09:00:00;M30;795;38,38;73,00
1007;01/09/2025 09:00:00;M30;923;37,46;68,00
1008;01/09/2025 09:00:00;URB;279;39,35;70,50
1009;01/09/2025 09:00:00;M30;877;34,69;80,60
1010;01/09/2025 09:00:00;URB;317;25,76;81,40
1011;01/09/2025 09:00:00;URB;373;47,40;70,50
1012;01/09/2025 09:00:00;M30;867;42,69;68,40
1013;01/09/2025 09:00:00;URB;263;45,78;-1,00
1014;01/09/2025 09:00:00;URB;287;36,40;74,40
1015;01/09/2025 09:00:00;M30;871;40,90;75,80
1016;01/09/2025 09:00:00;URB;335;29,98;79,50
1017;01/09/2025 09:00:00;URB;305;40,48;76,00
1018;01/09/2025 09:00:00;URB;275;28,74;86,10
1019;01/09/2025 09:00:00;M30;983;27,55;82,50
1020;01/09/2025 09:00:00;URB;308;35,37;81,60
1021;01/09/2025 09:00:00;M30;901;41,88;70,40
1022;01/09/2025 09:00:00;URB;362;39,06;75,70
1023;01/09/2025 09:00:00;URB;363;38,76;75,50
1024;01/09/2025 09:00:00;URB;258;40,50;81,50
1025;01/09/2025 09:00:00;M30;986;66,92;57,70
1026;01/09/2025 09:00:00;URB;262;29,02;77,10
1027;01/09/2025 09:00:00;M30;698;30,78;84,80
1028;01/09/2025 09:00:00;URB;327;43,81;73,30
1029;01/09/2025 09:00:00;URB;291;34,34;78,20
1030;01/09/2025 09:00:00;URB;346;47,15;62,00
1001;01/09/2025 10:00:00;M30;706;37,17;74,00
1002;01/09/2025 10:00:00;URB;330;55,14;63,80
1003;01/09/2025 10:00:00;M30;917;42,94;66,00
1004;01/09/2025 10:00:00;M30;619;24,33;81,70
1005;01/09/2025 10:00:00;M30;829;21,10;82,60
1006;01/09/2025 10:00:00;M30;738;29,94;79,10
1007;01/09/2025 10:00:00;M30;665;32,09;79,90
1008;01/09/2025 10:00:00;URB;292;38,44;76,40
1009;01/09/2025 10:00:00;M30;682;24,63;80,70
1010;01/09/2025 10:00:00;URB;267;19,27;76,80
1011;01/09/2025 10:00:00;URB;274;36,34;76,60
1012;01/09/2025 10:00:00;M30;694;41,53;-1,00
1013;01/09/2025 10:00:00;URB;263;38,91;69,70
1014;01/09/2025 10:00:00;URB;253;40,47;77,20
1015;01/09/2025 10:00:00;M30;824;39,38;73,60
1016;01/09/2025 10:00:00;URB;257;39,40;75,30
1017;01/09/2025 10:00:00;URB;254;27,12;-1,00
1018;01/09/2025 10:00:00;URB;215;27,46;-1,00
1019;01/09/2025 10:00:00;M30;884;39,16;66,70
1020;01/09/2025 10:00:00;URB;269;42,51;70,40
1021;01/09/2025 10:00:00;M30;834;33,48;83,30
1022;01/09/2025 10:00:00;URB;230;22,06;88,70
1023;01/09/2025 10:00:00;URB;254;20,21;78,90
1024;01/09/2025 10:00:00;URB;272;31,79;79,60
1025;01/09/2025 10:00:00;M30;651;23,56;84,10
1026;01/09/2025 10:00:00;URB;298;42,38;73,90
1027;01/09/2025 10:00:00;M30;730;25,78;83,60
1028;01/09/2025 10:00:00;URB;238;25,64;79,50
1029;01/09/2025 10:00:00;URB;297;32,99;75,30
1030;01/09/2025 10:00:00;URB;274;33,59;75,10
1001;01/09/2025 11:00:00;M30;560;22,33;-1,00
1002;01/09/2025 11:00:00;URB;231;24,51;79,20
1003;01/09/2025 11:00:00;M30;599;24,54;88,00
1004;01/09/2025 11:00:00;M30;577;26,04;78,40
1005;01/09/2025 11:00:00;M30;617;34,31;76,80
1006;01/09/2025 11:00:00;M30;600;33,79;73,40
1007;01/09/2025 11:00:00;M30;532;23,18;82,00
1008;01/09/2025 11:00:00;URB;187;21,82;81,90
1009;01/09/2025 11:00:00;M30;602;20,50;-1,00
1010;01/09/2025 11:00:00;URB;221;19,46;93,00
1011;01/09/2025 11:00:00;URB;197;17,63;91,40
1012;01/09/2025 11:00:00;M30;529;28,54;78,70
1013;01/09/2025 11:00:00;URB;227;26,26;83,80
1014;01/09/2025 11:00:00;URB;222;32,29;78,90
1015;01/09/2025 11:00:00;M30;622;29,40;84,00
1016;01/09/2025 11:00:00;URB;201;24,97;78,80
1017;01/09/2025 11:00:00;URB;186;26,00;77,90
1018;01/09/2025 11:00:00;URB;173;21,83;87,00
1019;01/09/2025 11:00:00;M30;588;25,58;-1,00
1020;01/09/2025 11:00:00;URB;210;21,40;82,40
1021;01/09/2025 11:00:00;M30;589;20,02;86,70
1022;01/09/2025 11:00:00;URB;222;31,18;74,00
1023;01/09/2025 11:00:00;URB;190;26,27;82,90
1024;01/09/2025 11:00:00;URB;220;31,68;78,00
1025;01/09/2025 11:00:00;M30;595;20,93;88,00
1026;01/09/2025 11:00:00;URB;202;23,82;83,70
1027;01/09/2025 11:00:00;M30;640;20,70;85,90
1028;01/09/2025 11:00:00;URB;236;31,57;86,20
1029;01/09/2025 11:00:00;URB;231;28,82;76,10
1030;01/09/2025 11:00:00;URB;203;26,79;77,10
1001;01/09/2025 12:00:00;M30;418;16,37;-1,00
1002;01/09/2025 12:00:00;URB;152;23,21;82,20
1003;01/09/2025 12:00:00;M30;430;19,09;78,40
1004;01/09/2025 12:00:00;M30;437;19,78;79,20
1005;01/09/2025 12:00:00;M30;372;18,53;86,20
1006;01/09/2025 12:00:00;M30;444;22,45;86,10
1007;01/09/2025 12:00:00;M30;410;15,56;85,10
1008;01/09/2025 12:00:00;URB;152;27,68;73,10
1009;01/09/2025 12:00:00;M30;455;16,65;-1,00
1010;01/09/2025 12:00:00;URB;177;19,45;88,60
1011;01/09/2025 12:00:00;URB;157;23,97;88,30
1012;01/09/2025 12:00:00;M30;453;26,87;89,40
1013;01/09/2025 12:00:00;URB;160;26,24;79,20
1014;01/09/2025 12:00:00;URB;133;17,88;94,00
1015;01/09/2025 12:00:00;M30;460;24,28;80,20
1016;01/09/2025 12:00:00;URB;175;17,54;80,40
1017;01/09/2025 12:00:00;URB;167;21,96;83,40
1018;01/09/2025 12:00:00;URB;177;31,04;73,90
1019;01/09/2025 12:00:00;M30;428;19,16;87,10
1020;01/09/2025 12:00:00;URB;183;17,07;88,50
1021;01/09/2025 12:00:00;M30;512;20,78;87,60
1022;01/09/2025 12:00:00;URB;159;24,99;82,90
1023;01/09/2025 12:00:00;URB;163;18,21;-1,00
1024;01/09/2025 12:00:00;URB;142;17,62;84,90
1025;01/09/2025 12:00:00;M30;463;23,77;74,00
1026;01/09/2025 12:00:00;URB;159;22,60;86,10
1027;01/09/2025 12:00:00;M30;518;22,40;86,40
1028;01/09/2025 12:00:00;URB;137;13,35;87,50
1029;01/09/2025 12:00:00;URB;165;24,71;75,70
1030;01/09/2025 12:00:00;URB;169;22,00;81,30
1001;01/09/2025 13:00:00;M30;345;19,97;83,90
1002;01/09/2025 13:00:00;URB;144;17,74;90,10
1003;01/09/2025 13:00:00;M30;343;18,87;95,30
1004;01/09/2025 13:00:00;M30;345;16,11;92,10
1005;01/09/2025 13:00:00;M30;374;15,01;81,60
1006;01/09/2025 13:00:00;M30;396;14,97;-1,00
1007;01/09/2025 13:00:00;M30;386;23,49;83,60
1008;01/09/2025 13:00:00;URB;155;13,36;88,40
1009;01/09/2025 13:00:00;M30;356;19,59;87,60
1010;01/09/2025 13:00:00;URB;131;13,62;89,90
1011;01/09/2025 13:00:00;URB;117;12,40;87,20
1012;01/09/2025 13:00:00;M30;345;20,05;80,90
1013;01/09/2025 13:00:00;URB;134;20,19;88,10
1014;01/09/2025 13:00:00;URB;132;18,68;82,40
1015;01/09/2025 13:00:00;M30;357;14,68;78,90
1016;01/09/2025 13:00:00;URB;131;14,76;93,30
1017;01/09/2025 13:00:00;URB;138;13,86;89,00
1018;01/09/2025 13:00:00;URB;126;12,58;89,90
1019;01/09/2025 13:00:00;M30;436;19,69;87,00
1020;01/09/2025 13:00:00;URB;137;18,46;89,20
1021;01/09/2025 13:00:00;M30;347;18,11;91,70
1022;01/09/2025 13:00:00;URB;136;18,47;87,80
1023;01/09/2025 13:00:00;URB;138;17,22;80,30
1024;01/09/2025 13:00:00;URB;125;16,39;79,70
1025;01/09/2025 13:00:00;M30;352;12,87;79,50
1026;01/09/2025 13:00:00;URB;133;18,59;85,30
1027;01/09/2025 13:00:00;M30;359;18,31;85,40
1028;01/09/2025 13:00:00;URB;151;21,36;81,70
1029;01/09/2025 13:00:00;URB;132;20,45;81,50
1030;01/09/2025 13:00:00;URB;147;20,12;88,50
1001;01/09/2025 14:00:00;M30;410;15,19;86,10
1002;01/09/2025 14:00:00;URB;142;17,58;81,20
1003;01/09/2025 14:00:00;M30;417;15,90;82,90
1004;01/09/2025 14:00:00;M30;420;20,35;80,70
1005;01/09/2025 14:00:00;M30;399;15,15;87,20
1006;01/09/2025 14:00:00;M30;341;12,76;90,10
1007;01/09/2025 14:00:00;M30;336;17,73;81,30
1008;01/09/2025 14:00:00;URB;113;19,05;86,70
1009;01/09/2025 14:00:00;M30;383;15,40;85,50
1010;01/09/2025 14:00:00;URB;138;18,76;85,60
1011;01/09/2025 14:00:00;URB;131;19,46;80,10
1012;01/09/2025 14:00:00;M30;411;15,36;84,20
1013;01/09/2025 14:00:00;URB;152;19,75;84,50
1014;01/09/2025 14:00:00;URB;132;14,19;92,30
1015;01/09/2025 14:00:00;M30;427;26,94;-1,00
1016;01/09/2025 14:00:00;URB;141;11,19;89,70
1017;01/09/2025 14:00:00;URB;109;13,97;93,40
1018;01/09/2025 14:00:00;URB;141;16,91;79,30
1019;01/09/2025 14:00:00;M30;411;17,31;94,10
1020;01/09/2025 14:00:00;URB;131;15,47;88,40
1021;01/09/2025 14:00:00;M30;379;20,30;89,20
1022;01/09/2025 14:00:00;URB;120;18,48;85,30
1023;01/09/2025 14:00:00;URB;117;15,36;82,10
1024;01/09/2025 14:00:00;URB;158;22,24;82,60
1025;01/09/2025 14:00:00;M30;372;19,89;77,70
1026;01/09/2025 14:00:00;URB;145;16,95;79,60
1027;01/09/2025 14:00:00;M30;380;17,64;-1,00
1028;01/09/2025 14:00:00;URB;130;20,57;-1,00
1029;01/09/2025 14:00:00;URB;163;17,53;88,60
1030;01/09/2025 14:00:00;URB;118;17,61;-1,00
1001;01/09/2025 15:00:00;M30;373;16,08;88,60
1002;01/09/2025 15:00:00;URB;173;29,21;79,30
1003;01/09/2025 15:00:00;M30;496;24,56;82,80
1004;01/09/2025 15:00:00;M30;527;28,96;-1,00
1005;01/09/2025 15:00:00;M30;433;15,27;86,30
1006;01/09/2025 15:00:00;M30;502;26,18;71,20
1007;01/09/2025 15:00:00;M30;466;21,13;77,40
1008;01/09/2025 15:00:00;URB;183;23,93;80,20
1009;01/09/2025 15:00:00;M30;441;19,10;84,70
1010;01/09/2025 15:00:00;URB;184;19,32;89,90
1011;01/09/2025 15:00:00;URB;176;21,12;85,80
1012;01/09/2025 15:00:00;M30;474;24,38;-1,00
1013;01/09/2025 15:00:00;URB;191;19,55;85,70
1014;01/09/2025 15:00:00;URB;174;21,28;78,40
1015;01/09/2025 15:00:00;M30;436;20,14;80,50
1016;01/09/2025 15:00:00;URB;131;16,95;92,30
1017;01/09/2025 15:00:00;URB;155;29,36;76,60
1018;01/09/2025 15:00:00;URB;163;20,55;78,00
1019;01/09/2025 15:00:00;M30;459;26,33;86,30
1020;01/09/2025 15:00:00;URB;165;22,72;82,90
1021;01/09/2025 15:00:00;M30;519;21,75;80,30
1022;01/09/2025 15:00:00;URB;152;19,19;84,50
1023;01/09/2025 15:00:00;URB;162;16,91;86,90
1024;01/09/2025 15:00:00;URB;171;17,04;80,70
1025;01/09/2025 15:00:00;M30;439;18,94;82,80
1026;01/09/2025 15:00:00;URB;171;16,68;86,30
1027;01/09/2025 15:00:00;M30;538;18,88;-1,00
1028;01/09/2025 15:00:00;URB;194;26,38;79,60
1029;01/09/2025 15:00:00;URB;195;17,30;84,30
1030;01/09/2025 15:00:00;URB;153;19,37;85,50
1001;01/09/2025 16:00:00;M30;617;22,10;81,80
1002;01/09/2025 16:00:00;URB;207;29,03;77,00
1003;01/09/2025 16:00:00;M30;572;25,84;84,50
1004;01/09/2025 16:00:00;M30;635;25,37;75,80
1005;01/09/2025 16:00:00;M30;658;31,09;79,30
1006;01/09/2025 16:00:00;M30;560;26,67;78,70
1007;01/09/2025 16:00:00;M30;617;32,22;76,50
1008;01/09/2025 16:00:00;URB;202;26,99;-1,00
1009;01/09/2025 16:00:00;M30;581;30,64;-1,00
1010;01/09/2025 16:00:00;URB;250;23,79;80,40
1011;01/09/2025 16:00:00;URB;235;27,75;87,20
1012;01/09/2025 16:00:00;M30;681;37,25;71,00
1013;01/09/2025 16:00:00;URB;187;28,18;79,70
1014;01/09/2025 16:00:00;URB;249;34,08;75,90
1015;01/09/2025 16:00:00;M30;532;15,19;79,60
1016;01/09/2025 16:00:00;URB;210;24,01;78,20
1017;01/09/2025 16:00:00;URB;200;17,68;79,10
1018;01/09/2025 16:00:00;URB;189;26,98;81,40
1019;01/09/2025 16:00:00;M30;595;27,27;-1,00
1020;01/09/2025 16:00:00;URB;191;32,93;78,40
1021;01/09/2025 16:00:00;M30;632;29,34;76,80
1022;01/09/2025 16:00:00;URB;229;29,60;80,10
1023;01/09/2025 16:00:00;URB;183;19,85;79,00
1024;01/09/2025 16:00:00;URB;207;27,09;83,90
1025;01/09/2025 16:00:00;M30;564;21,85;85,20
1026;01/09/2025 16:00:00;URB;223;34,43;78,30
1027;01/09/2025 16:00:00;M30;635;28,44;81,60
1028;01/09/2025 16:00:00;URB;192;26,69;80,20
1029;01/09/2025 16:00:00;URB;216;26,95;81,60
1030;01/09/2025 16:00:00;URB;182;25,45;80,90
1001;01/09/2025 17:00:00;M30;788;23,91;79,80
1002;01/09/2025 17:00:00;URB;336;32,07;80,20
1003;01/09/2025 17:00:00;M30;921;47,72;-1,00
1004;01/09/2025 17:00:00;M30;714;35,02;68,90
1005;01/09/2025 17:00:00;M30;747;43,34;77,60
1006;01/09/2025 17:00:00;M30;927;48,59;-1,00
1007;01/09/2025 17:00:00;M30;771;34,20;72,10
1008;01/09/2025 17:00:00;URB;329;45,80;65,90
1009;01/09/2025 17:00:00;M30;799;35,33;75,00
1010;01/09/2025 17:00:00;URB;254;25,46;87,00
1011;01/09/2025 17:00:00;URB;280;42,75;72,90
1012;01/09/2025 17:00:00;M30;887;51,18;62,10
1013;01/09/2025 17:00:00;URB;315;41,37;69,70
1014;01/09/2025 17:00:00;URB;319;50,77;60,90
1015;01/09/2025 17:00:00;M30;721;34,56;75,80
1016;01/09/2025 17:00:00;URB;275;39,78;69,90
1017;01/09/2025 17:00:00;URB;280;39,75;78,10
1018;01/09/2025 17:00:00;URB;322;39,56;75,30
1019;01/09/2025 17:00:00;M30;794;35,22;69,10
1020;01/09/2025 17:00:00;URB;275;30,84;77,70
1021;01/09/2025 17:00:00;M30;757;37,47;-1,00
1022;01/09/2025 17:00:00;URB;221;22,49;79,80
1023;01/09/2025 17:00:00;URB;307;39,94;-1,00
1024;01/09/2025 17:00:00;URB;288;41,03;74,40
1025;01/09/2025 17:00:00;M30;795;54,17;67,70
1026;01/09/2025 17:00:00;URB;269;31,42;76,00
1027;01/09/2025 17:00:00;M30;796;36,01;72,20
1028;01/09/2025 17:00:00;URB;273;41,38;74,90
1029;01/09/2025 17:00:00;URB;263;30,25;-1,00
1030;01/09/2025 17:00:00;URB;267;38,72;75,40
1001;01/09/2025 18:00:00;M30;819;25,75;80,20
1002;01/09/2025 18:00:00;URB;293;29,18;80,00
1003;01/09/2025 18:00:00;M30;793;43,82;75,10
1004;01/09/2025 18:00:00;M30;998;36,89;78,90
1005;01/09/2025 18:00:00;M30;825;33,54;76,40
1006;01/09/2025 18:00:00;M30;836;43,47;-1,00
1007;01/09/2025 18:00:00;M30;1.115;63,39;-1,00
1008;01/09/2025 18:00:00;URB;359;48,39;-1,00
1009;01/09/2025 18:00:00;M30;989;45,98;67,20
1010;01/09/2025 18:00:00;URB;368;34,82;75,00
1011;01/09/2025 18:00:00;URB;339;31,04;72,00
1012;01/09/2025 18:00:00;M30;1.151;58,72;65,00
1013;01/09/2025 18:00:00;URB;327;49,75;73,10
1014;01/09/2025 18:00:00;URB;327;38,64;67,90
1015;01/09/2025 18:00:00;M30;1.108;34,99;-1,00
1016;01/09/2025 18:00:00;URB;387;47,55;76,90
1017;01/09/2025 18:00:00;URB;373;37,66;77,60
1018;01/09/2025 18:00:00;URB;299;42,10;76,10
1019;01/09/2025 18:00:00;M30;1.030;39,76;66,40
1020;01/09/2025 18:00:00;URB;409;55,95;72,80
1021;01/09/2025 18:00:00;M30;866;27,81;82,80
1022;01/09/2025 18:00:00;URB;304;35,94;72,20
1023;01/09/2025 18:00:00;URB;364;60,69;68,70
1024;01/09/2025 18:00:00;URB;349;45,15;72,40
1025;01/09/2025 18:00:00;M30;974;52,24;63,30
1026;01/09/2025 18:00:00;URB;290;43,98;66,00
1027;01/09/2025 18:00:00;M30;1.190;66,77;53,30
1028;01/09/2025 18:00:00;URB;426;51,87;62,50
1029;01/09/2025 18:00:00;URB;370;69,12;58,30
1030;01/09/2025 18:00:00;URB;313;54,06;61,10
1001;01/09/2025 19:00:00;M30;958;44,07;-1,00
1002;01/09/2025 19:00:00;URB;361;42,21;68,10
1003;01/09/2025 19:00:00;M30;1.086;49,14;69,70
1004;01/09/2025 19:00:00;M30;961;56,06;64,90
1005;01/09/2025 19:00:00;M30;1.105;68,40;-1,00
1006;01/09/2025 19:00:00;M30;1.161;33,70;72,70
1007;01/09/2025 19:00:00;M30;1.208;63,72;68,30
1008;01/09/2025 19:00:00;URB;425;39,15;74,10
1009;01/09/2025 19:00:00;M30;1.101;43,34;75,30
1010;01/09/2025 19:00:00;URB;371;31,60;-1,00
1011;01/09/2025 19:00:00;URB;378;44,87;66,50
1012;01/09/2025 19:00:00;M30;1.090;48,41;-1,00
1013;01/09/2025 19:00:00;URB;345;33,93;-1,00
1014;01/09/2025 19:00:00;URB;358;56,88;63,00
1015;01/09/2025 19:00:00;M30;1.135;46,67;70,10
1016;01/09/2025 19:00:00;URB;383;47,38;70,20
1017;01/09/2025 19:00:00;URB;322;35,11;-1,00
1018;01/09/2025 19:00:00;URB;411;46,40;73,10
1019;01/09/2025 19:00:00;M30;1.090;52,26;67,00
1020;01/09/2025 19:00:00;URB;382;52,30;65,00
1021;01/09/2025 19:00:00;M30;1.178;42,34;-1,00
1022;01/09/2025 19:00:00;URB;418;57,76;69,80
1023;01/09/2025 19:00:00;URB;308;48,05;71,30
1024;01/09/2025 19:00:00;URB;361;54,41;70,20
1025;01/09/2025 19:00:00;M30;1.079;51,74;72,50
1026;01/09/2025 19:00:00;URB;399;58,78;66,20
1026;01/09/2025 19:00:00;URB;399;58,78;66,20
1027;01/09/2025 19:00:00;M30;1.110;48,46;64,30
1028;01/09/2025 19:00:00;URB;325;51,67;69,30
1029;01/09/2025 19:00:00;URB;413;66,52;54,90
1030;01/09/2025 19:00:00;URB;343;49,37;64,40
1001;01/09/2025 20:00:00;M30;1.001;41,74;70,50
1002;01/09/2025 20:00:00;URB;383;43,45;71,30
1003;01/09/2025 20:00:00;M30;931;53,26;64,60
1004;01/09/2025 20:00:00;M30;936;44,59;70,50
1005;01/09/2025 20:00:00;M30;1.041;47,30;65,00
1006;01/09/2025 20:00:00;M30;951;54,49;71,40
1007;01/09/2025 20:00:00;M30;1.097;58,12;60,10
1008;01/09/2025 20:00:00;URB;272;31,23;73,10
1009;01/09/2025 20:00:00;M30;829;36,02;74,90
1010;01/09/2025 20:00:00;URB;337;44,08;77,50
1011;01/09/2025 20:00:00;URB;367;43,92;75,90
1012;01/09/2025 20:00:00;M30;867;23,03;79,20
1013;01/09/2025 20:00:00;URB;323;64,47;55,30
1014;01/09/2025 20:00:00;URB;352;54,24;68,50
1015;01/09/2025 20:00:00;M30;1.040;48,23;-1,00
1016;01/09/2025 20:00:00;URB;365;42,75;64,50
1017;01/09/2025 20:00:00;URB;348;38,70;70,80
1018;01/09/2025 20:00:00;URB;278;39,54;69,80
1019;01/09/2025 20:00:00;M30;940;31,85;80,60
1020;01/09/2025 20:00:00;URB;391;64,08;62,50
1021;01/09/2025 20:00:00;M30;1.005;54,62;65,20
1022;01/09/2025 20:00:00;URB;380;28,72;77,40
1023;01/09/2025 20:00:00;URB;332;52,44;64,90
1024;01/09/2025 20:00:00;URB;349;41,88;-1,00
1025;01/09/2025 20:00:00;M30;854;49,55;68,40
1026;01/09/2025 20:00:00;URB;338;49,76;67,70
1027;01/09/2025 20:00:00;M30;978;53,07;68,30
1028;01/09/2025 20:00:00;URB;314;44,35;-1,00
1029;01/09/2025 20:00:00;URB;337;34,61;70,50
1030;01/09/2025 20:00:00;URB;371;47,24;67,90
1001;01/09/2025 21:00:00;M30;843;40,99;72,40
1002;01/09/2025 21:00:00;URB;273;44,51;-1,00
1003;01/09/2025 21:00:00;M30;783;37,77;73,70
1004;01/09/2025 21:00:00;M30;853;39,11;77,70
1005;01/09/2025 21:00:00;M30;739;31,29;76,00
1006;01/09/2025 21:00:00;M30;912;46,99;65,40
1007;01/09/2025 21:00:00;M30;841;49,38;64,70
1008;01/09/2025 21:00:00;URB;254;27,63;77,80
1009;01/09/2025 21:00:00;M30;733;38,52;64,70
1010;01/09/2025 21:00:00;URB;249;33,04;-1,00
1011;01/09/2025 21:00:00;URB;278;39,62;-1,00
1012;01/09/2025 21:00:00;M30;739;27,16;80,40
1013;01/09/2025 21:00:00;URB;281;41,05;71,60
1014;01/09/2025 21:00:00;URB;322;47,01;60,40
1015;01/09/2025 21:00:00;M30;892;26,25;86,40
1016;01/09/2025 21:00:00;URB;279;34,68;80,20
1017;01/09/2025 21:00:00;URB;351;47,70;66,90
1018;01/09/2025 21:00:00;URB;319;32,21;77,70
1019;01/09/2025 21:00:00;M30;630;33,84;81,50
1020;01/09/2025 21:00:00;URB;317;50,31;74,20
1021;01/09/2025 21:00:00;M30;908;38,28;73,30
1022;01/09/2025 21:00:00;URB;260;45,18;69,80
1023;01/09/2025 21:00:00;URB;233;22,30;84,40
1024;01/09/2025 21:00:00;URB;297;33,30;-1,00
1025;01/09/2025 21:00:00;M30;819;38,36;76,00
1026;01/09/2025 21:00:00;URB;283;29,81;75,70
1027;01/09/2025 21:00:00;M30;840;34,06;74,90
1028;01/09/2025 21:00:00;URB;281;41,28;70,70
1029;01/09/2025 21:00:00;URB;289;33,04;-1,00
1030;01/09/2025 21:00:00;URB;260;43,70;67,40
1001;01/09/2025 22:00:00;M30;747;41,31;68,40
1002;01/09/2025 22:00:00;URB;217;21,08;81,40
1003;01/09/2025 22:00:00;M30;714;31,67;76,80
1004;01/09/2025 22:00:00;M30;488;23,21;86,40
1005;01/09/2025 22:00:00;M30;585;18,74;82,50
1006;01/09/2025 22:00:00;M30;591;25,12;80,70
1007;01/09/2025 22:00:00;M30;607;17,21;86,50
1008;01/09/2025 22:00:00;URB;223;26,56;82,40
1009;01/09/2025 22:00:00;M30;593;28,18;74,20
1010;01/09/2025 22:00:00;URB;238;36,29;82,10
1011;01/09/2025 22:00:00;URB;219;18,46;93,00
1012;01/09/2025 22:00:00;M30;615;31,98;72,40
1013;01/09/2025 22:00:00;URB;212;26,16;79,10
1014;01/09/2025 22:00:00;URB;231;29,28;76,10
1015;01/09/2025 22:00:00;M30;589;26,50;81,30
1016;01/09/2025 22:00:00;URB;176;12,94;85,20
1017;01/09/2025 22:00:00;URB;183;19,22;-1,00
1018;01/09/2025 22:00:00;URB;194;31,54;79,90
1019;01/09/2025 22:00:00;M30;534;25,05;80,20
1020;01/09/2025 22:00:00;URB;195;26,13;73,30
1021;01/09/2025 22:00:00;M30;546;27,17;76,90
1022;01/09/2025 22:00:00;URB;208;24,27;79,90
1023;01/09/2025 22:00:00;URB;221;28,43;89,40
1024;01/09/2025 22:00:00;URB;179;23,70;80,00
1025;01/09/2025 22:00:00;M30;626;25,92;79,50
1026;01/09/2025 22:00:00;URB;224;34,82;75,30
1027;01/09/2025 22:00:00;M30;644;31,47;81,00
1028;01/09/2025 22:00:00;URB;203;26,59;80,70
1029;01/09/2025 22:00:00;URB;248;29,70;-1,00
1030;01/09/2025 22:00:00;URB;186;25,35;74,20
1001;01/09/2025 23:00:00;M30;493;24,82;-1,00
1002;01/09/2025 23:00:00;URB;165;22,36;84,60
1003;01/09/2025 23:00:00;M30;466;20,22;-1,00
1004;01/09/2025 23:00:00;M30;485;25,16;-1,00
1005;01/09/2025 23:00:00;M30;502;27,23;-1,00
1006;01/09/2025 23:00:00;M30;430;19,95;77,00
1007;01/09/2025 23:00:00;M30;427;23,76;78,40
1008;01/09/2025 23:00:00;URB;161;21,67;81,90
1009;01/09/2025 23:00:00;M30;375;15,03;85,70
1010;01/09/2025 23:00:00;URB;169;22,91;85,10
1011;01/09/2025 23:00:00;URB;180;22,76;74,30
1012;01/09/2025 23:00:00;M30;555;25,66;82,60
1013;01/09/2025 23:00:00;URB;176;23,07;73,90
1014;01/09/2025 23:00:00;URB;157;22,56;84,80
1015;01/09/2025 23:00:00;M30;440;26,01;78,70
1016;01/09/2025 23:00:00;URB;151;25,88;77,20
1017;01/09/2025 23:00:00;URB;155;19,78;89,90
1018;01/09/2025 23:00:00;URB;159;18,52;85,50
1019;01/09/2025 23:00:00;M30;378;13,89;77,30
1020;01/09/2025 23:00:00;URB;160;16,01;86,40
1021;01/09/2025 23:00:00;M30;513;18,66;86,10
1022;01/09/2025 23:00:00;URB;158;18,02;82,70
1023;01/09/2025 23:00:00;URB;178;30,40;82,20
1024;01/09/2025 23:00:00;URB;191;33,53;73,60
1025;01/09/2025 23:00:00;M30;446;22,62;78,70
1026;01/09/2025 23:00:00;URB;167;23,07;84,40
1027;01/09/2025 23:00:00;M30;398;19,29;86,00
1028;01/09/2025 23:00:00;URB;150;17,02;91,30
1029;01/09/2025 23:00:00;URB;155;19,13;89,50
1030;01/09/2025 23:00:00;URB;173;16,97;90,20
1001;02/09/2025 00:00:00;M30;293;13,93;85,70
1002;02/09/2025 00:00:00;URB;109;15,48;83,50
1003;02/09/2025 00:00:00;M30;341;16,98;-1,00
1004;02/09/2025 00:00:00;M30;342;16,51;81,50
1005;02/09/2025 00:00:00;M30;242;14,09;77,80
1006;02/09/2025 00:00:00;M30;306;15,99;89,00
1007;02/09/2025 00:00:00;M30;321;14,14;83,70
1008;02/09/2025 00:00:00;URB;126;16,88;86,00
1009;02/09/2025 00:00:00;M30;303;15,63;91,20
1010;02/09/2025 00:00:00;URB;113;18,49;86,10
1011;02/09/2025 00:00:00;URB;124;12,02;91,00
1012;02/09/2025 00:00:00;M30;362;12,32;85,90
1013;02/09/2025 00:00:00;URB;117;14,45;90,30
1014;02/09/2025 00:00:00;URB;119;19,93;78,50
1015;02/09/2025 00:00:00;M30;349;14,00;-1,00
1016;02/09/2025 00:00:00;URB;120;13,44;84,50
1017;02/09/2025 00:00:00;URB;118;17,36;84,70
1018;02/09/2025 00:00:00;URB;127;20,88;82,00
1019;02/09/2025 00:00:00;M30;344;14,77;87,00
1020;02/09/2025 00:00:00;URB;109;12,20;96,50
1021;02/09/2025 00:00:00;M30;298;15,45;87,80
1022;02/09/2025 00:00:00;URB;95;13,59;-1,00
1023;02/09/2025 00:00:00;URB;105;10,79;83,60
1024;02/09/2025 00:00:00;URB;117;17,25;91,60
1025;02/09/2025 00:00:00;M30;319;15,77;81,40
1026;02/09/2025 00:00:00;URB;109;15,65;84,00
1027;02/09/2025 00:00:00;M30;367;14,80;89,80
1028;02/09/2025 00:00:00;URB;113;14,98;85,90
1029;02/09/2025 00:00:00;URB;103;14,11;-1,00
1030;02/09/2025 00:00:00;URB;112;14,43;86,00
1001;02/09/2025 01:00:00;M30;240;12,63;86,90
1002;02/09/2025 01:00:00;URB;116;16,32;86,10
1003;02/09/2025 01:00:00;M30;266;15,26;90,00
1004;02/09/2025 01:00:00;M30;307;13,11;87,10
1005;02/09/2025 01:00:00;M30;345;18,34;82,50
1006;02/09/2025 01:00:00;M30;327;15,39;80,30
1007;02/09/2025 01:00:00;M30;301;19,29;80,40
1008;02/09/2025 01:00:00;URB;120;11,91;85,00
1009;02/09/2025 01:00:00;M30;287;10,24;92,10
1010;02/09/2025 01:00:00;URB;115;11,65;90,60
1011;02/09/2025 01:00:00;URB;112;17,13;-1,00
1012;02/09/2025 01:00:00;M30;265;15,54;84,40
1013;02/09/2025 01:00:00;URB;100;12,37;90,60
1014;02/09/2025 01:00:00;URB;131;16,46;-1,00
1015;02/09/2025 01:00:00;M30;266;15,08;80,30
1016;02/09/2025 01:00:00;URB;134;17,15;86,80
1017;02/09/2025 01:00:00;URB;110;15,72;85,40
1018;02/09/2025 01:00:00;URB;102;15,52;86,80
1019;02/09/2025 01:00:00;M30;319;14,70;88,10
1020;02/09/2025 01:00:00;URB;83;10,05;87,20
1021;02/09/2025 01:00:00;M30;389;23,52;86,60
1022;02/09/2025 01:00:00;URB;108;13,70;89,30
1023;02/09/2025 01:00:00;URB;108;11,90;89,80
1024;02/09/2025 01:00:00;URB;111;17,94;80,50
1025;02/09/2025 01:00:00;M30;291;12,90;81,70
1026;02/09/2025 01:00:00;URB;122;19,94;75,90
1027;02/09/2025 01:00:00;M30;319;17,29;-1,00
1028;02/09/2025 01:00:00;URB;113;8,72;86,80
1029;02/09/2025 01:00:00;URB;110;15,68;82,30
1030;02/09/2025 01:00:00;URB;105;9,75;90,80
1001;02/09/2025 02:00:00;M30;302;14,58;81,30
1002;02/09/2025 02:00:00;URB;91;10,77;95,60
1003;02/09/2025 02:00:00;M30;383;25,10;79,30
1004;02/09/2025 02:00:00;M30;323;13,92;79,00
1005;02/09/2025 02:00:00;M30;312;15,93;83,10
1006;02/09/2025 02:00:00;M30;292;16,84;85,20
1007;02/09/2025 02:00:00;M30;276;11,08;91,30
1008;02/09/2025 02:00:00;URB;125;21,49;92,30
1009;02/09/2025 02:00:00;M30;303;16,31;92,60
1010;02/09/2025 02:00:00;URB;93;10,61;85,50
1011;02/09/2025 02:00:00;URB;103;11,59;-1,00
1012;02/09/2025 02:00:00;M30;318;16,25;89,50
1013;02/09/2025 02:00:00;URB;107;15,72;87,60
1014;02/09/2025 02:00:00;URB;106;13,03;85,90
1015;02/09/2025 02:00:00;M30;293;12,63;-1,00
1016;02/09/2025 02:00:00;URB;117;12,31;83,80
1017;02/09/2025 02:00:00;URB;107;15,09;-1,00
1018;02/09/2025 02:00:00;URB;123;16,51;92,70
1019;02/09/2025 02:00:00;M30;338;16,21;83,50
1020;02/09/2025 02:00:00;URB;104;13,48;86,20
1021;02/09/2025 02:00:00;M30;291;9,81;89,40
1022;02/09/2025 02:00:00;URB;130;12,77;-1,00
1023;02/09/2025 02:00:00;URB;119;16,54;85,60
1024;02/09/2025 02:00:00;URB;93;11,62;-1,00
1025;02/09/2025 02:00:00;M30;344;15,90;84,50
1026;02/09/2025 02:00:00;URB;137;22,35;78,00
1027;02/09/2025 02:00:00;M30;295;18,19;85,70
1028;02/09/2025 02:00:00;URB;114;14,00;86,90
1029;02/09/2025 02:00:00;URB;145;18,86;-1,00
1030;02/09/2025 02:00:00;URB;101;12,32;95,30
1001;02/09/2025 03:00:00;M30;333;13,30;84,20
1002;02/09/2025 03:00:00;URB;130;17,23;87,90
1003;02/09/2025 03:00:00;M30;357;21,44;-1,00
1004;02/09/2025 03:00:00;M30;311;14,33;86,90
1005;02/09/2025 03:00:00;M30;330;15,98;88,20
1006;02/09/2025 03:00:00;M30;336;15,11;81,30
1007;02/09/2025 03:00:00;M30;364;16,07;78,50
1008;02/09/2025 03:00:00;URB;100;17,95;81,20
1009;02/09/2025 03:00:00;M30;323;12,73;87,80
1010;02/09/2025 03:00:00;URB;114;13,93;85,70
1011;02/09/2025 03:00:00;URB;115;17,05;-1,00
1012;02/09/2025 03:00:00;M30;325;13,24;91,30
1013;02/09/2025 03:00:00;URB;117;19,52;80,00
1014;02/09/2025 03:00:00;URB;122;16,80;81,40
1015;02/09/2025 03:00:00;M30;335;12,77;88,60
1016;02/09/2025 03:00:00;URB;125;17,56;86,30
1017;02/09/2025 03:00:00;URB;121;10,68;91,60
1018;02/09/2025 03:00:00;URB;111;16,40;86,60
1019;02/09/2025 03:00:00;M30;296;10,70;87,80
1020;02/09/2025 03:00:00;URB;107;12,74;95,40
1021;02/09/2025 03:00:00;M30;357;15,85;89,20
1022;02/09/2025 03:00:00;URB;112;15,83;87,60
1023;02/09/2025 03:00:00;URB;122;8,19;84,40
1024;02/09/2025 03:00:00;URB;117;16,93;86,50
1025;02/09/2025 03:00:00;M30;313;16,51;86,30
1026;02/09/2025 03:00:00;URB;117;14,16;-1,00
1027;02/09/2025 03:00:00;M30;316;12,98;91,90
1028;02/09/2025 03:00:00;URB;145;15,31;86,70
1029;02/09/2025 03:00:00;URB;126;18,17;-1,00
1030;02/09/2025 03:00:00;URB;123;16,96;86,90
1001;02/09/2025 04:00:00;M30;430;19,53;89,40
1002;02/09/2025 04:00:00;URB;135;26,96;77,40
1003;02/09/2025 04:00:00;M30;344;18,99;83,90
1004;02/09/2025 04:00:00;M30;320;18,07;83,10
1005;02/09/2025 04:00:00;M30;383;17,55;89,70
1006;02/09/2025 04:00:00;M30;363;11,11;85,00
1007;02/09/2025 04:00:00;M30;316;19,14;82,90
1008;02/09/2025 04:00:00;URB;126;15,35;86,60
1009;02/09/2025 04:00:00;M30;365;14,91;90,10
1010;02/09/2025 04:00:00;URB;139;13,01;82,90
1011;02/09/2025 04:00:00;URB;128;17,53;84,60
1012;02/09/2025 04:00:00;M30;349;14,24;92,40
1013;02/09/2025 04:00:00;URB;136;15,57;-1,00
1014;02/09/2025 04:00:00;URB;132;16,29;-1,00
1015;02/09/2025 04:00:00;M30;409;19,67;88,90
1016;02/09/2025 04:00:00;URB;96;13,85;89,90
1017;02/09/2025 04:00:00;URB;136;22,64;-1,00
1018;02/09/2025 04:00:00;URB;119;19,15;89,50
1019;02/09/2025 04:00:00;M30;331;15,05;88,30
1020;02/09/2025 04:00:00;URB;109;14,88;-1,00
1021;02/09/2025 04:00:00;M30;380;19,07;81,10
1022;02/09/2025 04:00:00;URB;132;17,02;92,60
1023;02/09/2025 04:00:00;URB;142;17,89;84,70
1024;02/09/2025 04:00:00;URB;138;20,94;-1,00
1025;02/09/2025 04:00:00;M30;329;14,55;85,50
1026;02/09/2025 04:00:00;URB;124;15,69;85,60
1027;02/09/2025 04:00:00;M30;331;14,65;95,30
1028;02/09/2025 04:00:00;URB;124;18,51;78,70
1029;02/09/2025 04:00:00;URB;120;13,63;84,40
1030;02/09/2025 04:00:00;URB;127;13,08;84,40
1001;02/09/2025 05:00:00;M30;444;19,81;80,30
1002;02/09/2025 05:00:00;URB;149;17,37;83,80
1003;02/09/2025 05:00:00;M30;431;16,38;85,70
1004;02/09/2025 05:00:00;M30;470;24,98;85,90
1005;02/09/2025 05:00:00;M30;330;16,58;91,40
1006;02/09/2025 05:00:00;M30;496;22,75;75,80
1007;02/09/2025 05:00:00;M30;482;25,88;81,30
1008;02/09/2025 05:00:00;URB;150;20,13;78,20
1009;02/09/2025 05:00:00;M30;498;23,41;79,50
1010;02/09/2025 05:00:00;URB;160;24,75;-1,00
1011;02/09/2025 05:00:00;URB;137;13,38;86,70
1012;02/09/2025 05:00:00;M30;398;18,13;86,20
1013;02/09/2025 05:00:00;URB;158;24,78;83,50
1014;02/09/2025 05:00:00;URB;141;20,15;77,20
1015;02/09/2025 05:00:00;M30;521;29,96;83,00
1016;02/09/2025 05:00:00;URB;142;21,21;79,50
1017;02/09/2025 05:00:00;URB;151;22,77;80,00
1018;02/09/2025 05:00:00;URB;154;17,47;-1,00
1019;02/09/2025 05:00:00;M30;473;12,30;-1,00
1020;02/09/2025 05:00:00;URB;159;25,02;82,30
1021;02/09/2025 05:00:00;M30;429;18,81;87,80
1022;02/09/2025 05:00:00;URB;141;20,48;86,50
1023;02/09/2025 05:00:00;URB;151;20,36;78,20
1024;02/09/2025 05:00:00;URB;154;18,45;-1,00
1025;02/09/2025 05:00:00;M30;473;24,49;84,90
1026;02/09/2025 05:00:00;URB;135;18,09;81,00
1027;02/09/2025 05:00:00;M30;440;15,65;85,10
1028;02/09/2025 05:00:00;URB;147;26,60;79,10
1029;02/09/2025 05:00:00;URB;177;25,92;80,00
1030;02/09/2025 05:00:00;URB;156;15,91;94,10
1001;02/09/2025 06:00:00;M30;492;22,52;78,30
1002;02/09/2025 06:00:00;URB;197;21,65;84,20
1003;02/09/2025 06:00:00;M30;739;36,01;78,60
1004;02/09/2025 06:00:00;M30;672;31,82;85,50
1005;02/09/2025 06:00:00;M30;609;25,26;78,90
1006;02/09/2025 06:00:00;M30;571;25,96;84,20
1007;02/09/2025 06:00:00;M30;600;35,40;61,20
1008;02/09/2025 06:00:00;URB;178;23,58;84,50
1009;02/09/2025 06:00:00;M30;561;21,92;74,20
1010;02/09/2025 06:00:00;URB;204;24,55;-1,00
1011;02/09/2025 06:00:00;URB;230;35,22;76,70
1012;02/09/2025 06:00:00;M30;542;22,04;-1,00
1013;02/09/2025 06:00:00;URB;190;23,37;79,20
1014;02/09/2025 06:00:00;URB;182;23,74;78,50
1015;02/09/2025 06:00:00;M30;590;26,32;83,90
1016;02/09/2025 06:00:00;URB;194;23,49;81,90
1017;02/09/2025 06:00:00;URB;170;26,20;74,30
1018;02/09/2025 06:00:00;URB;190;27,02;79,20
1019;02/09/2025 06:00:00;M30;501;24,50;-1,00
1020;02/09/2025 06:00:00;URB;220;32,07;82,90
1021;02/09/2025 06:00:00;M30;670;30,93;82,80
1022;02/09/2025 06:00:00;URB;222;19,36;84,80
1023;02/09/2025 06:00:00;URB;180;22,52;-1,00
1024;02/09/2025 06:00:00;URB;226;29,99;78,90
1025;02/09/2025 06:00:00;M30;663;28,31;70,40
1026;02/09/2025 06:00:00;URB;193;24,89;79,50
1027;02/09/2025 06:00:00;M30;584;32,26;78,30
1028;02/09/2025 06:00:00;URB;236;31,86;75,30
1029;02/09/2025 06:00:00;URB;198;25,57;-1,00
1030;02/09/2025 06:00:00;URB;232;32,30;83,10
1001;02/09/2025 07:00:00;M30;888;35,81;82,40
1002;02/09/2025 07:00:00;URB;276;26,34;79,80
1003;02/09/2025 07:00:00;M30;710;32,01;-1,00
1004;02/09/2025 07:00:00;M30;644;26,14;79,30
1005;02/09/2025 07:00:00;M30;703;26,81;75,10
1006;02/09/2025 07:00:00;M30;757;35,05;66,10
1007;02/09/2025 07:00:00;M30;825;45,24;62,10
1008;02/09/2025 07:00:00;URB;285;37,83;72,30
1009;02/09/2025 07:00:00;M30;773;35,88;71,40
1010;02/09/2025 07:00:00;URB;286;35,89;75,90
1011;02/09/2025 07:00:00;URB;231;31,54;77,20
1012;02/09/2025 07:00:00;M30;782;33,42;72,70
1013;02/09/2025 07:00:00;URB;250;33,93;75,20
1014;02/09/2025 07:00:00;URB;291;31,24;79,00
1015;02/09/2025 07:00:00;M30;648;21,81;83,80
1016;02/09/2025 07:00:00;URB;283;40,11;75,10
1017;02/09/2025 07:00:00;URB;281;40,51;70,00
1018;02/09/2025 07:00:00;URB;287;43,67;-1,00
1019;02/09/2025 07:00:00;M30;731;43,73;72,30
1020;02/09/2025 07:00:00;URB;235;25,05;-1,00
1021;02/09/2025 07:00:00;M30;798;31,79;84,50
1022;02/09/2025 07:00:00;URB;229;33,90;-1,00
1023;02/09/2025 07:00:00;URB;304;42,99;69,80
1024;02/09/2025 07:00:00;URB;262;36,49;74,60
1025;02/09/2025 07:00:00;M30;755;24,21;75,80
1026;02/09/2025 07:00:00;URB;273;40,01;75,80
1027;02/09/2025 07:00:00;M30;758;37,84;69,80
1028;02/09/2025 07:00:00;URB;225;23,85;80,30
1029;02/09/2025 07:00:00;URB;235;36,58;73,80
1030;02/09/2025 07:00:00;URB;286;34,62;78,40
1001;02/09/2025 08:00:00;M30;946;49,53;73,10
1002;02/09/2025 08:00:00;URB;309;32,35;80,50
1003;02/09/2025 08:00:00;M30;926;38,39;65,20
1004;02/09/2025 08:00:00;M30;872;45,08;71,70
1005;02/09/2025 08:00:00;M30;792;35,87;82,70
1006;02/09/2025 08:00:00;M30;1.019;63,35;57,30
1007;02/09/2025 08:00:00;M30;895;37,10;79,10
1008;02/09/2025 08:00:00;URB;255;34,88;71,40
1009;02/09/2025 08:00:00;M30;742;25,29;75,20
1010;02/09/2025 08:00:00;URB;286;41,75;68,00
1011;02/09/2025 08:00:00;URB;373;54,16;58,10
1012;02/09/2025 08:00:00;M30;908;36,82;69,70
1013;02/09/2025 08:00:00;URB;342;43,10;73,80
1014;02/09/2025 08:00:00;URB;358;39,99;75,00
1015;02/09/2025 08:00:00;M30;925;47,12;70,40
1016;02/09/2025 08:00:00;URB;291;46,64;69,70
1017;02/09/2025 08:00:00;URB;332;40,23;73,30
1018;02/09/2025 08:00:00;URB;286;28,37;78,90
1019;02/09/2025 08:00:00;M30;803;43,76;71,60
1020;02/09/2025 08:00:00;URB;335;34,21;80,00
1021;02/09/2025 08:00:00;M30;1.026;38,19;73,10
1022;02/09/2025 08:00:00;URB;356;41,08;77,40
1023;02/09/2025 08:00:00;URB;299;35,73;75,00
1024;02/09/2025 08:00:00;URB;323;40,64;70,10
1025;02/09/2025 08:00:00;M30;768;29,47;79,50
1026;02/09/2025 08:00:00;URB;324;40,13;-1,00
1027;02/09/2025 08:00:00;M30;807;34,36;74,10
1028;02/09/2025 08:00:00;URB;332;37,01;74,60
1029;02/09/2025 08:00:00;URB;325;44,18;72,80
1030;02/09/2025 08:00:00;URB;292;27,64;79,30
1001;02/09/2025 09:00:00;M30;829;44,93;63,90
1002;02/09/2025 09:00:00;URB;313;49,97;66,50
1003;02/09/2025 09:00:00;M30;980;43,78;70,20
1004;02/09/2025 09:00:00;M30;901;28,79;79,80
1005;02/09/2025 09:00:00;M30;1.010;50,87;71,10
1006;02/09/2025 09:00:00;M30;956;48,66;66,80
1007;02/09/2025 09:00:00;M30;895;52,02;59,80
1008;02/09/2025 09:00:00;URB;313;31,33;76,40
1009;02/09/2025 09:00:00;M30;943;43,65;-1,00
1010;02/09/2025 09:00:00;URB;324;34,16;73,60
1011;02/09/2025 09:00:00;URB;213;32,91;82,00
1012;02/09/2025 09:00:00;M30;1.049;42,87;66,40
1013;02/09/2025 09:00:00;URB;250;31,84;76,70
1014;02/09/2025 09:00:00;URB;319;29,54;78,20
1015;02/09/2025 09:00:00;M30;938;40,93;70,90
1016;02/09/2025 09:00:00;URB;311;42,20;75,20
1017;02/09/2025 09:00:00;URB;324;54,85;61,20
1018;02/09/2025 09:00:00;URB;332;46,15;69,30
1019;02/09/2025 09:00:00;M30;826;40,19;72,90
1020;02/09/2025 09:00:00;URB;295;35,96;74,00
1021;02/09/2025 09:00:00;M30;850;37,58;77,50
1022;02/09/2025 09:00:00;URB;243;37,43;74,60
1023;02/09/2025 09:00:00;URB;295;37,11;-1,00
1024;02/09/2025 09:00:00;URB;298;45,17;-1,00
1025;02/09/2025 09:00:00;M30;937;37,09;80,30
1026;02/09/2025 09:00:00;URB;325;46,07;74,40
1027;02/09/2025 09:00:00;M30;975;55,11;69,80
1028;02/09/2025 09:00:00;URB;332;30,65;76,70
1029;02/09/2025 09:00:00;URB;306;28,70;-1,00
1030;02/09/2025 09:00:00;URB;352;40,09;72,50
1001;02/09/2025 10:00:00;M30;816;27,72;77,50
1002;02/09/2025 10:00:00;URB;270;23,24;86,80
1003;02/09/2025 10:00:00;M30;750;36,92;75,40
1004;02/09/2025 10:00:00;M30;609;34,50;76,40
1005;02/09/2025 10:00:00;M30;732;41,10;72,30
1006;02/09/2025 10:00:00;M30;749;33,41;69,80
1007;02/09/2025 10:00:00;M30;698;32,44;81,50
1008;02/09/2025 10:00:00;URB;246;33,54;76,50
1009;02/09/2025 10:00:00;M30;838;43,31;76,60
1010;02/09/2025 10:00:00;URB;290;30,83;73,90
1011;02/09/2025 10:00:00;URB;317;42,69;65,20
1012;02/09/2025 10:00:00;M30;605;24,22;76,60
1013;02/09/2025 10:00:00;URB;207;25,35;82,50
1014;02/09/2025 10:00:00;URB;273;34,67;73,40
1015;02/09/2025 10:00:00;M30;737;30,11;81,60
1016;02/09/2025 10:00:00;URB;239;28,33;78,40
1017;02/09/2025 10:00:00;URB;258;31,39;66,20
1018;02/09/2025 10:00:00;URB;249;30,67;81,30
1019;02/09/2025 10:00:00;M30;836;31,18;73,80
1020;02/09/2025 10:00:00;URB;238;30,20;80,30
1021;02/09/2025 10:00:00;M30;780;34,80;77,40
1022;02/09/2025 10:00:00;URB;276;35,04;-1,00
1023;02/09/2025 10:00:00;URB;252;29,59;84,10
1024;02/09/2025 10:00:00;URB;204;22,19;83,80
1025;02/09/2025 10:00:00;M30;872;32,46;79,90
1026;02/09/2025 10:00:00;URB;281;42,27;76,50
1027;02/09/2025 10:00:00;M30;888;37,25;73,00
1028;02/09/2025 10:00:00;URB;214;38,07;83,30
1029;02/09/2025 10:00:00;URB;278;45,66;-1,00
1030;02/09/2025 10:00:00;URB;289;36,35;77,30
1001;02/09/2025 11:00:00;M30;685;24,37;79,30
1002;02/09/2025 11:00:00;URB;206;24,46;80,50
1003;02/09/2025 11:00:00;M30;541;28,60;84,40
1004;02/09/2025 11:00:00;M30;588;20,80;79,20
1005;02/09/2025 11:00:00;M30;584;29,47;77,80
1006;02/09/2025 11:00:00;M30;586;28,88;74,00
1007;02/09/2025 11:00:00;M30;617;32,57;80,80
1008;02/09/2025 11:00:00;URB;171;28,77;79,70
1009;02/09/2025 11:00:00;M30;656;38,32;78,50
1010;02/09/2025 11:00:00;URB;214;20,94;-1,00
1011;02/09/2025 11:00:00;URB;194;23,01;-1,00
1012;02/09/2025 11:00:00;M30;560;26,43;-1,00
1013;02/09/2025 11:00:00;URB;219;19,49;80,30
1014;02/09/2025 11:00:00;URB;210;35,59;76,00
1015;02/09/2025 11:00:00;M30;536;26,11;81,90
1016;02/09/2025 11:00:00;URB;184;21,74;88,70
1017;02/09/2025 11:00:00;URB;194;30,79;79,30
1018;02/09/2025 11:00:00;URB;184;22,84;85,60
1019;02/09/2025 11:00:00;M30;561;25,56;80,00
1020;02/09/2025 11:00:00;URB;179;24,09;78,00
1021;02/09/2025 11:00:00;M30;493;24,51;83,60
1022;02/09/2025 11:00:00;URB;211;31,17;81,10
1023;02/09/2025 11:00:00;URB;203;32,29;73,10
1024;02/09/2025 11:00:00;URB;232;28,50;-1,00
1025;02/09/2025 11:00:00;M30;631;26,41;79,80
1026;02/09/2025 11:00:00;URB;197;33,84;77,20
1027;02/09/2025 11:00:00;M30;597;31,14;81,60
1028;02/09/2025 11:00:00;URB;170;19,86;84,50
1029;02/09/2025 11:00:00;URB;172;18,35;93,20
1030;02/09/2025 11:00:00;URB;178;29,54;71,10
1001;02/09/2025 12:00:00;M30;495;18,61;85,50
1002;02/09/2025 12:00:00;URB;173;28,44;87,30
1003;02/09/2025 12:00:00;M30;449;15,02;87,10
1004;02/09/2025 12:00:00;M30;563;33,80;78,10
1005;02/09/2025 12:00:00;M30;431;19,99;81,50
1006;02/09/2025 12:00:00;M30;486;22,38;85,90
1007;02/09/2025 12:00:00;M30;413;22,21;-1,00
1008;02/09/2025 12:00:00;URB;168;21,90;90,60
1009;02/09/2025 12:00:00;M30;517;27,06;77,60
1010;02/09/2025 12:00:00;URB;173;23,06;83,30
1011;02/09/2025 12:00:00;URB;154;24,46;87,20
1012;02/09/2025 12:00:00;M30;445;16,83;88,30
1013;02/09/2025 12:00:00;URB;173;25,44;78,50
1014;02/09/2025 12:00:00;URB;176;22,31;79,20
1015;02/09/2025 12:00:00;M30;485;25,36;88,20
1016;02/09/2025 12:00:00;URB;180;22,88;82,90
1017;02/09/2025 12:00:00;URB;188;23,84;85,10
1018;02/09/2025 12:00:00;URB;175;27,55;75,40
1019;02/09/2025 12:00:00;M30;434;19,54;79,60
1020;02/09/2025 12:00:00;URB;149;17,74;-1,00
1021;02/09/2025 12:00:00;M30;423;16,51;88,40
1022;02/09/2025 12:00:00;URB;146;15,52;84,20
1023;02/09/2025 12:00:00;URB;138;24,40;84,50
1024;02/09/2025 12:00:00;URB;176;26,80;72,10
1025;02/09/2025 12:00:00;M30;504;16,67;83,40
1026;02/09/2025 12:00:00;URB;162;22,41;83,90
1027;02/09/2025 12:00:00;M30;385;19,30;83,60
1028;02/09/2025 12:00:00;URB;129;18,94;77,40
1029;02/09/2025 12:00:00;URB;164;21,39;77,50
1030;02/09/2025 12:00:00;URB;164;14,05;86,50
1001;02/09/2025 13:00:00;M30;429;19,02;-1,00
1002;02/09/2025 13:00:00;URB;134;14,98;81,10
1003;02/09/2025 13:00:00;M30;390;12,93;78,00
1004;02/09/2025 13:00:00;M30;394;14,57;91,70
1005;02/09/2025 13:00:00;M30;371;16,77;83,70
1006;02/09/2025 13:00:00;M30;374;14,43;89,60
1007;02/09/2025 13:00:00;M30;332;19,20;85,60
1008;02/09/2025 13:00:00;URB;146;18,20;80,80
1009;02/09/2025 13:00:00;M30;395;19,51;-1,00
1010;02/09/2025 13:00:00;URB;122;19,23;88,30
1011;02/09/2025 13:00:00;URB;144;20,52;88,90
1012;02/09/2025 13:00:00;M30;384;18,61;87,70
1013;02/09/2025 13:00:00;URB;161;27,17;80,00
1014;02/09/2025 13:00:00;URB;125;22,79;80,50
1015;02/09/2025 13:00:00;M30;364;8,78;91,90
1016;02/09/2025 13:00:00;URB;117;16,14;-1,00
1017;02/09/2025 13:00:00;URB;147;19,83;82,20
1018;02/09/2025 13:00:00;URB;168;21,73;84,50
1019;02/09/2025 13:00:00;M30;314;16,52;83,40
1020;02/09/2025 13:00:00;URB;133;19,60;85,00
1021;02/09/2025 13:00:00;M30;368;16,56;-1,00
1022;02/09/2025 13:00:00;URB;149;23,47;83,40
1023;02/09/2025 13:00:00;URB;146;21,72;82,60
1024;02/09/2025 13:00:00;URB;137;25,40;-1,00
1025;02/09/2025 13:00:00;M30;374;16,25;86,80
1026;02/09/2025 13:00:00;URB;157;20,90;86,00
1027;02/09/2025 13:00:00;M30;285;14,72;83,90
1028;02/09/2025 13:00:00;URB;134;18,12;93,00
1029;02/09/2025 13:00:00;URB;143;19,78;-1,00
1030;02/09/2025 13:00:00;URB;138;15,55;86,80
1001;02/09/2025 14:00:00;M30;452;16,97;87,60
1002;02/09/2025 14:00:00;URB;149;23,93;-1,00
1003;02/09/2025 14:00:00;M30;350;18,18;80,40
1004;02/09/2025 14:00:00;M30;402;15,91;86,30
1005;02/09/2025 14:00:00;M30;371;15,90;-1,00
1006;02/09/2025 14:00:00;M30;407;17,19;76,80
1007;02/09/2025 14:00:00;M30;344;22,88;80,30
1008;02/09/2025 14:00:00;URB;134;13,95;87,10
1009;02/09/2025 14:00:00;M30;350;18,08;-1,00
1010;02/09/2025 14:00:00;URB;137;19,73;81,80
1011;02/09/2025 14:00:00;URB;135;13,71;81,50
1012;02/09/2025 14:00:00;M30;328;13,02;77,70
1013;02/09/2025 14:00:00;URB;135;23,41;-1,00
1014;02/09/2025 14:00:00;URB;152;21,89;81,30
1015;02/09/2025 14:00:00;M30;428;19,77;-1,00
1016;02/09/2025 14:00:00;URB;133;15,35;84,40
1017;02/09/2025 14:00:00;URB;146;20,11;78,50
1018;02/09/2025 14:00:00;URB;124;15,76;82,40
1019;02/09/2025 14:00:00;M30;486;23,73;76,20
1020;02/09/2025 14:00:00;URB;123;14,89;84,80
1021;02/09/2025 14:00:00;M30;359;11,22;-1,00
1022;02/09/2025 14:00:00;URB;167;21,25;89,20
1023;02/09/2025 14:00:00;URB;122;16,12;92,40
1024;02/09/2025 14:00:00;URB;126;16,15;88,50
1025;02/09/2025 14:00:00;M30;416;14,70;83,90
1026;02/09/2025 14:00:00;URB;109;8,83;90,10
1027;02/09/2025 14:00:00;M30;362;15,68;91,30
1028;02/09/2025 14:00:00;URB;124;13,30;92,00
1029;02/09/2025 14:00:00;URB;111;16,09;-1,00
1030;02/09/2025 14:00:00;URB;123;19,63;89,60
1001;02/09/2025 15:00:00;M30;521;25,87;73,00
1002;02/09/2025 15:00:00;URB;177;26,22;-1,00
1003;02/09/2025 15:00:00;M30;416;15,97;78,70
1004;02/09/2025 15:00:00;M30;453;23,61;84,70
1005;02/09/2025 15:00:00;M30;463;19,77;80,10
1006;02/09/2025 15:00:00;M30;458;23,62;81,80
1007;02/09/2025 15:00:00;M30;423;21,02;89,50
1008;02/09/2025 15:00:00;URB;156;18,93;74,40
1009;02/09/2025 15:00:00;M30;496;19,55;86,20
1010;02/09/2025 15:00:00;URB;164;20,69;77,40
1011;02/09/2025 15:00:00;URB;169;14,80;83,80
1012;02/09/2025 15:00:00;M30;472;23,37;82,00
1013;02/09/2025 15:00:00;URB;158;23,81;85,60
1014;02/09/2025 15:00:00;URB;180;22,81;83,90
1015;02/09/2025 15:00:00;M30;456;22,29;81,60
1016;02/09/2025 15:00:00;URB;140;20,18;79,10
1017;02/09/2025 15:00:00;URB;186;25,75;81,40
1018;02/09/2025 15:00:00;URB;149;22,01;83,80
1019;02/09/2025 15:00:00;M30;455;24,89;77,20
1020;02/09/2025 15:00:00;URB;175;22,82;84,80
1021;02/09/2025 15:00:00;M30;422;18,67;86,30
1022;02/09/2025 15:00:00;URB;168;31,02;74,10
1023;02/09/2025 15:00:00;URB;147;22,29;-1,00
1024;02/09/2025 15:00:00;URB;167;24,06;81,20
1025;02/09/2025 15:00:00;M30;489;13,76;86,40
1026;02/09/2025 15:00:00;URB;175;23,60;-1,00
1027;02/09/2025 15:00:00;M30;381;21,44;76,80
1028;02/09/2025 15:00:00;URB;140;16,75;83,00
1029;02/09/2025 15:00:00;URB;146;21,84;89,80
1030;02/09/2025 15:00:00;URB;158;13,00;88,60
1001;02/09/2025 16:00:00;M30;672;28,96;79,70
1002;02/09/2025 16:00:00;URB;262;38,58;73,50
1003;02/09/2025 16:00:00;M30;532;17,88;85,10
1004;02/09/2025 16:00:00;M30;586;23,02;80,90
1005;02/09/2025 16:00:00;M30;618;25,55;85,50
1006;02/09/2025 16:00:00;M30;604;33,65;71,80
1007;02/09/2025 16:00:00;M30;760;41,29;78,20
1008;02/09/2025 16:00:00;URB;199;28,40;76,70
1009;02/09/2025 16:00:00;M30;647;29,53;78,20
1010;02/09/2025 16:00:00;URB;251;25,42;78,50
1011;02/09/2025 16:00:00;URB;220;26,16;81,10
1012;02/09/2025 16:00:00;M30;549;23,75;88,60
1013;02/09/2025 16:00:00;URB;160;18,41;87,20
1014;02/09/2025 16:00:00;URB;210;23,40;81,40
1015;02/09/2025 16:00:00;M30;612;27,25;83,00
1016;02/09/2025 16:00:00;URB;201;28,51;75,00
1017;02/09/2025 16:00:00;URB;209;27,49;75,00
1018;02/09/2025 16:00:00;URB;228;19,54;81,80
1019;02/09/2025 16:00:00;M30;575;27,76;78,40
1020;02/09/2025 16:00:00;URB;212;27,26;88,10
1021;02/09/2025 16:00:00;M30;619;21,32;80,70
1022;02/09/2025 16:00:00;URB;214;28,82;83,30
1023;02/09/2025 16:00:00;URB;215;27,90;84,50
1024;02/09/2025 16:00:00;URB;222;29,71;73,50
1025;02/09/2025 16:00:00;M30;592;30,59;-1,00
1026;02/09/2025 16:00:00;URB;211;24,44;86,50
1027;02/09/2025 16:00:00;M30;512;28,27;76,90
1028;02/09/2025 16:00:00;URB;192;20,43;80,90
1029;02/09/2025 16:00:00;URB;219;29,04;78,70
1030;02/09/2025 16:00:00;URB;238;34,31;74,80
1001;02/09/2025 17:00:00;M30;816;51,51;60,60
1002;02/09/2025 17:00:00;URB;261;31,94;79,30
1003;02/09/2025 17:00:00;M30;874;35,16;72,20
1004;02/09/2025 17:00:00;M30;808;34,02;79,90
1005;02/09/2025 17:00:00;M30;808;29,30;79,10
1006;02/09/2025 17:00:00;M30;835;40,69;82,00
1007;02/09/2025 17:00:00;M30;877;25,84;82,00
1008;02/09/2025 17:00:00;URB;248;35,84;68,30
1009;02/09/2025 17:00:00;M30;859;37,01;74,00
1010;02/09/2025 17:00:00;URB;276;26,29;86,40
1011;02/09/2025 17:00:00;URB;320;40,21;63,70
1012;02/09/2025 17:00:00;M30;942;36,37;78,50
1013;02/09/2025 17:00:00;URB;285;34,40;73,50
1014;02/09/2025 17:00:00;URB;289;32,12;78,10
1015;02/09/2025 17:00:00;M30;885;25,48;87,90
1016;02/09/2025 17:00:00;URB;265;32,00;77,20
1017;02/09/2025 17:00:00;URB;297;33,96;77,60
1018;02/09/2025 17:00:00;URB;269;38,39;78,20
1019;02/09/2025 17:00:00;M30;679;28,41;82,00
1020;02/09/2025 17:00:00;URB;285;31,57;75,30
1021;02/09/2025 17:00:00;M30;800;35,68;72,80
1022;02/09/2025 17:00:00;URB;292;40,88;67,50
1023;02/09/2025 17:00:00;URB;300;40,06;74,40
1024;02/09/2025 17:00:00;URB;276;35,32;77,10
1025;02/09/2025 17:00:00;M30;715;41,78;-1,00
1026;02/09/2025 17:00:00;URB;266;51,17;-1,00
1027;02/09/2025 17:00:00;M30;922;42,76;63,30
1028;02/09/2025 17:00:00;URB;248;31,76;80,40
1029;02/09/2025 17:00:00;URB;267;50,05;69,20
1030;02/09/2025 17:00:00;URB;324;35,23;72,50
1001;02/09/2025 18:00:00;M30;936;44,98;-1,00
1002;02/09/2025 18:00:00;URB;409;56,96;64,30
1003;02/09/2025 18:00:00;M30;937;50,02;67,50
1004;02/09/2025 18:00:00;M30;852;40,88;75,90
1005;02/09/2025 18:00:00;M30;918;59,02;66,80
1006;02/09/2025 18:00:00;M30;910;38,16;78,90
1007;02/09/2025 18:00:00;M30;1.064;45,51;72,40
1008;02/09/2025 18:00:00;URB;320;30,34;72,50
1009;02/09/2025 18:00:00;M30;1.070;48,01;-1,00
1010;02/09/2025 18:00:00;URB;377;37,34;75,00
1011;02/09/2025 18:00:00;URB;379;56,53;56,70
1012;02/09/2025 18:00:00;M30;1.020;58,15;62,70
1013;02/09/2025 18:00:00;URB;424;45,75;66,00
1014;02/09/2025 18:00:00;URB;287;45,24;69,90
1015;02/09/2025 18:00:00;M30;845;31,37;76,60
1016;02/09/2025 18:00:00;URB;345;44,43;68,20
1017;02/09/2025 18:00:00;URB;273;21,71;83,40
1018;02/09/2025 18:00:00;URB;326;38,73;66,40
1019;02/09/2025 18:00:00;M30;883;27,10;79,30
1020;02/09/2025 18:00:00;URB;252;31,37;70,50
1021;02/09/2025 18:00:00;M30;1.112;48,95;74,00
1022;02/09/2025 18:00:00;URB;323;48,42;67,90
1023;02/09/2025 18:00:00;URB;319;45,45;-1,00
1024;02/09/2025 18:00:00;URB;334;48,66;67,00
1025;02/09/2025 18:00:00;M30;957;49,63;69,00
1026;02/09/2025 18:00:00;URB;298;32,19;82,20
1027;02/09/2025 18:00:00;M30;895;30,22;77,10
1028;02/09/2025 18:00:00;URB;331;48,23;67,90
1029;02/09/2025 18:00:00;URB;380;36,60;75,00
1030;02/09/2025 18:00:00;URB;324;38,30;73,70
1001;02/09/2025 19:00:00;M30;1.045;55,94;57,90
1002;02/09/2025 19:00:00;URB;348;39,97;75,00
1003;02/09/2025 19:00:00;M30;1.041;47,08;73,10
1004;02/09/2025 19:00:00;M30;1.123;53,90;62,20
1005;02/09/2025 19:00:00;M30;1.010;53,76;74,40
1006;02/09/2025 19:00:00;M30;899;42,91;71,90
1007;02/09/2025 19:00:00;M30;975;48,09;76,70
1008;02/09/2025 19:00:00;URB;326;39,44;71,30
1009;02/09/2025 19:00:00;M30;990;47,17;60,50
1010;02/09/2025 19:00:00;URB;396;53,97;68,60
1011;02/09/2025 19:00:00;URB;349;55,27;62,10
1012;02/09/2025 19:00:00;M30;1.042;44,63;69,90
1013;02/09/2025 19:00:00;URB;455;58,19;63,40
1014;02/09/2025 19:00:00;URB;358;48,43;70,30
1015;02/09/2025 19:00:00;M30;1.047;42,75;79,20
1016;02/09/2025 19:00:00;URB;395;62,30;60,10
1017;02/09/2025 19:00:00;URB;334;45,29;74,30
1018;02/09/2025 19:00:00;URB;359;39,49;77,00
1019;02/09/2025 19:00:00;M30;976;37,31;73,30
1020;02/09/2025 19:00:00;URB;458;43,36;-1,00
1021;02/09/2025 19:00:00;M30;1.060;41,07;-1,00
1022;02/09/2025 19:00:00;URB;339;41,67;74,30
1023;02/09/2025 19:00:00;URB;346;36,92;-1,00
1024;02/09/2025 19:00:00;URB;381;46,02;71,60
1025;02/09/2025 19:00:00;M30;1.128;39,46;68,40
1026;02/09/2025 19:00:00;URB;337;56,95;64,30
1027;02/09/2025 19:00:00;M30;1.000;39,14;71,50
1028;02/09/2025 19:00:00;URB;383;61,53;63,00
1029;02/09/2025 19:00:00;URB;369;44,21;71,30
1030;02/09/2025 19:00:00;URB;302;39,15;79,40
1001;02/09/2025 20:00:00;M30;786;38,93;74,90
1002;02/09/2025 20:00:00;URB;322;38,38;72,60
1003;02/09/2025 20:00:00;M30;958;49,51;-1,00
1004;02/09/2025 20:00:00;M30;918;31,76;79,60
1005;02/09/2025 20:00:00;M30;1.095;55,23;67,00
1006;02/09/2025 20:00:00;M30;976;54,23;67,00
1007;02/09/2025 20:00:00;M30;932;44,52;76,10
1008;02/09/2025 20:00:00;URB;334;50,49;64,40
1009;02/09/2025 20:00:00;M30;1.057;46,66;74,80
1010;02/09/2025 20:00:00;URB;358;44,65;71,10
1011;02/09/2025 20:00:00;URB;294;21,59;82,60
1012;02/09/2025 20:00:00;M30;993;39,38;76,00
1013;02/09/2025 20:00:00;URB;345;39,64;-1,00
1014;02/09/2025 20:00:00;URB;321;47,86;64,30
1015;02/09/2025 20:00:00;M30;818;40,73;71,70
1016;02/09/2025 20:00:00;URB;372;45,46;71,30
1017;02/09/2025 20:00:00;URB;358;48,52;70,80
1018;02/09/2025 20:00:00;URB;342;46,25;74,00
1019;02/09/2025 20:00:00;M30;1.048;52,17;69,60
1020;02/09/2025 20:00:00;URB;384;66,74;63,40
1021;02/09/2025 20:00:00;M30;1.035;29,66;66,70
1022;02/09/2025 20:00:00;URB;363;43,12;73,80
1023;02/09/2025 20:00:00;URB;352;45,51;68,60
1024;02/09/2025 20:00:00;URB;349;44,79;67,60
1025;02/09/2025 20:00:00;M30;995;56,04;66,50
1026;02/09/2025 20:00:00;URB;316;38,65;72,60
1027;02/09/2025 20:00:00;M30;918;35,80;76,30
1028;02/09/2025 20:00:00;URB;374;56,76;61,60
1029;02/09/2025 20:00:00;URB;319;40,61;67,10
1030;02/09/2025 20:00:00;URB;322;41,13;66,90
1001;02/09/2025 21:00:00;M30;858;38,30;75,70
1002;02/09/2025 21:00:00;URB;273;21,37;87,00
1003;02/09/2025 21:00:00;M30;761;42,64;68,40
1004;02/09/2025 21:00:00;M30;698;29,90;75,70
1005;02/09/2025 21:00:00;M30;793;41,47;77,50
1006;02/09/2025 21:00:00;M30;803;42,84;70,70
1007;02/09/2025 21:00:00;M30;933;52,51;67,80
1008;02/09/2025 21:00:00;URB;306;44,28;76,50
1009;02/09/2025 21:00:00;M30;772;43,36;73,40
1010;02/09/2025 21:00:00;URB;261;34,17;84,00
1011;02/09/2025 21:00:00;URB;258;42,15;75,00
1012;02/09/2025 21:00:00;M30;732;36,03;67,30
1013;02/09/2025 21:00:00;URB;303;41,50;72,30
1014;02/09/2025 21:00:00;URB;310;48,36;-1,00
1015;02/09/2025 21:00:00;M30;704;28,69;80,70
1016;02/09/2025 21:00:00;URB;268;43,57;75,60
1017;02/09/2025 21:00:00;URB;277;24,86;80,80
1018;02/09/2025 21:00:00;URB;299;36,28;78,00
1019;02/09/2025 21:00:00;M30;646;35,38;73,60
1020;02/09/2025 21:00:00;URB;326;41,09;67,60
1021;02/09/2025 21:00:00;M30;764;30,54;85,70
1022;02/09/2025 21:00:00;URB;294;32,94;75,00
1023;02/09/2025 21:00:00;URB;300;28,08;70,10
1024;02/09/2025 21:00:00;URB;304;42,95;74,90
1025;02/09/2025 21:00:00;M30;874;25,64;-1,00
1026;02/09/2025 21:00:00;URB;287;51,29;67,40
1027;02/09/2025 21:00:00;M30;920;56,25;65,60
1028;02/09/2025 21:00:00;URB;300;50,12;62,50
1029;02/09/2025 21:00:00;URB;301;34,46;71,90
1030;02/09/2025 21:00:00;URB;359;53,11;67,40
1001;02/09/2025 22:00:00;M30;580;30,67;75,40
1002;02/09/2025 22:00:00;URB;173;21,40;83,70
1003;02/09/2025 22:00:00;M30;523;19,00;79,90
1004;02/09/2025 22:00:00;M30;555;27,78;81,90
1005;02/09/2025 22:00:00;M30;563;36,81;73,70
1006;02/09/2025 22:00:00;M30;596;27,73;-1,00
1007;02/09/2025 22:00:00;M30;625;40,87;67,50
1008;02/09/2025 22:00:00;URB;214;26,34;79,20
1009;02/09/2025 22:00:00;M30;675;42,40;70,90
1010;02/09/2025 22:00:00;URB;235;33,26;70,30
1011;02/09/2025 22:00:00;URB;190;21,46;84,20
1012;02/09/2025 22:00:00;M30;561;27,05;84,40
1013;02/09/2025 22:00:00;URB;233;28,11;79,70
1014;02/09/2025 22:00:00;URB;214;35,36;70,50
1015;02/09/2025 22:00:00;M30;597;20,30;77,40
1016;02/09/2025 22:00:00;URB;177;24,69;79,60
1017;02/09/2025 22:00:00;URB;213;36,65;-1,00
1018;02/09/2025 22:00:00;URB;233;29,85;-1,00
1019;02/09/2025 22:00:00;M30;602;25,38;86,40
1020;02/09/2025 22:00:00;URB;211;23,64;91,50
1021;02/09/2025 22:00:00;M30;668;37,64;63,70
1022;02/09/2025 22:00:00;URB;216;35,18;79,40
1023;02/09/2025 22:00:00;URB;202;23,63;90,50
1024;02/09/2025 22:00:00;URB;251;34,86;79,20
1025;02/09/2025 22:00:00;M30;589;25,11;85,80
1026;02/09/2025 22:00:00;URB;241;25,58;79,70
1027;02/09/2025 22:00:00;M30;701;34,83;75,90
1028;02/09/2025 22:00:00;URB;213;18,77;87,60
1029;02/09/2025 22:00:00;URB;175;28,33;80,90
1030;02/09/2025 22:00:00;URB;224;29,12;80,60
1001;02/09/2025 23:00:00;M30;491;23,78;84,50
1002;02/09/2025 23:00:00;URB;160;21,25;84,40
1003;02/09/2025 23:00:00;M30;420;18,01;91,90
1004;02/09/2025 23:00:00;M30;314;13,02;91,30
1005;02/09/2025 23:00:00;M30;480;17,06;88,40
1006;02/09/2025 23:00:00;M30;419;14,41;91,10
1007;02/09/2025 23:00:00;M30;447;23,11;83,00
1008;02/09/2025 23:00:00;URB;154;14,52;86,70
1009;02/09/2025 23:00:00;M30;498;19,35;87,30
1010;02/09/2025 23:00:00;URB;136;14,29;78,70
1011;02/09/2025 23:00:00;URB;180;16,65;85,30
1012;02/09/2025 23:00:00;M30;507;26,43;75,60
1013;02/09/2025 23:00:00;URB;130;15,32;83,80
1014;02/09/2025 23:00:00;URB;154;12,74;90,50
1015;02/09/2025 23:00:00;M30;500;21,78;89,00
1016;02/09/2025 23:00:00;URB;168;29,20;74,80
1017;02/09/2025 23:00:00;URB;151;18,94;87,90
1018;02/09/2025 23:00:00;URB;130;17,92;83,40
1019;02/09/2025 23:00:00;M30;522;25,25;85,00
1020;02/09/2025 23:00:00;URB;166;17,08;77,00
1021;02/09/2025 23:00:00;M30;468;15,49;82,00
1022;02/09/2025 23:00:00;URB;180;23,37;83,00
1023;02/09/2025 23:00:00;URB;161;20,90;79,30
1024;02/09/2025 23:00:00;URB;153;28,51;76,10
1025;02/09/2025 23:00:00;M30;552;24,54;76,80
1026;02/09/2025 23:00:00;URB;151;21,85;88,50
1027;02/09/2025 23:00:00;M30;425;16,41;83,20
1028;02/09/2025 23:00:00;URB;152;23,96;79,20
1029;02/09/2025 23:00:00;URB;185;23,28;87,10
1030;02/09/2025 23:00:00;URB;157;20,17;88,20
1001;03/09/2025 00:00:00;M30;294;11,34;83,60
1002;03/09/2025 00:00:00;URB;109;16,22;79,70
1003;03/09/2025 00:00:00;M30;308;15,19;85,60
1004;03/09/2025 00:00:00;M30;373;21,81;79,80
1005;03/09/2025 00:00:00;M30;379;15,00;86,50
1006;03/09/2025 00:00:00;M30;347;12,94;85,20
1007;03/09/2025 00:00:00;M30;305;12,96;94,20
1008;03/09/2025 00:00:00;URB;109;17,63;-1,00
1009;03/09/2025 00:00:00;M30;317;13,82;94,00
1010;03/09/2025 00:00:00;URB;91;12,88;86,10
1011;03/09/2025 00:00:00;URB;92;16,28;85,00
1012;03/09/2025 00:00:00;M30;295;14,20;87,60
1013;03/09/2025 00:00:00;URB;111;16,37;88,20
1014;03/09/2025 00:00:00;URB;113;17,54;81,10
1015;03/09/2025 00:00:00;M30;325;18,17;86,50
1016;03/09/2025 00:00:00;URB;120;14,70;-1,00
1017;03/09/2025 00:00:00;URB;105;15,41;84,40
1018;03/09/2025 00:00:00;URB;119;18,13;80,90
1019;03/09/2025 00:00:00;M30;315;17,60;89,40
1020;03/09/2025 00:00:00;URB;120;11,70;90,90
1021;03/09/2025 00:00:00;M30;328;12,43;86,50
1022;03/09/2025 00:00:00;URB;112;14,06;78,30
1023;03/09/2025 00:00:00;URB;107;15,68;91,80
1024;03/09/2025 00:00:00;URB;115;14,41;90,80
1025;03/09/2025 00:00:00;M30;278;9,96;87,40
1026;03/09/2025 00:00:00;URB;120;16,07;86,70
1027;03/09/2025 00:00:00;M30;303;12,69;94,10
1028;03/09/2025 00:00:00;URB;124;16,57;93,60
1029;03/09/2025 00:00:00;URB;92;7,39;-1,00
1030;03/09/2025 00:00:00;URB;106;14,45;88,00
1001;03/09/2025 01:00:00;M30;324;12,01;89,90
1002;03/09/2025 01:00:00;URB;104;13,01;97,20
1003;03/09/2025 01:00:00;M30;357;17,80;77,80
1004;03/09/2025 01:00:00;M30;312;10,06;99,80
1005;03/09/2025 01:00:00;M30;331;13,27;-1,00
1006;03/09/2025 01:00:00;M30;341;12,26;85,40
1007;03/09/2025 01:00:00;M30;327;15,43;90,40
1008;03/09/2025 01:00:00;URB;89;10,04;92,60
1009;03/09/2025 01:00:00;M30;346;16,73;87,20
1010;03/09/2025 01:00:00;URB;101;14,64;82,60
1011;03/09/2025 01:00:00;URB;103;14,00;87,20
1012;03/09/2025 01:00:00;M30;264;9,05;82,20
1013;03/09/2025 01:00:00;URB;132;22,95;87,20
1014;03/09/2025 01:00:00;URB;90;12,98;90,00
1015;03/09/2025 01:00:00;M30;309;17,49;89,00
1016;03/09/2025 01:00:00;URB;92;9,94;87,40
1017;03/09/2025 01:00:00;URB;126;16,44;95,80
1018;03/09/2025 01:00:00;URB;93;11,19;84,30
1019;03/09/2025 01:00:00;M30;314;16,43;87,20
1019;03/09/2025 01:00:00;M30;314;16,43;87,20
1020;03/09/2025 01:00:00;URB;110;14,87;85,70
1021;03/09/2025 01:00:00;M30;333;14,09;-1,00
1022;03/09/2025 01:00:00;URB;127;18,96;79,70
1023;03/09/2025 01:00:00;URB;124;15,25;84,40
1024;03/09/2025 01:00:00;URB;104;14,55;82,70
1025;03/09/2025 01:00:00;M30;313;18,16;87,10
1026;03/09/2025 01:00:00;URB;140;18,37;85,80
1027;03/09/2025 01:00:00;M30;337;15,65;85,80
1028;03/09/2025 01:00:00;URB;116;12,81;-1,00
1029;03/09/2025 01:00:00;URB;114;16,62;89,00
1030;03/09/2025 01:00:00;URB;122;14,50;89,30
1001;03/09/2025 02:00:00;M30;262;13,79;-1,00
1002;03/09/2025 02:00:00;URB;130;17,83;84,10
1003;03/09/2025 02:00:00;M30;307;13,33;90,40
1004;03/09/2025 02:00:00;M30;351;16,44;-1,00
1005;03/09/2025 02:00:00;M30;320;14,34;88,40
1006;03/09/2025 02:00:00;M30;331;14,83;89,70
1007;03/09/2025 02:00:00;M30;336;16,26;79,00
1008;03/09/2025 02:00:00;URB;106;15,18;88,90
1009;03/09/2025 02:00:00;M30;347;12,04;89,10
1010;03/09/2025 02:00:00;URB;112;12,45;95,40
1011;03/09/2025 02:00:00;URB;92;13,14;94,90
1012;03/09/2025 02:00:00;M30;304;11,49;85,30
1013;03/09/2025 02:00:00;URB;111;13,40;82,10
1014;03/09/2025 02:00:00;URB;124;18,47;87,80
1015;03/09/2025 02:00:00;M30;284;14,05;-1,00
1016;03/09/2025 02:00:00;URB;107;13,92;88,00
1017;03/09/2025 02:00:00;URB;117;14,51;86,00
1018;03/09/2025 02:00:00;URB;120;15,55;88,00
1019;03/09/2025 02:00:00;M30;306;14,99;89,80
1020;03/09/2025 02:00:00;URB;129;15,88;-1,00
1021;03/09/2025 02:00:00;M30;348;13,16;84,30
1022;03/09/2025 02:00:00;URB;108;12,71;86,20
1023;03/09/2025 02:00:00;URB;106;13,75;85,50
1024;03/09/2025 02:00:00;URB;124;16,61;82,60
1025;03/09/2025 02:00:00;M30;336;12,93;86,40
1026;03/09/2025 02:00:00;URB;119;20,24;88,70
1027;03/09/2025 02:00:00;M30;317;16,50;85,30
1028;03/09/2025 02:00:00;URB;119;9,77;88,90
1029;03/09/2025 02:00:00;URB;95;12,48;88,50
1030;03/09/2025 02:00:00;URB;110;16,66;91,80
1001;03/09/2025 03:00:00;M30;268;13,57;82,80
1002;03/09/2025 03:00:00;URB;131;14,60;97,20
1003;03/09/2025 03:00:00;M30;333;17,08;78,10
1004;03/09/2025 03:00:00;M30;362;11,35;-1,00
1005;03/09/2025 03:00:00;M30;345;10,39;96,70
1006;03/09/2025 03:00:00;M30;331;22,41;82,60
1007;03/09/2025 03:00:00;M30;308;12,80;-1,00
1008;03/09/2025 03:00:00;URB;126;22,43;79,10
1009;03/09/2025 03:00:00;M30;338;17,13;89,10
1010;03/09/2025 03:00:00;URB;112;14,25;83,10
1011;03/09/2025 03:00:00;URB;119;17,95;84,00
1012;03/09/2025 03:00:00;M30;281;11,63;87,20
1013;03/09/2025 03:00:00;URB;112;13,22;89,40
1014;03/09/2025 03:00:00;URB;99;14,29;88,00
1015;03/09/2025 03:00:00;M30;337;14,07;89,60
1016;03/09/2025 03:00:00;URB;120;17,28;88,70
1017;03/09/2025 03:00:00;URB;117;16,23;88,30
1018;03/09/2025 03:00:00;URB;120;17,40;83,30
1019;03/09/2025 03:00:00;M30;269;8,25;98,90
1020;03/09/2025 03:00:00;URB;112;13,81;93,10
1021;03/09/2025 03:00:00;M30;298;12,03;93,10
1022;03/09/2025 03:00:00;URB;108;17,86;-1,00
1023;03/09/2025 03:00:00;URB;98;17,43;81,70
1024;03/09/2025 03:00:00;URB;125;14,61;82,50
1025;03/09/2025 03:00:00;M30;286;11,23;96,50
1026;03/09/2025 03:00:00;URB;133;16,46;83,30
1027;03/09/2025 03:00:00;M30;342;14,10;83,50
1028;03/09/2025 03:00:00;URB;123;15,06;76,10
1029;03/09/2025 03:00:00;URB;118;18,84;80,80
1030;03/09/2025 03:00:00;URB;132;13,46;-1,00
1001;03/09/2025 04:00:00;M30;381;13,84;89,10
1002;03/09/2025 04:00:00;URB;106;15,06;-1,00
1003;03/09/2025 04:00:00;M30;438;24,63;77,70
1004;03/09/2025 04:00:00;M30;330;16,00;89,50
1005;03/09/2025 04:00:00;M30;401;21,88;82,30
1006;03/09/2025 04:00:00;M30;342;20,06;87,80
1007;03/09/2025 04:00:00;M30;321;12,15;87,10
1008;03/09/2025 04:00:00;URB;136;20,31;87,90
1009;03/09/2025 04:00:00;M30;385;13,08;86,90
1010;03/09/2025 04:00:00;URB;120;20,63;88,90
1011;03/09/2025 04:00:00;URB;151;24,17;81,90
1012;03/09/2025 04:00:00;M30;369;16,96;88,30
1013;03/09/2025 04:00:00;URB;134;18,39;84,70
1014;03/09/2025 04:00:00;URB;127;14,67;-1,00
1015;03/09/2025 04:00:00;M30;371;15,85;-1,00
1016;03/09/2025 04:00:00;URB;128;23,90;79,20
1017;03/09/2025 04:00:00;URB;125;19,29;83,30
1018;03/09/2025 04:00:00;URB;118;17,08;84,40
1019;03/09/2025 04:00:00;M30;419;23,89;93,10
1020;03/09/2025 04:00:00;URB;126;17,69;85,00
1021;03/09/2025 04:00:00;M30;364;18,55;87,80
1022;03/09/2025 04:00:00;URB;119;16,42;86,50
1023;03/09/2025 04:00:00;URB;151;17,41;92,30
1024;03/09/2025 04:00:00;URB;110;11,14;87,70
1025;03/09/2025 04:00:00;M30;384;18,94;-1,00
1026;03/09/2025 04:00:00;URB;111;15,99;-1,00
1027;03/09/2025 04:00:00;M30;351;15,65;90,40
1028;03/09/2025 04:00:00;URB;125;9,40;91,60
1029;03/09/2025 04:00:00;URB;126;16,47;81,70
1030;03/09/2025 04:00:00;URB;123;17,12;89,40
1001;03/09/2025 05:00:00;M30;442;24,55;77,80
1002;03/09/2025 05:00:00;URB;175;22,22;84,70
1003;03/09/2025 05:00:00;M30;504;20,11;82,30
1004;03/09/2025 05:00:00;M30;439;22,59;83,10
1005;03/09/2025 05:00:00;M30;431;15,75;-1,00
1006;03/09/2025 05:00:00;M30;494;18,66;83,50
1007;03/09/2025 05:00:00;M30;429;19,92;80,90
1008;03/09/2025 05:00:00;URB;163;23,59;-1,00
1009;03/09/2025 05:00:00;M30;390;18,14;87,90
1010;03/09/2025 05:00:00;URB;158;17,90;-1,00
1011;03/09/2025 05:00:00;URB;141;21,38;86,00
1012;03/09/2025 05:00:00;M30;460;22,21;81,00
1013;03/09/2025 05:00:00;URB;175;30,17;83,90
1014;03/09/2025 05:00:00;URB;140;19,29;-1,00
1015;03/09/2025 05:00:00;M30;398;18,20;91,20
1016;03/09/2025 05:00:00;URB;158;20,09;81,40
1017;03/09/2025 05:00:00;URB;172;16,53;79,20
1018;03/09/2025 05:00:00;URB;184;21,02;84,10
1019;03/09/2025 05:00:00;M30;460;22,90;82,80
1020;03/09/2025 05:00:00;URB;149;15,56;-1,00
1021;03/09/2025 05:00:00;M30;399;19,45;83,60
1022;03/09/2025 05:00:00;URB;139;11,63;85,50
1023;03/09/2025 05:00:00;URB;160;20,76;89,20
1024;03/09/2025 05:00:00;URB;136;20,36;82,70
1025;03/09/2025 05:00:00;M30;475;14,13;-1,00
1026;03/09/2025 05:00:00;URB;177;20,59;88,50
1027;03/09/2025 05:00:00;M30;452;19,70;92,80
1028;03/09/2025 05:00:00;URB;147;17,38;80,30
1029;03/09/2025 05:00:00;URB;154;21,07;86,60
1030;03/09/2025 05:00:00;URB;122;19,38;85,50
1001;03/09/2025 06:00:00;M30;577;26,63;-1,00
1002;03/09/2025 06:00:00;URB;227;33,37;78,40
1003;03/09/2025 06:00:00;M30;649;28,62;81,80
1004;03/09/2025 06:00:00;M30;548;29,89;78,90
1005;03/09/2025 06:00:00;M30;635;28,48;73,60
1006;03/09/2025 06:00:00;M30;647;36,71;76,80
1007;03/09/2025 06:00:00;M30;575;33,31;77,00
1008;03/09/2025 06:00:00;URB;208;23,76;73,20
1009;03/09/2025 06:00:00;M30;535;28,29;80,40
1010;03/09/2025 06:00:00;URB;257;34,79;75,80
1011;03/09/2025 06:00:00;URB;208;26,34;79,80
1012;03/09/2025 06:00:00;M30;563;29,93;77,20
1013;03/09/2025 06:00:00;URB;231;38,86;68,10
1014;03/09/2025 06:00:00;URB;228;23,91;86,70
1015;03/09/2025 06:00:00;M30;633;28,64;83,30
1016;03/09/2025 06:00:00;URB;231;33,56;73,00
1017;03/09/2025 06:00:00;URB;217;27,99;82,60
1018;03/09/2025 06:00:00;URB;202;28,31;-1,00
1019;03/09/2025 06:00:00;M30;548;27,44;-1,00
1020;03/09/2025 06:00:00;URB;207;33,57;81,50
1021;03/09/2025 06:00:00;M30;540;12,39;83,50
1022;03/09/2025 06:00:00;URB;199;20,42;83,70
1023;03/09/2025 06:00:00;URB;192;29,78;85,30
1024;03/09/2025 06:00:00;URB;208;26,62;80,20
1025;03/09/2025 06:00:00;M30;583;27,38;74,40
1026;03/09/2025 06:00:00;URB;198;22,42;75,20
1027;03/09/2025 06:00:00;M30;508;21,56;85,30
1027;03/09/2025 06:00:00;M30;508;21,56;85,30
1028;03/09/2025 06:00:00;URB;215;22,92;81,10
1029;03/09/2025 06:00:00;URB;184;22,87;83,40
1030;03/09/2025 06:00:00;URB;272;34,93;79,60
1001;03/09/2025 07:00:00;M30;835;41,63;71,80
1002;03/09/2025 07:00:00;URB;280;28,55;77,50
1003;03/09/2025 07:00:00;M30;581;22,04;87,90
1004;03/09/2025 07:00:00;M30;732;39,59;76,90
1005;03/09/2025 07:00:00;M30;744;31,72;78,40
1006;03/09/2025 07:00:00;M30;593;22,92;90,10
1007;03/09/2025 07:00:00;M30;690;30,57;-1,00
1008;03/09/2025 07:00:00;URB;280;35,67;85,60
1009;03/09/2025 07:00:00;M30;710;35,42;76,10
1010;03/09/2025 07:00:00;URB;295;37,56;74,90
1011;03/09/2025 07:00:00;URB;258;41,43;65,20
1012;03/09/2025 07:00:00;M30;860;39,99;71,30
1013;03/09/2025 07:00:00;URB;280;45,73;68,70
1014;03/09/2025 07:00:00;URB;297;21,06;89,70
1015;03/09/2025 07:00:00;M30;731;39,60;70,30
1016;03/09/2025 07:00:00;URB;256;35,98;72,00
1017;03/09/2025 07:00:00;URB;282;31,12;77,30
1018;03/09/2025 07:00:00;URB;348;35,99;-1,00
1019;03/09/2025 07:00:00;M30;756;35,46;64,00
1020;03/09/2025 07:00:00;URB;254;26,66;80,40
1021;03/09/2025 07:00:00;M30;865;46,84;70,30
1022;03/09/2025 07:00:00;URB;293;43,89;71,10
1023;03/09/2025 07:00:00;URB;252;32,17;80,50
1024;03/09/2025 07:00:00;URB;286;41,71;78,30
1025;03/09/2025 07:00:00;M30;721;34,73;-1,00
1026;03/09/2025 07:00:00;URB;288;46,21;73,30
1027;03/09/2025 07:00:00;M30;677;34,12;74,50
1028;03/09/2025 07:00:00;URB;288;47,66;67,80
1029;03/09/2025 07:00:00;URB;290;33,13;75,20
1030;03/09/2025 07:00:00;URB;193;30,83;-1,00
1001;03/09/2025 08:00:00;M30;982;49,19;68,50
1002;03/09/2025 08:00:00;URB;390;71,66;51,90
1003;03/09/2025 08:00:00;M30;941;50,81;-1,00
1004;03/09/2025 08:00:00;M30;946;37,69;72,80
1005;03/09/2025 08:00:00;M30;961;39,97;73,90
1006;03/09/2025 08:00:00;M30;761;41,97;71,30
1007;03/09/2025 08:00:00;M30;1.049;36,84;83,10
1008;03/09/2025 08:00:00;URB;368;44,54;77,00
1009;03/09/2025 08:00:00;M30;761;50,93;-1,00
1010;03/09/2025 08:00:00;URB;380;39,61;78,90
1011;03/09/2025 08:00:00;URB;396;64,43;65,50
1012;03/09/2025 08:00:00;M30;813;27,30;81,70
1013;03/09/2025 08:00:00;URB;297;45,75;76,80
1014;03/09/2025 08:00:00;URB;307;37,57;72,60
1015;03/09/2025 08:00:00;M30;895;36,28;79,20
1016;03/09/2025 08:00:00;URB;325;46,66;63,70
1017;03/09/2025 08:00:00;URB;260;44,13;60,10
1018;03/09/2025 08:00:00;URB;356;31,05;80,10
1019;03/09/2025 08:00:00;M30;927;40,91;72,00
1020;03/09/2025 08:00:00;URB;334;49,17;67,50
1021;03/09/2025 08:00:00;M30;1.006;50,91;70,80
1022;03/09/2025 08:00:00;URB;348;40,68;77,00
1023;03/09/2025 08:00:00;URB;262;36,83;80,70
1024;03/09/2025 08:00:00;URB;322;45,03;78,20
1025;03/09/2025 08:00:00;M30;993;39,72;71,60
1026;03/09/2025 08:00:00;URB;334;33,29;74,50
1027;03/09/2025 08:00:00;M30;866;46,44;78,90
1028;03/09/2025 08:00:00;URB;352;42,61;76,50
1029;03/09/2025 08:00:00;URB;268;26,28;82,60
1030;03/09/2025 08:00:00;URB;326;34,74;73,50
1001;03/09/2025 09:00:00;M30;748;41,30;76,40
1002;03/09/2025 09:00:00;URB;310;42,02;75,60
1003;03/09/2025 09:00:00;M30;1.244;62,98;59,30
1004;03/09/2025 09:00:00;M30;940;52,81;65,60
1005;03/09/2025 09:00:00;M30;992;44,37;70,80
1006;03/09/2025 09:00:00;M30;876;35,49;-1,00
1007;03/09/2025 09:00:00;M30;840;23,90;86,70
1008;03/09/2025 09:00:00;URB;351;58,46;57,90
1009;03/09/2025 09:00:00;M30;822;37,64;77,40
1010;03/09/2025 09:00:00;URB;321;58,42;63,10
1011;03/09/2025 09:00:00;URB;303;37,55;70,90
1012;03/09/2025 09:00:00;M30;895;36,46;80,40
1013;03/09/2025 09:00:00;URB;314;65,05;60,00
1014;03/09/2025 09:00:00;URB;265;28,55;83,70
1015;03/09/2025 09:00:00;M30;1.034;41,91;70,70
1016;03/09/2025 09:00:00;URB;383;53,91;64,70
1017;03/09/2025 09:00:00;URB;316;23,59;83,50
1018;03/09/2025 09:00:00;URB;336;43,63;62,50
1019;03/09/2025 09:00:00;M30;855;26,98;79,70
1020;03/09/2025 09:00:00;URB;289;33,49;78,10
1021;03/09/2025 09:00:00;M30;910;59,89;63,00
1022;03/09/2025 09:00:00;URB;272;32,37;70,70
1023;03/09/2025 09:00:00;URB;295;40,09;70,50
1024;03/09/2025 09:00:00;URB;359;42,95;73,70
1025;03/09/2025 09:00:00;M30;919;36,84;73,90
1026;03/09/2025 09:00:00;URB;229;24,33;81,90
1027;03/09/2025 09:00:00;M30;1.038;46,83;66,40
1028;03/09/2025 09:00:00;URB;265;35,27;70,90
1029;03/09/2025 09:00:00;URB;332;37,97;-1,00
1030;03/09/2025 09:00:00;URB;362;55,53;-1,00
1001;03/09/2025 10:00:00;M30;669;38,20;67,60
1002;03/09/2025 10:00:00;URB;242;35,61;74,00
1003;03/09/2025 10:00:00;M30;780;36,21;72,90
1004;03/09/2025 10:00:00;M30;756;37,31;71,80
1005;03/09/2025 10:00:00;M30;753;32,97;76,00
1006;03/09/2025 10:00:00;M30;736;42,80;73,40
1007;03/09/2025 10:00:00;M30;759;34,69;74,80
1008;03/09/2025 10:00:00;URB;247;35,21;-1,00
1009;03/09/2025 10:00:00;M30;719;26,21;84,50
1010;03/09/2025 10:00:00;URB;256;27,52;78,70
1011;03/09/2025 10:00:00;URB;238;31,06;78,40
1012;03/09/2025 10:00:00;M30;661;38,00;75,40
1013;03/09/2025 10:00:00;URB;276;36,41;75,90
1014;03/09/2025 10:00:00;URB;278;31,58;73,40
1015;03/09/2025 10:00:00;M30;716;31,74;76,30
1016;03/09/2025 10:00:00;URB;276;30,04;75,70
1017;03/09/2025 10:00:00;URB;316;39,72;74,70
1018;03/09/2025 10:00:00;URB;292;33,41;75,80
1019;03/09/2025 10:00:00;M30;726;33,12;78,30
1020;03/09/2025 10:00:00;URB;282;44,49;74,00
1021;03/09/2025 10:00:00;M30;832;47,93;66,40
1022;03/09/2025 10:00:00;URB;290;37,80;73,80
1023;03/09/2025 10:00:00;URB;303;30,50;75,00
1024;03/09/2025 10:00:00;URB;213;31,14;80,00
1025;03/09/2025 10:00:00;M30;768;30,18;83,40
1026;03/09/2025 10:00:00;URB;279;40,75;73,00
1027;03/09/2025 10:00:00;M30;724;31,13;84,10
1028;03/09/2025 10:00:00;URB;209;24,71;83,20
1029;03/09/2025 10:00:00;URB;266;40,26;77,20
1030;03/09/2025 10:00:00;URB;264;36,48;74,70
1001;03/09/2025 11:00:00;M30;549;25,45;79,70
1002;03/09/2025 11:00:00;URB;219;31,71;75,40
1003;03/09/2025 11:00:00;M30;627;22,43;-1,00
1004;03/09/2025 11:00:00;M30;707;36,96;77,70
1005;03/09/2025 11:00:00;M30;620;30,12;-1,00
1006;03/09/2025 11:00:00;M30;623;30,85;75,30
1007;03/09/2025 11:00:00;M30;573;25,66;85,60
1008;03/09/2025 11:00:00;URB;225;27,91;82,20
1009;03/09/2025 11:00:00;M30;659;21,66;84,20
1010;03/09/2025 11:00:00;URB;221;32,54;80,30
1011;03/09/2025 11:00:00;URB;207;20,09;80,40
1012;03/09/2025 11:00:00;M30;636;22,97;78,40
1013;03/09/2025 11:00:00;URB;177;17,08;91,60
1014;03/09/2025 11:00:00;URB;189;23,49;79,20
1015;03/09/2025 11:00:00;M30;725;33,27;73,10
1016;03/09/2025 11:00:00;URB;204;19,71;-1,00
1017;03/09/2025 11:00:00;URB;213;33,63;74,00
1018;03/09/2025 11:00:00;URB;207;31,92;83,00
1019;03/09/2025 11:00:00;M30;562;27,54;83,00
1020;03/09/2025 11:00:00;URB;168;19,99;-1,00
1021;03/09/2025 11:00:00;M30;572;34,56;72,80
1022;03/09/2025 11:00:00;URB;215;33,22;74,70
1023;03/09/2025 11:00:00;URB;199;26,85;-1,00
1024;03/09/2025 11:00:00;URB;185;19,78;78,80
1025;03/09/2025 11:00:00;M30;588;21,71;89,30
1026;03/09/2025 11:00:00;URB;225;29,07;-1,00
1027;03/09/2025 11:00:00;M30;609;36,08;74,00
1028;03/09/2025 11:00:00;URB;196;25,58;77,50
1029;03/09/2025 11:00:00;URB;209;31,94;79,20
1030;03/09/2025 11:00:00;URB;212;20,76;-1,00
1001;03/09/2025 12:00:00;M30;457;24,30;75,10
1002;03/09/2025 12:00:00;URB;170;18,13;82,40
1003;03/09/2025 12:00:00;M30;441;26,46;80,40
1004;03/09/2025 12:00:00;M30;515;20,98;79,90
1005;03/09/2025 12:00:00;M30;392;18,02;90,10
1006;03/09/2025 12:00:00;M30;431;23,04;78,40
1007;03/09/2025 12:00:00;M30;415;23,38;81,50
1008;03/09/2025 12:00:00;URB;163;22,37;83,90
1009;03/09/2025 12:00:00;M30;440;21,99;82,20
1010;03/09/2025 12:00:00;URB;168;18,60;81,30
1011;03/09/2025 12:00:00;URB;179;22,16;72,20
1012;03/09/2025 12:00:00;M30;372;17,47;77,10
1013;03/09/2025 12:00:00;URB;132;16,18;87,90
1014;03/09/2025 12:00:00;URB;158;19,90;91,60
1015;03/09/2025 12:00:00;M30;469;23,99;81,00
1016;03/09/2025 12:00:00;URB;142;22,75;85,50
1017;03/09/2025 12:00:00;URB;136;21,68;-1,00
1018;03/09/2025 12:00:00;URB;122;13,93;86,00
1019;03/09/2025 12:00:00;M30;448;19,97;87,00
1020;03/09/2025 12:00:00;URB;140;18,91;74,80
1021;03/09/2025 12:00:00;M30;484;23,99;86,80
1022;03/09/2025 12:00:00;URB;157;19,72;80,90
1023;03/09/2025 12:00:00;URB;160;15,96;82,70
1024;03/09/2025 12:00:00;URB;165;19,05;83,30
1025;03/09/2025 12:00:00;M30;528;21,24;79,20
1026;03/09/2025 12:00:00;URB;169;24,86;72,70
1027;03/09/2025 12:00:00;M30;451;21,99;75,40
1028;03/09/2025 12:00:00;URB;147;21,17;77,90
1029;03/09/2025 12:00:00;URB;152;20,77;83,10
1030;03/09/2025 12:00:00;URB;154;19,31;89,30
1001;03/09/2025 13:00:00;M30;415;16,41;95,00
1002;03/09/2025 13:00:00;URB;143;16,02;-1,00
1003;03/09/2025 13:00:00;M30;334;19,83;89,60
1004;03/09/2025 13:00:00;M30;328;14,02;84,30
1005;03/09/2025 13:00:00;M30;353;14,03;81,20
1006;03/09/2025 13:00:00;M30;418;9,89;93,00
1007;03/09/2025 13:00:00;M30;356;14,89;87,90
1008;03/09/2025 13:00:00;URB;118;15,27;89,40
1009;03/09/2025 13:00:00;M30;332;16,67;85,60
1010;03/09/2025 13:00:00;URB;108;15,24;89,60
1011;03/09/2025 13:00:00;URB;142;17,77;88,20
1012;03/09/2025 13:00:00;M30;419;17,17;78,80
1013;03/09/2025 13:00:00;URB;125;10,40;85,40
1014;03/09/2025 13:00:00;URB;128;12,40;86,80
1015;03/09/2025 13:00:00;M30;417;22,68;74,40
1016;03/09/2025 13:00:00;URB;145;21,94;-1,00
1017;03/09/2025 13:00:00;URB;133;15,68;89,10
1018;03/09/2025 13:00:00;URB;164;22,55;82,50
1019;03/09/2025 13:00:00;M30;383;15,81;-1,00
1020;03/09/2025 13:00:00;URB;126;15,95;80,20
1021;03/09/2025 13:00:00;M30;330;18,92;75,40
1022;03/09/2025 13:00:00;URB;135;21,38;87,90
1023;03/09/2025 13:00:00;URB;137;14,56;89,70
1024;03/09/2025 13:00:00;URB;120;15,78;90,00
1025;03/09/2025 13:00:00;M30;348;18,76;85,80
1026;03/09/2025 13:00:00;URB;140;13,74;88,30
1027;03/09/2025 13:00:00;M30;369;15,87;86,80
1028;03/09/2025 13:00:00;URB;121;15,82;85,60
1029;03/09/2025 13:00:00;URB;133;11,72;83,60
1030;03/09/2025 13:00:00;URB;121;16,81;82,20
1001;03/09/2025 14:00:00;M30;385;18,27;84,70
1002;03/09/2025 14:00:00;URB;142;19,11;77,40
1003;03/09/2025 14:00:00;M30;404;18,76;81,00
1004;03/09/2025 14:00:00;M30;326;9,91;86,50
1005;03/09/2025 14:00:00;M30;355;13,44;77,60
1006;03/09/2025 14:00:00;M30;316;14,00;85,20
1007;03/09/2025 14:00:00;M30;378;21,13;79,80
1008;03/09/2025 14:00:00;URB;125;15,56;88,80
1009;03/09/2025 14:00:00;M30;312;10,91;-1,00
1010;03/09/2025 14:00:00;URB;147;15,85;88,70
1011;03/09/2025 14:00:00;URB;116;14,20;85,60
1012;03/09/2025 14:00:00;M30;329;17,86;78,10
1013;03/09/2025 14:00:00;URB;152;20,71;87,80
1014;03/09/2025 14:00:00;URB;151;22,60;82,50
1015;03/09/2025 14:00:00;M30;358;12,84;88,80
1016;03/09/2025 14:00:00;URB;132;15,26;89,40
1017;03/09/2025 14:00:00;URB;129;13,59;84,80
1018;03/09/2025 14:00:00;URB;138;19,38;-1,00
1019;03/09/2025 14:00:00;M30;378;19,21;-1,00
1020;03/09/2025 14:00:00;URB;137;20,02;88,20
1021;03/09/2025 14:00:00;M30;462;16,41;86,20
1022;03/09/2025 14:00:00;URB;139;18,43;85,00
1023;03/09/2025 14:00:00;URB;112;13,13;-1,00
1024;03/09/2025 14:00:00;URB;131;16,38;89,90
1025;03/09/2025 14:00:00;M30;351;19,77;-1,00
1026;03/09/2025 14:00:00;URB;125;14,79;87,30
1027;03/09/2025 14:00:00;M30;443;21,51;86,10
1028;03/09/2025 14:00:00;URB;158;18,75;82,10
1029;03/09/2025 14:00:00;URB;143;15,81;82,70
1030;03/09/2025 14:00:00;URB;136;17,19;88,20
1001;03/09/2025 15:00:00;M30;367;19,36;84,00
1002;03/09/2025 15:00:00;URB;145;16,22;80,90
1003;03/09/2025 15:00:00;M30;473;18,86;-1,00
1004;03/09/2025 15:00:00;M30;516;19,79;87,30
1005;03/09/2025 15:00:00;M30;477;24,88;79,80
1006;03/09/2025 15:00:00;M30;464;24,02;87,00
1007;03/09/2025 15:00:00;M30;473;23,09;72,20
1008;03/09/2025 15:00:00;URB;153;22,30;80,30
1009;03/09/2025 15:00:00;M30;459;21,42;83,90
1010;03/09/2025 15:00:00;URB;158;24,75;86,20
1011;03/09/2025 15:00:00;URB;186;22,08;88,20
1012;03/09/2025 15:00:00;M30;502;24,28;81,60
1013;03/09/2025 15:00:00;URB;173;27,30;84,10
1014;03/09/2025 15:00:00;URB;187;23,86;82,00
1015;03/09/2025 15:00:00;M30;448;19,29;85,60
1016;03/09/2025 15:00:00;URB;194;26,31;90,00
1017;03/09/2025 15:00:00;URB;155;19,04;82,50
1018;03/09/2025 15:00:00;URB;143;17,00;80,40
1019;03/09/2025 15:00:00;M30;450;15,38;89,00
1020;03/09/2025 15:00:00;URB;179;22,14;88,30
1021;03/09/2025 15:00:00;M30;391;22,08;74,90
1022;03/09/2025 15:00:00;URB;182;25,35;81,90
1023;03/09/2025 15:00:00;URB;160;26,61;76,00
1024;03/09/2025 15:00:00;URB;138;21,86;86,80
1025;03/09/2025 15:00:00;M30;469;17,09;82,50
1026;03/09/2025 15:00:00;URB;173;31,31;74,30
1027;03/09/2025 15:00:00;M30;462;17,15;80,80
1028;03/09/2025 15:00:00;URB;174;15,04;91,60
1029;03/09/2025 15:00:00;URB;180;26,24;82,90
1030;03/09/2025 15:00:00;URB;187;22,74;78,10
1001;03/09/2025 16:00:00;M30;532;23,19;81,00
1002;03/09/2025 16:00:00;URB;212;32,20;72,10
1003;03/09/2025 16:00:00;M30;704;32,64;76,10
1004;03/09/2025 16:00:00;M30;651;28,29;81,00
1005;03/09/2025 16:00:00;M30;525;27,14;78,50
1006;03/09/2025 16:00:00;M30;642;32,61;77,40
1007;03/09/2025 16:00:00;M30;503;24,21;77,00
1008;03/09/2025 16:00:00;URB;230;19,29;80,20
1009;03/09/2025 16:00:00;M30;523;22,67;81,60
1010;03/09/2025 16:00:00;URB;226;30,91;75,10
1011;03/09/2025 16:00:00;URB;173;18,85;81,90
1012;03/09/2025 16:00:00;M30;580;32,17;77,80
1013;03/09/2025 16:00:00;URB;192;23,19;82,70
1014;03/09/2025 16:00:00;URB;206;24,70;85,10
1015;03/09/2025 16:00:00;M30;653;29,75;77,50
1016;03/09/2025 16:00:00;URB;240;24,57;84,60
1017;03/09/2025 16:00:00;URB;256;35,07;73,50
1018;03/09/2025 16:00:00;URB;248;26,56;82,40
1019;03/09/2025 16:00:00;M30;692;27,38;81,00
1020;03/09/2025 16:00:00;URB;236;31,42;79,10
1021;03/09/2025 16:00:00;M30;756;47,24;71,40
1022;03/09/2025 16:00:00;URB;207;22,31;82,00
1023;03/09/2025 16:00:00;URB;231;30,80;78,60
1024;03/09/2025 16:00:00;URB;160;25,58;72,90
1025;03/09/2025 16:00:00;M30;592;24,29;-1,00
1026;03/09/2025 16:00:00;URB;264;35,66;73,80
1027;03/09/2025 16:00:00;M30;509;22,02;79,00
1028;03/09/2025 16:00:00;URB;241;28,63;-1,00
1029;03/09/2025 16:00:00;URB;223;26,27;80,80
1030;03/09/2025 16:00:00;URB;231;37,37;73,30
1001;03/09/2025 17:00:00;M30;894;47,99;74,70
1002;03/09/2025 17:00:00;URB;254;41,10;72,30
1003;03/09/2025 17:00:00;M30;708;35,31;76,70
1004;03/09/2025 17:00:00;M30;945;50,14;-1,00
1005;03/09/2025 17:00:00;M30;849;41,32;76,40
1006;03/09/2025 17:00:00;M30;957;53,69;67,10
1007;03/09/2025 17:00:00;M30;882;41,62;69,40
1008;03/09/2025 17:00:00;URB;296;35,98;77,20
1009;03/09/2025 17:00:00;M30;787;35,76;84,20
1010;03/09/2025 17:00:00;URB;279;30,22;85,60
1011;03/09/2025 17:00:00;URB;263;36,86;76,90
1012;03/09/2025 17:00:00;M30;693;32,65;-1,00
1013;03/09/2025 17:00:00;URB;294;46,97;74,20
1014;03/09/2025 17:00:00;URB;257;30,07;80,80
1015;03/09/2025 17:00:00;M30;764;36,99;75,80
1016;03/09/2025 17:00:00;URB;282;32,50;70,40
1017;03/09/2025 17:00:00;URB;234;30,75;81,00
1018;03/09/2025 17:00:00;URB;283;28,90;72,70
1019;03/09/2025 17:00:00;M30;852;36,89;78,00
1020;03/09/2025 17:00:00;URB;239;37,52;78,50
1021;03/09/2025 17:00:00;M30;717;22,93;90,60
1022;03/09/2025 17:00:00;URB;283;37,67;-1,00
1023;03/09/2025 17:00:00;URB;249;41,59;79,60
1024;03/09/2025 17:00:00;URB;268;41,29;76,30
1025;03/09/2025 17:00:00;M30;852;40,99;76,50
1026;03/09/2025 17:00:00;URB;284;41,59;72,20
1027;03/09/2025 17:00:00;M30;819;37,01;-1,00
1028;03/09/2025 17:00:00;URB;312;48,70;70,60
1029;03/09/2025 17:00:00;URB;280;41,47;76,30
1030;03/09/2025 17:00:00;URB;225;25,18;83,40
1001;03/09/2025 18:00:00;M30;1.227;46,38;77,70
1002;03/09/2025 18:00:00;URB;415;59,10;61,10
1003;03/09/2025 18:00:00;M30;1.106;71,90;65,10
1004;03/09/2025 18:00:00;M30;981;34,53;74,20
1005;03/09/2025 18:00:00;M30;1.011;54,18;61,60
1006;03/09/2025 18:00:00;M30;890;39,41;-1,00
1007;03/09/2025 18:00:00;M30;867;36,38;75,80
1008;03/09/2025 18:00:00;URB;395;43,02;70,60
1009;03/09/2025 18:00:00;M30;941;39,29;70,20
1010;03/09/2025 18:00:00;URB;274;32,47;78,40
1011;03/09/2025 18:00:00;URB;300;45,33;76,00
1012;03/09/2025 18:00:00;M30;990;46,03;73,30
1013;03/09/2025 18:00:00;URB;355;44,19;70,60
1014;03/09/2025 18:00:00;URB;341;46,21;70,90
1015;03/09/2025 18:00:00;M30;1.012;50,84;64,80
1016;03/09/2025 18:00:00;URB;383;44,47;64,90
1017;03/09/2025 18:00:00;URB;349;44,92;66,70
1018;03/09/2025 18:00:00;URB;334;42,16;66,60
1019;03/09/2025 18:00:00;M30;963;44,18;73,60
1020;03/09/2025 18:00:00;URB;348;35,65;-1,00
1021;03/09/2025 18:00:00;M30;895;43,64;67,70
1022;03/09/2025 18:00:00;URB;275;37,46;-1,00
1023;03/09/2025 18:00:00;URB;375;51,90;-1,00
1024;03/09/2025 18:00:00;URB;327;42,35;-1,00
1025;03/09/2025 18:00:00;M30;991;48,78;67,90
1026;03/09/2025 18:00:00;URB;334;35,98;81,30
1027;03/09/2025 18:00:00;M30;961;54,36;60,50
1028;03/09/2025 18:00:00;URB;346;47,24;61,20
1029;03/09/2025 18:00:00;URB;304;35,27;77,80
1030;03/09/2025 18:00:00;URB;351;37,78;77,00
1001;03/09/2025 19:00:00;M30;1.023;59,15;-1,00
1002;03/09/2025 19:00:00;URB;316;46,46;66,20
1003;03/09/2025 19:00:00;M30;977;51,72;74,30
1004;03/09/2025 19:00:00;M30;1.005;45,49;74,90
1005;03/09/2025 19:00:00;M30;814;43,78;73,80
1006;03/09/2025 19:00:00;M30;899;44,00;73,80
1007;03/09/2025 19:00:00;M30;1.039;58,68;60,80
1008;03/09/2025 19:00:00;URB;296;33,86;73,60
1009;03/09/2025 19:00:00;M30;945;42,33;77,80
1010;03/09/2025 19:00:00;URB;446;52,62;61,60
1011;03/09/2025 19:00:00;URB;328;55,78;66,90
1012;03/09/2025 19:00:00;M30;1.231;68,23;57,60
1013;03/09/2025 19:00:00;URB;392;51,79;63,50
1014;03/09/2025 19:00:00;URB;393;56,20;68,20
1015;03/09/2025 19:00:00;M30;1.011;46,40;78,30
1016;03/09/2025 19:00:00;URB;347;39,65;78,00
1017;03/09/2025 19:00:00;URB;376;56,14;58,90
1018;03/09/2025 19:00:00;URB;360;55,13;65,80
1019;03/09/2025 19:00:00;M30;1.180;32,58;73,10
1020;03/09/2025 19:00:00;URB;395;36,64;64,90
1021;03/09/2025 19:00:00;M30;951;35,99;73,10
1022;03/09/2025 19:00:00;URB;412;54,31;65,90
1023;03/09/2025 19:00:00;URB;381;60,36;60,30
1024;03/09/2025 19:00:00;URB;347;51,93;60,20
1025;03/09/2025 19:00:00;M30;1.025;57,39;66,50
1026;03/09/2025 19:00:00;URB;347;43,07;-1,00
1027;03/09/2025 19:00:00;M30;899;23,91;83,40
1028;03/09/2025 19:00:00;URB;369;51,72;69,60
1029;03/09/2025 19:00:00;URB;281;29,59;78,80
1030;03/09/2025 19:00:00;URB;335;38,68;74,50
1001;03/09/2025 20:00:00;M30;936;40,17;79,40
1002;03/09/2025 20:00:00;URB;366;47,94;73,80
1003;03/09/2025 20:00:00;M30;1.018;45,92;64,10
1004;03/09/2025 20:00:00;M30;927;47,34;67,90
1005;03/09/2025 20:00:00;M30;1.046;40,07;65,90
1006;03/09/2025 20:00:00;M30;962;41,97;-1,00
1007;03/09/2025 20:00:00;M30;968;46,97;71,30
1008;03/09/2025 20:00:00;URB;336;21,90;82,50
1009;03/09/2025 20:00:00;M30;970;51,46;65,20
1010;03/09/2025 20:00:00;URB;385;51,58;-1,00
1011;03/09/2025 20:00:00;URB;350;51,60;66,90
1012;03/09/2025 20:00:00;M30;899;53,00;61,10
1013;03/09/2025 20:00:00;URB;349;49,86;66,20
1014;03/09/2025 20:00:00;URB;294;51,16;67,00
1015;03/09/2025 20:00:00;M30;1.009;52,78;65,60
1016;03/09/2025 20:00:00;URB;329;44,19;71,90
1017;03/09/2025 20:00:00;URB;332;25,23;85,40
1018;03/09/2025 20:00:00;URB;362;40,29;73,20
1019;03/09/2025 20:00:00;M30;888;40,77;77,50
1020;03/09/2025 20:00:00;URB;330;38,73;71,90
1021;03/09/2025 20:00:00;M30;875;33,55;-1,00
1022;03/09/2025 20:00:00;URB;332;42,82;82,10
1023;03/09/2025 20:00:00;URB;334;44,56;-1,00
1024;03/09/2025 20:00:00;URB;298;44,22;73,20
1025;03/09/2025 20:00:00;M30;883;54,94;62,50
1026;03/09/2025 20:00:00;URB;390;44,54;-1,00
1027;03/09/2025 20:00:00;M30;1.125;66,07;64,40
1028;03/09/2025 20:00:00;URB;299;33,49;75,40
1029;03/09/2025 20:00:00;URB;405;56,96;57,90
1030;03/09/2025 20:00:00;URB;275;29,66;78,10
1001;03/09/2025 21:00:00;M30;813;30,16;75,90
1002;03/09/2025 21:00:00;URB;308;35,94;70,70
1003;03/09/2025 21:00:00;M30;748;34,25;80,30
1004;03/09/2025 21:00:00;M30;892;48,19;64,10
1005;03/09/2025 21:00:00;M30;766;41,31;76,70
1006;03/09/2025 21:00:00;M30;823;31,66;78,70
1007;03/09/2025 21:00:00;M30;902;50,64;71,50
1008;03/09/2025 21:00:00;URB;277;31,97;77,20
1009;03/09/2025 21:00:00;M30;892;43,63;76,70
1010;03/09/2025 21:00:00;URB;265;27,11;72,60
1011;03/09/2025 21:00:00;URB;272;24,26;84,20
1012;03/09/2025 21:00:00;M30;699;31,02;79,30
1013;03/09/2025 21:00:00;URB;252;35,20;79,00
1014;03/09/2025 21:00:00;URB;223;26,75;77,90
1015;03/09/2025 21:00:00;M30;714;35,12;-1,00
1016;03/09/2025 21:00:00;URB;318;37,09;-1,00
1017;03/09/2025 21:00:00;URB;266;41,07;-1,00
1018;03/09/2025 21:00:00;URB;266;23,89;-1,00
1019;03/09/2025 21:00:00;M30;848;45,60;-1,00
1020;03/09/2025 21:00:00;URB;205;26,82;76,40
1021;03/09/2025 21:00:00;M30;813;36,07;71,00
1022;03/09/2025 21:00:00;URB;295;27,14;76,60
1023;03/09/2025 21:00:00;URB;255;30,48;-1,00
1024;03/09/2025 21:00:00;URB;313;33,39;73,00
1025;03/09/2025 21:00:00;M30;844;47,38;-1,00
1026;03/09/2025 21:00:00;URB;275;35,93;79,10
1027;03/09/2025 21:00:00;M30;840;25,98;75,90
1028;03/09/2025 21:00:00;URB;285;41,44;69,30
1029;03/09/2025 21:00:00;URB;239;36,93;70,70
1030;03/09/2025 21:00:00;URB;277;32,90;73,10
1001;03/09/2025 22:00:00;M30;465;24,14;91,90
1002;03/09/2025 22:00:00;URB;230;44,86;72,60
1003;03/09/2025 22:00:00;M30;589;27,71;77,40
1004;03/09/2025 22:00:00;M30;614;29,48;79,90
1005;03/09/2025 22:00:00;M30;590;28,86;80,30
1006;03/09/2025 22:00:00;M30;469;22,42;86,80
1007;03/09/2025 22:00:00;M30;662;28,47;76,60
1008;03/09/2025 22:00:00;URB;222;30,42;-1,00
1009;03/09/2025 22:00:00;M30;572;26,57;-1,00
1010;03/09/2025 22:00:00;URB;179;19,37;89,30
1011;03/09/2025 22:00:00;URB;218;27,76;-1,00
1012;03/09/2025 22:00:00;M30;621;29,89;78,40
1013;03/09/2025 22:00:00;URB;186;25,48;80,80
1014;03/09/2025 22:00:00;URB;172;23,64;85,70
1015;03/09/2025 22:00:00;M30;677;27,60;76,40
1016;03/09/2025 22:00:00;URB;207;21,75;-1,00
1017;03/09/2025 22:00:00;URB;242;24,82;79,10
1018;03/09/2025 22:00:00;URB;197;30,64;76,30
1019;03/09/2025 22:00:00;M30;560;26,51;80,90
1020;03/09/2025 22:00:00;URB;233;29,70;81,90
1021;03/09/2025 22:00:00;M30;567;24,91;-1,00
1022;03/09/2025 22:00:00;URB;168;20,63;81,70
1023;03/09/2025 22:00:00;URB;254;44,32;-1,00
1024;03/09/2025 22:00:00;URB;188;18,55;87,00
1025;03/09/2025 22:00:00;M30;624;28,22;81,70
1026;03/09/2025 22:00:00;URB;188;21,68;80,50
1027;03/09/2025 22:00:00;M30;644;27,80;81,20
1028;03/09/2025 22:00:00;URB;169;22,70;90,10
1029;03/09/2025 22:00:00;URB;225;30,33;73,00
1030;03/09/2025 22:00:00;URB;245;32,82;74,60
1001;03/09/2025 23:00:00;M30;450;18,51;89,00
1002;03/09/2025 23:00:00;URB;124;17,59;91,50
1003;03/09/2025 23:00:00;M30;449;23,25;83,90
1004;03/09/2025 23:00:00;M30;425;21,14;83,00
1005;03/09/2025 23:00:00;M30;506;21,22;83,80
1006;03/09/2025 23:00:00;M30;550;23,57;90,70
1007;03/09/2025 23:00:00;M30;475;14,52;88,90
1008;03/09/2025 23:00:00;URB;143;17,79;80,50
1009;03/09/2025 23:00:00;M30;473;16,80;90,50
1010;03/09/2025 23:00:00;URB;151;25,32;82,40
1011;03/09/2025 23:00:00;URB;195;27,99;82,20
1012;03/09/2025 23:00:00;M30;419;15,01;87,00
1013;03/09/2025 23:00:00;URB;148;20,99;81,80
1014;03/09/2025 23:00:00;URB;162;21,20;81,80
1015;03/09/2025 23:00:00;M30;372;18,68;-1,00
1016;03/09/2025 23:00:00;URB;166;25,60;78,80
1017;03/09/2025 23:00:00;URB;156;22,58;84,20
1018;03/09/2025 23:00:00;URB;151;14,44;83,40
1019;03/09/2025 23:00:00;M30;452;13,54;-1,00
1020;03/09/2025 23:00:00;URB;170;19,09;78,00
1021;03/09/2025 23:00:00;M30;431;17,95;85,10
1022;03/09/2025 23:00:00;URB;152;16,71;89,20
1023;03/09/2025 23:00:00;URB;166;25,07;81,00
1024;03/09/2025 23:00:00;URB;176;25,73;-1,00
1025;03/09/2025 23:00:00;M30;501;24,90;90,80
1026;03/09/2025 23:00:00;URB;174;24,81;81,10
1027;03/09/2025 23:00:00;M30;491;18,81;-1,00
1028;03/09/2025 23:00:00;URB;166;18,92;81,90
1029;03/09/2025 23:00:00;URB;147;11,73;85,10
1030;03/09/2025 23:00:00;URB;174;21,90;80,00
1001;04/09/2025 00:00:00;M30;331;16,04;86,20
1002;04/09/2025 00:00:00;URB;103;16,47;88,40
1003;04/09/2025 00:00:00;M30;371;18,55;81,40
1004;04/09/2025 00:00:00;M30;308;15,14;87,60
1005;04/09/2025 00:00:00;M30;350;20,21;-1,00
1006;04/09/2025 00:00:00;M30;277;8,79;85,50
1007;04/09/2025 00:00:00;M30;330;15,72;87,20
1008;04/09/2025 00:00:00;URB;109;14,11;83,80
1009;04/09/2025 00:00:00;M30;298;9,75;84,20
1010;04/09/2025 00:00:00;URB;125;15,30;89,60
1011;04/09/2025 00:00:00;URB;113;13,47;91,50
1012;04/09/2025 00:00:00;M30;270;13,78;91,50
1013;04/09/2025 00:00:00;URB;99;11,61;88,60
1014;04/09/2025 00:00:00;URB;131;19,38;79,30
1015;04/09/2025 00:00:00;M30;317;19,57;90,10
1016;04/09/2025 00:00:00;URB;108;13,33;91,30
1017;04/09/2025 00:00:00;URB;127;15,43;88,00
1018;04/09/2025 00:00:00;URB;126;18,28;86,80
1019;04/09/2025 00:00:00;M30;359;12,71;-1,00
1020;04/09/2025 00:00:00;URB;109;10,32;90,30
1021;04/09/2025 00:00:00;M30;352;12,76;85,90
1022;04/09/2025 00:00:00;URB;95;8,68;-1,00
1023;04/09/2025 00:00:00;URB;103;12,94;93,60
1024;04/09/2025 00:00:00;URB;101;14,22;-1,00
1025;04/09/2025 00:00:00;M30;327;14,10;89,90
1026;04/09/2025 00:00:00;URB;102;12,54;86,90
1027;04/09/2025 00:00:00;M30;334;15,06;86,80
1028;04/09/2025 00:00:00;URB;118;17,33;78,60
1029;04/09/2025 00:00:00;URB;129;18,68;79,00
1030;04/09/2025 00:00:00;URB;96;11,18;92,40
1001;04/09/2025 01:00:00;M30;307;16,67;89,40
1002;04/09/2025 01:00:00;URB;140;19,65;82,30
1003;04/09/2025 01:00:00;M30;313;19,50;82,10
1004;04/09/2025 01:00:00;M30;306;14,81;90,50
1005;04/09/2025 01:00:00;M30;343;19,16;87,30
1006;04/09/2025 01:00:00;M30;340;16,58;82,50
1007;04/09/2025 01:00:00;M30;249;10,41;88,80
1008;04/09/2025 01:00:00;URB;85;10,82;92,10
1009;04/09/2025 01:00:00;M30;213;11,43;86,60
1010;04/09/2025 01:00:00;URB;98;9,82;97,80
1011;04/09/2025 01:00:00;URB;128;14,81;89,30
1012;04/09/2025 01:00:00;M30;368;13,29;84,80
1013;04/09/2025 01:00:00;URB;108;13,66;-1,00
1014;04/09/2025 01:00:00;URB;102;13,55;-1,00
1015;04/09/2025 01:00:00;M30;255;7,89;89,10
1016;04/09/2025 01:00:00;URB;123;15,28;80,90
1017;04/09/2025 01:00:00;URB;117;16,80;85,70
1018;04/09/2025 01:00:00;URB;97;12,11;87,50
1019;04/09/2025 01:00:00;M30;344;18,79;83,50
1020;04/09/2025 01:00:00;URB;116;18,35;86,50
1021;04/09/2025 01:00:00;M30;335;18,92;-1,00
1022;04/09/2025 01:00:00;URB;150;21,86;80,70
1023;04/09/2025 01:00:00;URB;132;17,38;87,00
1024;04/09/2025 01:00:00;URB;115;13,91;82,00
1025;04/09/2025 01:00:00;M30;364;17,20;89,40
1026;04/09/2025 01:00:00;URB;91;9,39;85,60
1027;04/09/2025 01:00:00;M30;259;12,97;93,90
1028;04/09/2025 01:00:00;URB;139;19,26;88,70
1029;04/09/2025 01:00:00;URB;121;17,68;88,10
1030;04/09/2025 01:00:00;URB;90;10,60;85,60
1001;04/09/2025 02:00:00;M30;355;12,61;83,30
1002;04/09/2025 02:00:00;URB;106;16,24;87,90
1003;04/09/2025 02:00:00;M30;350;14,28;89,30
1004;04/09/2025 02:00:00;M30;342;18,51;97,00
1005;04/09/2025 02:00:00;M30;359;16,16;85,50
1006;04/09/2025 02:00:00;M30;323;10,94;84,80
1007;04/09/2025 02:00:00;M30;338;18,44;80,50
1008;04/09/2025 02:00:00;URB;109;16,41;85,90
1009;04/09/2025 02:00:00;M30;311;17,45;81,40
1010;04/09/2025 02:00:00;URB;123;16,18;-1,00
1011;04/09/2025 02:00:00;URB;107;14,03;87,00
1012;04/09/2025 02:00:00;M30;314;13,19;-1,00
1013;04/09/2025 02:00:00;URB;109;11,24;88,20
1014;04/09/2025 02:00:00;URB;115;16,25;89,30
1015;04/09/2025 02:00:00;M30;331;15,07;83,20
1016;04/09/2025 02:00:00;URB;102;11,33;93,00
1017;04/09/2025 02:00:00;URB;117;17,73;84,80
1018;04/09/2025 02:00:00;URB;115;18,06;89,90
1019;04/09/2025 02:00:00;M30;349;11,78;-1,00
1020;04/09/2025 02:00:00;URB;107;12,00;88,90
1021;04/09/2025 02:00:00;M30;289;9,76;82,30
1022;04/09/2025 02:00:00;URB;125;12,98;84,00
1023;04/09/2025 02:00:00;URB;137;18,68;81,80
1024;04/09/2025 02:00:00;URB;114;16,63;88,20
1025;04/09/2025 02:00:00;M30;321;16,31;89,20
1026;04/09/2025 02:00:00;URB;93;11,14;85,00
1027;04/09/2025 02:00:00;M30;291;14,24;83,40
1028;04/09/2025 02:00:00;URB;111;12,17;-1,00
1029;04/09/2025 02:00:00;URB;107;11,79;96,40
1030;04/09/2025 02:00:00;URB;123;15,25;87,90
1001;04/09/2025 03:00:00;M30;304;14,01;89,10
1002;04/09/2025 03:00:00;URB;102;9,43;89,90
1003;04/09/2025 03:00:00;M30;349;15,58;84,10
1004;04/09/2025 03:00:00;M30;315;15,04;88,10
1005;04/09/2025 03:00:00;M30;406;24,04;81,90
1006;04/09/2025 03:00:00;M30;290;16,23;81,60
1007;04/09/2025 03:00:00;M30;350;15,07;81,80
1008;04/09/2025 03:00:00;URB;119;11,59;-1,00
1009;04/09/2025 03:00:00;M30;360;19,87;75,60
1010;04/09/2025 03:00:00;URB;116;14,40;87,60
1011;04/09/2025 03:00:00;URB;110;16,01;82,10
1012;04/09/2025 03:00:00;M30;338;9,22;94,30
1013;04/09/2025 03:00:00;URB;124;15,14;90,00
1014;04/09/2025 03:00:00;URB;110;14,98;69,30
1015;04/09/2025 03:00:00;M30;349;15,27;-1,00
1016;04/09/2025 03:00:00;URB;110;13,18;-1,00
1017;04/09/2025 03:00:00;URB;107;15,26;89,60
1018;04/09/2025 03:00:00;URB;123;14,22;89,20
1019;04/09/2025 03:00:00;M30;353;14,64;82,70
1020;04/09/2025 03:00:00;URB;119;15,83;-1,00
1021;04/09/2025 03:00:00;M30;336;15,17;-1,00
1022;04/09/2025 03:00:00;URB;101;13,66;91,90
1023;04/09/2025 03:00:00;URB;128;21,30;87,70
1024;04/09/2025 03:00:00;URB;111;13,27;88,80
1025;04/09/2025 03:00:00;M30;407;17,51;90,60
1026;04/09/2025 03:00:00;URB;121;9,19;-1,00
1027;04/09/2025 03:00:00;M30;308;6,36;91,90
1028;04/09/2025 03:00:00;URB;120;13,47;94,40
1029;04/09/2025 03:00:00;URB;126;15,61;87,30
1030;04/09/2025 03:00:00;URB;128;21,27;-1,00
1001;04/09/2025 04:00:00;M30;361;17,30;83,40
1002;04/09/2025 04:00:00;URB;124;13,22;89,70
1003;04/09/2025 04:00:00;M30;331;14,15;91,50
1004;04/09/2025 04:00:00;M30;329;14,28;88,10
1005;04/09/2025 04:00:00;M30;398;17,97;85,00
1006;04/09/2025 04:00:00;M30;378;12,90;91,70
1007;04/09/2025 04:00:00;M30;376;15,72;-1,00
1008;04/09/2025 04:00:00;URB;149;17,91;88,40
1009;04/09/2025 04:00:00;M30;400;16,97;86,60
1010;04/09/2025 04:00:00;URB;149;13,05;84,20
1011;04/09/2025 04:00:00;URB;134;17,56;85,80
1012;04/09/2025 04:00:00;M30;363;14,05;84,50
1013;04/09/2025 04:00:00;URB;133;14,23;87,40
1014;04/09/2025 04:00:00;URB;115;12,08;84,40
1015;04/09/2025 04:00:00;M30;372;18,88;81,60
1016;04/09/2025 04:00:00;URB;120;13,75;85,40
1017;04/09/2025 04:00:00;URB;114;12,47;-1,00
1018;04/09/2025 04:00:00;URB;126;23,64;82,90
1019;04/09/2025 04:00:00;M30;376;18,94;85,00
1020;04/09/2025 04:00:00;URB;131;17,17;90,50
1021;04/09/2025 04:00:00;M30;316;15,45;86,80
1022;04/09/2025 04:00:00;URB;140;15,47;85,40
1023;04/09/2025 04:00:00;URB;148;21,17;81,80
1024;04/09/2025 04:00:00;URB;125;14,28;87,40
1025;04/09/2025 04:00:00;M30;407;21,26;-1,00
1026;04/09/2025 04:00:00;URB;142;12,47;84,50
1027;04/09/2025 04:00:00;M30;410;19,10;82,60
1028;04/09/2025 04:00:00;URB;102;9,76;95,10
1029;04/09/2025 04:00:00;URB;136;14,97;92,10
1030;04/09/2025 04:00:00;URB;126;15,03;90,70
1001;04/09/2025 05:00:00;M30;402;19,39;91,30
1002;04/09/2025 05:00:00;URB;157;22,42;84,00
1003;04/09/2025 05:00:00;M30;487;15,15;88,20
1004;04/09/2025 05:00:00;M30;479;19,12;85,60
1005;04/09/2025 05:00:00;M30;489;25,08;79,30
1006;04/09/2025 05:00:00;M30;466;25,26;74,60
1007;04/09/2025 05:00:00;M30;423;9,66;88,30
1008;04/09/2025 05:00:00;URB;171;25,83;84,50
1009;04/09/2025 05:00:00;M30;440;27,94;84,20
1010;04/09/2025 05:00:00;URB;133;24,00;79,10
1011;04/09/2025 05:00:00;URB;169;24,87;74,80
1012;04/09/2025 05:00:00;M30;370;12,97;89,60
1013;04/09/2025 05:00:00;URB;147;15,17;88,80
1014;04/09/2025 05:00:00;URB;154;19,14;84,10
1015;04/09/2025 05:00:00;M30;524;26,26;82,80
1016;04/09/2025 05:00:00;URB;152;19,20;87,10
1017;04/09/2025 05:00:00;URB;169;16,06;84,10
1018;04/09/2025 05:00:00;URB;160;25,70;80,40
1019;04/09/2025 05:00:00;M30;386;17,64;85,40
1020;04/09/2025 05:00:00;URB;159;18,61;92,10
1021;04/09/2025 05:00:00;M30;485;29,15;74,40
1022;04/09/2025 05:00:00;URB;161;15,31;89,40
1023;04/09/2025 05:00:00;URB;152;20,52;84,00
1024;04/09/2025 05:00:00;URB;139;15,79;92,60
1025;04/09/2025 05:00:00;M30;511;20,64;87,30
1026;04/09/2025 05:00:00;URB;168;27,49;-1,00
1027;04/09/2025 05:00:00;M30;376;20,09;85,80
1028;04/09/2025 05:00:00;URB;177;26,57;88,20
1029;04/09/2025 05:00:00;URB;173;25,66;82,70
1030;04/09/2025 05:00:00;URB;149;16,86;84,50
1001;04/09/2025 06:00:00;M30;548;26,99;87,90
1002;04/09/2025 06:00:00;URB;209;19,56;85,90
1003;04/09/2025 06:00:00;M30;601;30,24;79,70
1004;04/09/2025 06:00:00;M30;519;24,16;-1,00
1005;04/09/2025 06:00:00;M30;603;28,59;80,40
1006;04/09/2025 06:00:00;M30;493;22,55;84,90
1007;04/09/2025 06:00:00;M30;647;30,57;80,00
1008;04/09/2025 06:00:00;URB;187;19,03;-1,00
1009;04/09/2025 06:00:00;M30;531;24,46;84,50
1010;04/09/2025 06:00:00;URB;201;24,50;85,20
1011;04/09/2025 06:00:00;URB;174;28,86;-1,00
1012;04/09/2025 06:00:00;M30;559;31,03;79,40
1013;04/09/2025 06:00:00;URB;232;35,91;73,60
1014;04/09/2025 06:00:00;URB;205;28,53;85,00
1015;04/09/2025 06:00:00;M30;517;27,69;85,10
1016;04/09/2025 06:00:00;URB;183;28,40;78,00
1017;04/09/2025 06:00:00;URB;205;20,34;84,40
1018;04/09/2025 06:00:00;URB;216;28,22;83,40
1019;04/09/2025 06:00:00;M30;606;32,65;76,80
1020;04/09/2025 06:00:00;URB;216;32,38;81,60
1021;04/09/2025 06:00:00;M30;584;40,36;-1,00
1022;04/09/2025 06:00:00;URB;214;20,80;76,40
1023;04/09/2025 06:00:00;URB;209;19,68;75,00
1024;04/09/2025 06:00:00;URB;203;19,41;83,00
1025;04/09/2025 06:00:00;M30;700;31,60;79,60
1026;04/09/2025 06:00:00;URB;172;20,10;74,90
1027;04/09/2025 06:00:00;M30;505;27,17;89,30
1028;04/09/2025 06:00:00;URB;236;42,43;70,10
1029;04/09/2025 06:00:00;URB;190;25,51;78,00
1030;04/09/2025 06:00:00;URB;205;24,50;79,50
1001;04/09/2025 07:00:00;M30;802;38,30;71,20
1002;04/09/2025 07:00:00;URB;280;35,62;-1,00
1003;04/09/2025 07:00:00;M30;710;36,39;76,00
1004;04/09/2025 07:00:00;M30;836;41,70;-1,00
1005;04/09/2025 07:00:00;M30;817;38,22;75,50
1006;04/09/2025 07:00:00;M30;714;30,59;80,80
1007;04/09/2025 07:00:00;M30;809;34,53;71,70
1008;04/09/2025 07:00:00;URB;282;38,27;65,90
1009;04/09/2025 07:00:00;M30;659;23,76;86,40
1010;04/09/2025 07:00:00;URB;250;32,78;-1,00
1011;04/09/2025 07:00:00;URB;246;29,16;82,40
1012;04/09/2025 07:00:00;M30;825;38,29;67,10
1013;04/09/2025 07:00:00;URB;229;34,23;70,90
1014;04/09/2025 07:00:00;URB;323;37,93;79,40
1015;04/09/2025 07:00:00;M30;774;32,39;77,70
1016;04/09/2025 07:00:00;URB;250;34,68;72,30
1017;04/09/2025 07:00:00;URB;281;37,31;81,80
1018;04/09/2025 07:00:00;URB;238;37,27;73,70
1019;04/09/2025 07:00:00;M30;755;19,92;83,60
1020;04/09/2025 07:00:00;URB;216;31,44;72,50
1021;04/09/2025 07:00:00;M30;743;36,05;73,60
1022;04/09/2025 07:00:00;URB;247;28,19;74,80
1023;04/09/2025 07:00:00;URB;290;33,69;74,20
1024;04/09/2025 07:00:00;URB;272;22,87;80,10
1025;04/09/2025 07:00:00;M30;706;36,12;75,20
1026;04/09/2025 07:00:00;URB;304;52,41;62,20
1027;04/09/2025 07:00:00;M30;860;51,58;63,70
1028;04/09/2025 07:00:00;URB;240;24,94;-1,00
1029;04/09/2025 07:00:00;URB;286;33,86;77,30
1030;04/09/2025 07:00:00;URB;278;38,77;73,00
1001;04/09/2025 08:00:00;M30;1.049;56,08;64,30
1002;04/09/2025 08:00:00;URB;346;43,30;72,60
1003;04/09/2025 08:00:00;M30;899;41,55;78,90
1004;04/09/2025 08:00:00;M30;798;26,23;86,60
1005;04/09/2025 08:00:00;M30;893;38,95;-1,00
1006;04/09/2025 08:00:00;M30;746;40,98;-1,00
1007;04/09/2025 08:00:00;M30;930;37,07;74,50
1008;04/09/2025 08:00:00;URB;309;40,12;69,60
1009;04/09/2025 08:00:00;M30;897;38,78;73,80
1010;04/09/2025 08:00:00;URB;299;50,41;78,90
1011;04/09/2025 08:00:00;URB;285;28,40;85,00
1012;04/09/2025 08:00:00;M30;933;45,83;72,00
1013;04/09/2025 08:00:00;URB;261;40,09;69,00
1014;04/09/2025 08:00:00;URB;323;37,97;71,00
1015;04/09/2025 08:00:00;M30;843;30,25;-1,00
1016;04/09/2025 08:00:00;URB;371;49,06;69,50
1017;04/09/2025 08:00:00;URB;292;37,12;79,20
1018;04/09/2025 08:00:00;URB;328;44,57;72,30
1019;04/09/2025 08:00:00;M30;960;39,03;-1,00
1020;04/09/2025 08:00:00;URB;320;42,62;73,10
1021;04/09/2025 08:00:00;M30;786;29,10;84,30
1022;04/09/2025 08:00:00;URB;307;41,08;65,70
1023;04/09/2025 08:00:00;URB;330;46,04;-1,00
1024;04/09/2025 08:00:00;URB;322;44,10;75,00
1025;04/09/2025 08:00:00;M30;863;38,08;72,30
1026;04/09/2025 08:00:00;URB;382;43,65;74,10
1027;04/09/2025 08:00:00;M30;787;32,12;77,20
1028;04/09/2025 08:00:00;URB;369;47,97;74,20
1029;04/09/2025 08:00:00;URB;339;28,57;84,80
1030;04/09/2025 08:00:00;URB;351;57,71;60,90
1001;04/09/2025 09:00:00;M30;878;39,08;76,90
1002;04/09/2025 09:00:00;URB;300;35,82;78,90
1003;04/09/2025 09:00:00;M30;882;51,85;69,20
1004;04/09/2025 09:00:00;M30;854;44,85;71,30
1005;04/09/2025 09:00:00;M30;715;38,16;72,70
1006;04/09/2025 09:00:00;M30;821;33,27;74,40
1007;04/09/2025 09:00:00;M30;950;51,50;63,10
1008;04/09/2025 09:00:00;URB;229;30,46;80,60
1009;04/09/2025 09:00:00;M30;883;42,46;66,60
1010;04/09/2025 09:00:00;URB;329;55,92;65,40
1011;04/09/2025 09:00:00;URB;265;34,64;79,00
1012;04/09/2025 09:00:00;M30;846;50,50;64,70
1013;04/09/2025 09:00:00;URB;351;47,27;71,70
1014;04/09/2025 09:00:00;URB;288;33,33;82,00
1015;04/09/2025 09:00:00;M30;916;51,72;68,40
1016;04/09/2025 09:00:00;URB;303;39,40;77,00
1017;04/09/2025 09:00:00;URB;284;42,60;69,90
1018;04/09/2025 09:00:00;URB;348;44,64;72,20
1019;04/09/2025 09:00:00;M30;941;46,33;-1,00
1020;04/09/2025 09:00:00;URB;337;40,29;74,90
1021;04/09/2025 09:00:00;M30;683;27,83;75,20
1022;04/09/2025 09:00:00;URB;305;48,90;69,70
1023;04/09/2025 09:00:00;URB;369;37,04;70,80
1024;04/09/2025 09:00:00;URB;266;29,29;78,20
1025;04/09/2025 09:00:00;M30;986;44,15;72,20
1026;04/09/2025 09:00:00;URB;277;47,03;67,40
1027;04/09/2025 09:00:00;M30;900;48,93;58,10
1028;04/09/2025 09:00:00;URB;334;44,70;71,70
1029;04/09/2025 09:00:00;URB;349;40,19;69,10
1030;04/09/2025 09:00:00;URB;337;43,35;-1,00
1001;04/09/2025 10:00:00;M30;870;37,85;-1,00
1002;04/09/2025 10:00:00;URB;240;29,20;74,90
1003;04/09/2025 10:00:00;M30;708;36,01;81,50
1004;04/09/2025 10:00:00;M30;650;35,11;72,70
1005;04/09/2025 10:00:00;M30;802;34,99;79,80
1006;04/09/2025 10:00:00;M30;817;32,16;84,20
1007;04/09/2025 10:00:00;M30;880;28,04;80,80
1008;04/09/2025 10:00:00;URB;272;40,84;73,50
1009;04/09/2025 10:00:00;M30;745;30,60;79,40
1010;04/09/2025 10:00:00;URB;277;42,47;70,80
1011;04/09/2025 10:00:00;URB;274;34,51;76,30
1012;04/09/2025 10:00:00;M30;808;47,06;72,90
1013;04/09/2025 10:00:00;URB;282;26,25;80,30
1014;04/09/2025 10:00:00;URB;274;39,86;78,10
1015;04/09/2025 10:00:00;M30;836;38,34;-1,00
1016;04/09/2025 10:00:00;URB;250;34,43;79,00
1017;04/09/2025 10:00:00;URB;272;36,11;76,40
1018;04/09/2025 10:00:00;URB;312;44,56;75,00
1019;04/09/2025 10:00:00;M30;729;18,89;-1,00
1020;04/09/2025 10:00:00;URB;272;33,32;76,30
1021;04/09/2025 10:00:00;M30;878;52,95;66,20
1022;04/09/2025 10:00:00;URB;292;27,90;85,90
1023;04/09/2025 10:00:00;URB;288;35,74;78,20
1024;04/09/2025 10:00:00;URB;271;22,48;-1,00
1025;04/09/2025 10:00:00;M30;842;37,60;79,80
1026;04/09/2025 10:00:00;URB;251;30,07;-1,00
1027;04/09/2025 10:00:00;M30;772;39,42;74,10
1028;04/09/2025 10:00:00;URB;273;39,67;-1,00
1029;04/09/2025 10:00:00;URB;267;28,27;-1,00
1030;04/09/2025 10:00:00;URB;276;37,29;72,70
1001;04/09/2025 11:00:00;M30;551;31,70;84,40
1002;04/09/2025 11:00:00;URB;198;27,84;77,70
1003;04/09/2025 11:00:00;M30;567;36,82;69,40
1004;04/09/2025 11:00:00;M30;463;25,91;78,30
1005;04/09/2025 11:00:00;M30;577;23,63;77,50
1006;04/09/2025 11:00:00;M30;511;18,94;-1,00
1007;04/09/2025 11:00:00;M30;565;32,56;68,70
1008;04/09/2025 11:00:00;URB;198;26,97;81,60
1009;04/09/2025 11:00:00;M30;576;23,45;77,40
1010;04/09/2025 11:00:00;URB;223;35,32;76,90
1011;04/09/2025 11:00:00;URB;219;26,38;90,10
1012;04/09/2025 11:00:00;M30;623;26,77;76,50
1013;04/09/2025 11:00:00;URB;172;19,49;80,80
1014;04/09/2025 11:00:00;URB;207;27,27;73,30
1015;04/09/2025 11:00:00;M30;670;37,50;72,10
1016;04/09/2025 11:00:00;URB;187;23,74;78,70
1017;04/09/2025 11:00:00;URB;207;21,75;84,70
1018;04/09/2025 11:00:00;URB;179;29,70;78,20
1019;04/09/2025 11:00:00;M30;619;32,75;79,40
1020;04/09/2025 11:00:00;URB;197;24,17;83,00
1021;04/09/2025 11:00:00;M30;540;26,56;80,10
1022;04/09/2025 11:00:00;URB;194;16,69;82,00
1023;04/09/2025 11:00:00;URB;214;16,53;84,20
1024;04/09/2025 11:00:00;URB;231;35,24;73,00
1025;04/09/2025 11:00:00;M30;638;26,29;-1,00
1026;04/09/2025 11:00:00;URB;210;20,34;90,00
1027;04/09/2025 11:00:00;M30;610;27,65;81,30
1028;04/09/2025 11:00:00;URB;194;24,74;78,90
1029;04/09/2025 11:00:00;URB;226;37,60;79,70
1030;04/09/2025 11:00:00;URB;255;27,68;85,20
1001;04/09/2025 12:00:00;M30;462;28,03;82,00
1002;04/09/2025 12:00:00;URB;167;20,30;88,30
1003;04/09/2025 12:00:00;M30;534;18,32;86,40
1004;04/09/2025 12:00:00;M30;413;16,99;92,70
1005;04/09/2025 12:00:00;M30;481;28,50;-1,00
1006;04/09/2025 12:00:00;M30;419;17,95;85,90
1007;04/09/2025 12:00:00;M30;410;21,63;-1,00
1008;04/09/2025 12:00:00;URB;166;23,27;77,00
1009;04/09/2025 12:00:00;M30;351;14,66;84,30
1010;04/09/2025 12:00:00;URB;168;24,25;-1,00
1011;04/09/2025 12:00:00;URB;131;14,47;89,20
1012;04/09/2025 12:00:00;M30;467;21,12;77,90
1013;04/09/2025 12:00:00;URB;140;20,45;86,10
1014;04/09/2025 12:00:00;URB;164;23,93;71,50
1015;04/09/2025 12:00:00;M30;435;23,09;86,40
1016;04/09/2025 12:00:00;URB;157;21,71;82,90
1017;04/09/2025 12:00:00;URB;151;19,01;83,80
1018;04/09/2025 12:00:00;URB;162;15,61;87,60
1019;04/09/2025 12:00:00;M30;523;21,45;88,20
1020;04/09/2025 12:00:00;URB;151;16,52;85,60
1021;04/09/2025 12:00:00;M30;431;20,51;85,70
1022;04/09/2025 12:00:00;URB;161;17,94;76,00
1023;04/09/2025 12:00:00;URB;170;27,78;86,20
1024;04/09/2025 12:00:00;URB;135;18,90;91,50
1025;04/09/2025 12:00:00;M30;363;21,87;78,10
1026;04/09/2025 12:00:00;URB;169;26,20;78,50
1027;04/09/2025 12:00:00;M30;443;25,12;80,60
1028;04/09/2025 12:00:00;URB;146;20,34;85,40
1029;04/09/2025 12:00:00;URB;166;20,13;81,70
1030;04/09/2025 12:00:00;URB;151;20,84;84,60
1001;04/09/2025 13:00:00;M30;386;13,61;92,40
1002;04/09/2025 13:00:00;URB;119;13,90;93,80
1003;04/09/2025 13:00:00;M30;343;18,20;90,90
1004;04/09/2025 13:00:00;M30;368;11,78;91,40
1005;04/09/2025 13:00:00;M30;393;17,28;85,90
1006;04/09/2025 13:00:00;M30;397;19,90;88,00
1007;04/09/2025 13:00:00;M30;413;17,41;82,80
1008;04/09/2025 13:00:00;URB;126;11,63;92,70
1009;04/09/2025 13:00:00;M30;372;15,26;80,70
1010;04/09/2025 13:00:00;URB;129;15,16;83,80
1011;04/09/2025 13:00:00;URB;122;14,42;90,50
1012;04/09/2025 13:00:00;M30;365;23,28;78,80
1013;04/09/2025 13:00:00;URB;157;21,61;84,00
1014;04/09/2025 13:00:00;URB;121;12,17;88,60
1015;04/09/2025 13:00:00;M30;372;12,04;-1,00
1016;04/09/2025 13:00:00;URB;146;16,80;87,20
1017;04/09/2025 13:00:00;URB;131;15,60;93,70
1018;04/09/2025 13:00:00;URB;137;17,86;89,10
1019;04/09/2025 13:00:00;M30;366;17,56;82,70
1020;04/09/2025 13:00:00;URB;150;21,22;78,80
1021;04/09/2025 13:00:00;M30;406;16,03;84,30
1022;04/09/2025 13:00:00;URB;127;15,77;-1,00
1023;04/09/2025 13:00:00;URB;139;18,39;84,50
1024;04/09/2025 13:00:00;URB;140;23,15;77,00
1025;04/09/2025 13:00:00;M30;244;13,19;-1,00
1026;04/09/2025 13:00:00;URB;113;16,53;85,40
1027;04/09/2025 13:00:00;M30;334;10,11;92,20
1028;04/09/2025 13:00:00;URB;146;16,01;90,20
1029;04/09/2025 13:00:00;URB;145;15,77;88,00
1030;04/09/2025 13:00:00;URB;118;18,12;88,80
1001;04/09/2025 14:00:00;M30;354;15,76;82,40
1002;04/09/2025 14:00:00;URB;127;16,54;81,30
1003;04/09/2025 14:00:00;M30;384;20,41;87,20
1004;04/09/2025 14:00:00;M30;464;21,29;79,50
1005;04/09/2025 14:00:00;M30;341;11,80;88,50
1006;04/09/2025 14:00:00;M30;383;18,96;84,40
1007;04/09/2025 14:00:00;M30;390;17,40;82,90
1008;04/09/2025 14:00:00;URB;137;19,92;85,90
1009;04/09/2025 14:00:00;M30;434;22,32;86,50
1010;04/09/2025 14:00:00;URB;121;13,35;83,40
1011;04/09/2025 14:00:00;URB;137;17,32;84,80
1012;04/09/2025 14:00:00;M30;419;21,01;87,10
1013;04/09/2025 14:00:00;URB;139;18,64;90,40
1014;04/09/2025 14:00:00;URB;154;20,75;88,60
1015;04/09/2025 14:00:00;M30;411;20,52;84,80
1016;04/09/2025 14:00:00;URB;135;15,20;76,50
1017;04/09/2025 14:00:00;URB;139;21,03;-1,00
1018;04/09/2025 14:00:00;URB;144;18,52;87,60
1019;04/09/2025 14:00:00;M30;416;24,02;76,50
1020;04/09/2025 14:00:00;URB;143;27,10;80,00
1021;04/09/2025 14:00:00;M30;347;13,97;89,10
1022;04/09/2025 14:00:00;URB;148;16,32;80,70
1023;04/09/2025 14:00:00;URB;137;18,29;86,40
1024;04/09/2025 14:00:00;URB;118;12,96;89,30
1025;04/09/2025 14:00:00;M30;339;14,95;82,10
1026;04/09/2025 14:00:00;URB;119;20,73;88,70
1027;04/09/2025 14:00:00;M30;372;18,56;-1,00
1028;04/09/2025 14:00:00;URB;118;15,95;84,50
1029;04/09/2025 14:00:00;URB;136;21,59;82,20
1030;04/09/2025 14:00:00;URB;136;16,59;-1,00
1001;04/09/2025 15:00:00;M30;537;22,78;81,80
1002;04/09/2025 15:00:00;URB;189;23,75;78,70
1003;04/09/2025 15:00:00;M30;500;26,57;82,10
1004;04/09/2025 15:00:00;M30;458;17,30;82,30
1005;04/09/2025 15:00:00;M30;472;21,86;77,80
1006;04/09/2025 15:00:00;M30;510;29,23;-1,00
1007;04/09/2025 15:00:00;M30;493;18,98;81,50
1008;04/09/2025 15:00:00;URB;154;24,68;-1,00
1009;04/09/2025 15:00:00;M30;381;11,42;77,40
1010;04/09/2025 15:00:00;URB;167;19,71;84,00
1011;04/09/2025 15:00:00;URB;157;19,36;-1,00
1012;04/09/2025 15:00:00;M30;495;23,71;79,60
1013;04/09/2025 15:00:00;URB;150;19,32;89,30
1014;04/09/2025 15:00:00;URB;159;16,86;86,10
1015;04/09/2025 15:00:00;M30;343;13,27;84,20
1016;04/09/2025 15:00:00;URB;174;27,04;80,80
1017;04/09/2025 15:00:00;URB;164;28,65;77,00
1018;04/09/2025 15:00:00;URB;180;25,55;76,50
1019;04/09/2025 15:00:00;M30;417;22,81;80,10
1020;04/09/2025 15:00:00;URB;190;21,03;87,60
1021;04/09/2025 15:00:00;M30;530;16,61;-1,00
1022;04/09/2025 15:00:00;URB;176;27,24;72,90
1023;04/09/2025 15:00:00;URB;161;20,62;85,80
1024;04/09/2025 15:00:00;URB;154;23,46;85,90
1025;04/09/2025 15:00:00;M30;461;28,51;-1,00
1026;04/09/2025 15:00:00;URB;169;26,75;79,00
1027;04/09/2025 15:00:00;M30;492;16,73;86,00
1028;04/09/2025 15:00:00;URB;157;22,50;87,20
1029;04/09/2025 15:00:00;URB;194;26,27;82,80
1030;04/09/2025 15:00:00;URB;180;19,45;78,30
1001;04/09/2025 16:00:00;M30;715;35,32;74,30
1002;04/09/2025 16:00:00;URB;216;23,84;84,00
1003;04/09/2025 16:00:00;M30;543;20,64;87,20
1004;04/09/2025 16:00:00;M30;693;21,26;78,50
1005;04/09/2025 16:00:00;M30;595;32,75;80,90
1006;04/09/2025 16:00:00;M30;521;24,88;85,00
1007;04/09/2025 16:00:00;M30;607;35,10;70,00
1008;04/09/2025 16:00:00;URB;224;22,96;80,30
1009;04/09/2025 16:00:00;M30;621;32,19;72,70
1010;04/09/2025 16:00:00;URB;189;24,56;82,50
1011;04/09/2025 16:00:00;URB;246;32,84;77,20
1012;04/09/2025 16:00:00;M30;599;17,85;-1,00
1013;04/09/2025 16:00:00;URB;202;25,77;79,00
1014;04/09/2025 16:00:00;URB;221;31,30;80,60
1015;04/09/2025 16:00:00;M30;590;32,73;79,90
1016;04/09/2025 16:00:00;URB;179;23,21;79,40
1017;04/09/2025 16:00:00;URB;207;30,34;83,10
1018;04/09/2025 16:00:00;URB;184;18,49;85,80
1019;04/09/2025 16:00:00;M30;565;25,15;80,30
1020;04/09/2025 16:00:00;URB;221;30,96;86,40
1021;04/09/2025 16:00:00;M30;631;22,66;84,80
1022;04/09/2025 16:00:00;URB;217;25,27;76,40
1023;04/09/2025 16:00:00;URB;161;17,70;-1,00
1024;04/09/2025 16:00:00;URB;229;26,45;79,00
1024;04/09/2025 16:00:00;URB;229;26,45;79,00
1025;04/09/2025 16:00:00;M30;667;43,42;72,50
1026;04/09/2025 16:00:00;URB;203;24,69;80,90
1027;04/09/2025 16:00:00;M30;697;31,19;78,00
1028;04/09/2025 16:00:00;URB;184;19,73;80,10
1029;04/09/2025 16:00:00;URB;193;25,60;89,70
1030;04/09/2025 16:00:00;URB;180;24,77;77,50
1001;04/09/2025 17:00:00;M30;760;29,74;76,40
1002;04/09/2025 17:00:00;URB;258;31,42;79,40
1003;04/09/2025 17:00:00;M30;804;40,43;75,80
1004;04/09/2025 17:00:00;M30;843;43,66;73,60
1005;04/09/2025 17:00:00;M30;863;37,10;-1,00
1006;04/09/2025 17:00:00;M30;863;48,28;75,50
1007;04/09/2025 17:00:00;M30;798;29,97;-1,00
1008;04/09/2025 17:00:00;URB;226;27,63;76,00
1009;04/09/2025 17:00:00;M30;876;45,96;65,50
1010;04/09/2025 17:00:00;URB;262;31,86;77,50
1011;04/09/2025 17:00:00;URB;275;48,18;70,20
1012;04/09/2025 17:00:00;M30;742;34,48;84,60
1013;04/09/2025 17:00:00;URB;280;30,57;-1,00
1014;04/09/2025 17:00:00;URB;290;48,50;65,40
1015;04/09/2025 17:00:00;M30;722;26,90;85,50
1016;04/09/2025 17:00:00;URB;264;39,99;-1,00
1017;04/09/2025 17:00:00;URB;275;38,46;75,50
1018;04/09/2025 17:00:00;URB;276;45,26;66,90
1019;04/09/2025 17:00:00;M30;835;45,23;-1,00
1020;04/09/2025 17:00:00;URB;276;33,19;79,10
1021;04/09/2025 17:00:00;M30;767;30,96;74,90
1022;04/09/2025 17:00:00;URB;317;35,66;73,20
1023;04/09/2025 17:00:00;URB;294;40,01;71,00
1024;04/09/2025 17:00:00;URB;267;29,72;81,40
1025;04/09/2025 17:00:00;M30;748;41,89;-1,00
1026;04/09/2025 17:00:00;URB;303;51,93;67,00
1027;04/09/2025 17:00:00;M30;770;28,51;80,60
1028;04/09/2025 17:00:00;URB;220;22,03;85,70
1029;04/09/2025 17:00:00;URB;316;32,97;77,20
1030;04/09/2025 17:00:00;URB;271;30,30;79,10
1001;04/09/2025 18:00:00;M30;800;50,93;64,10
1002;04/09/2025 18:00:00;URB;355;42,82;73,50
1003;04/09/2025 18:00:00;M30;1.042;40,42;-1,00
1004;04/09/2025 18:00:00;M30;885;41,69;-1,00
1005;04/09/2025 18:00:00;M30;825;34,95;-1,00
1006;04/09/2025 18:00:00;M30;982;31,68;80,50
1007;04/09/2025 18:00:00;M30;997;46,76;68,60
1008;04/09/2025 18:00:00;URB;294;28,91;77,50
1009;04/09/2025 18:00:00;M30;1.007;52,32;65,40
1010;04/09/2025 18:00:00;URB;369;38,36;69,50
1011;04/09/2025 18:00:00;URB;329;46,30;72,30
1012;04/09/2025 18:00:00;M30;963;44,72;69,50
1013;04/09/2025 18:00:00;URB;354;42,94;78,70
1014;04/09/2025 18:00:00;URB;364;49,77;59,40
1015;04/09/2025 18:00:00;M30;849;33,07;73,00
1016;04/09/2025 18:00:00;URB;380;51,78;61,20
1017;04/09/2025 18:00:00;URB;303;33,82;80,50
1018;04/09/2025 18:00:00;URB;336;50,65;58,90
1019;04/09/2025 18:00:00;M30;902;44,42;79,50
1020;04/09/2025 18:00:00;URB;269;22,93;83,70
1021;04/09/2025 18:00:00;M30;911;45,51;67,40
1022;04/09/2025 18:00:00;URB;340;34,46;66,20
1023;04/09/2025 18:00:00;URB;367;28,37;76,10
1024;04/09/2025 18:00:00;URB;362;47,46;70,50
1025;04/09/2025 18:00:00;M30;962;52,74;65,60
1026;04/09/2025 18:00:00;URB;303;34,86;69,70
1027;04/09/2025 18:00:00;M30;953;48,72;68,90
1028;04/09/2025 18:00:00;URB;277;46,78;68,10
1029;04/09/2025 18:00:00;URB;283;43,93;70,50
1030;04/09/2025 18:00:00;URB;288;29,70;80,60
1001;04/09/2025 19:00:00;M30;1.020;54,23;63,30
1002;04/09/2025 19:00:00;URB;393;67,83;58,80
1003;04/09/2025 19:00:00;M30;911;31,91;76,70
1004;04/09/2025 19:00:00;M30;1.042;42,12;71,60
1005;04/09/2025 19:00:00;M30;888;33,09;77,70
1006;04/09/2025 19:00:00;M30;1.135;64,03;56,20
1007;04/09/2025 19:00:00;M30;661;36,16;77,90
1008;04/09/2025 19:00:00;URB;362;50,86;63,40
1009;04/09/2025 19:00:00;M30;990;32,50;67,80
1010;04/09/2025 19:00:00;URB;342;45,99;69,00
1011;04/09/2025 19:00:00;URB;379;43,93;-1,00
1012;04/09/2025 19:00:00;M30;1.006;37,18;74,30
1013;04/09/2025 19:00:00;URB;371;59,69;-1,00
1014;04/09/2025 19:00:00;URB;338;45,26;77,90
1015;04/09/2025 19:00:00;M30;1.245;55,09;67,90
1016;04/09/2025 19:00:00;URB;381;60,79;59,80
1017;04/09/2025 19:00:00;URB;375;45,18;-1,00
1018;04/09/2025 19:00:00;URB;336;52,17;68,60
1019;04/09/2025 19:00:00;M30;995;38,90;75,20
1020;04/09/2025 19:00:00;URB;395;44,33;73,40
1021;04/09/2025 19:00:00;M30;958;33,68;82,00
1022;04/09/2025 19:00:00;URB;345;34,27;79,90
1023;04/09/2025 19:00:00;URB;368;40,57;69,30
1024;04/09/2025 19:00:00;URB;415;61,72;60,80
1025;04/09/2025 19:00:00;M30;921;34,26;80,80
1026;04/09/2025 19:00:00;URB;346;31,08;73,50
1027;04/09/2025 19:00:00;M30;1.029;56,23;67,60
1028;04/09/2025 19:00:00;URB;416;75,20;59,60
1029;04/09/2025 19:00:00;URB;387;45,85;71,60
1030;04/09/2025 19:00:00;URB;383;43,68;63,00
1001;04/09/2025 20:00:00;M30;992;46,07;70,60
1002;04/09/2025 20:00:00;URB;317;33,71;77,30
1003;04/09/2025 20:00:00;M30;847;47,74;-1,00
1004;04/09/2025 20:00:00;M30;913;43,29;74,70
1005;04/09/2025 20:00:00;M30;979;54,53;62,40
1006;04/09/2025 20:00:00;M30;907;33,25;78,90
1007;04/09/2025 20:00:00;M30;948;48,68;66,60
1008;04/09/2025 20:00:00;URB;297;36,61;73,90
1009;04/09/2025 20:00:00;M30;842;38,33;74,40
1010;04/09/2025 20:00:00;URB;347;37,77;83,10
1011;04/09/2025 20:00:00;URB;361;61,73;62,20
1012;04/09/2025 20:00:00;M30;984;52,49;59,20
1013;04/09/2025 20:00:00;URB;414;49,08;70,90
1014;04/09/2025 20:00:00;URB;387;47,48;73,00
1015;04/09/2025 20:00:00;M30;956;40,10;77,60
1016;04/09/2025 20:00:00;URB;425;51,42;-1,00
1017;04/09/2025 20:00:00;URB;345;37,53;75,10
1018;04/09/2025 20:00:00;URB;336;29,38;-1,00
1019;04/09/2025 20:00:00;M30;997;51,32;74,50
1020;04/09/2025 20:00:00;URB;303;45,64;75,60
1021;04/09/2025 20:00:00;M30;903;36,08;76,20
1022;04/09/2025 20:00:00;URB;292;50,73;58,10
1023;04/09/2025 20:00:00;URB;411;50,33;66,10
1024;04/09/2025 20:00:00;URB;355;33,87;77,60
1025;04/09/2025 20:00:00;M30;939;47,82;63,80
1026;04/09/2025 20:00:00;URB;392;50,33;73,10
1027;04/09/2025 20:00:00;M30;1.008;46,77;68,70
1028;04/09/2025 20:00:00;URB;385;46,02;69,30
1029;04/09/2025 20:00:00;URB;406;55,84;63,50
1030;04/09/2025 20:00:00;URB;337;50,30;71,30
1001;04/09/2025 21:00:00;M30;724;39,70;-1,00
1002;04/09/2025 21:00:00;URB;275;25,96;83,50
1003;04/09/2025 21:00:00;M30;704;26,22;84,00
1004;04/09/2025 21:00:00;M30;786;32,58;78,50
1005;04/09/2025 21:00:00;M30;800;41,63;69,30
1006;04/09/2025 21:00:00;M30;896;43,72;72,50
1007;04/09/2025 21:00:00;M30;776;37,61;67,40
1008;04/09/2025 21:00:00;URB;313;40,91;78,30
1009;04/09/2025 21:00:00;M30;705;28,93;73,70
1010;04/09/2025 21:00:00;URB;296;40,92;74,50
1011;04/09/2025 21:00:00;URB;241;36,18;76,30
1012;04/09/2025 21:00:00;M30;752;31,87;83,50
1013;04/09/2025 21:00:00;URB;322;50,12;72,70
1014;04/09/2025 21:00:00;URB;276;36,25;-1,00
1015;04/09/2025 21:00:00;M30;780;24,39;82,90
1016;04/09/2025 21:00:00;URB;209;27,10;78,40
1017;04/09/2025 21:00:00;URB;218;30,75;-1,00
1018;04/09/2025 21:00:00;URB;253;29,76;78,80
1019;04/09/2025 21:00:00;M30;896;52,33;68,70
1020;04/09/2025 21:00:00;URB;293;44,81;73,40
1021;04/09/2025 21:00:00;M30;727;31,59;77,20
1022;04/09/2025 21:00:00;URB;260;28,43;82,00
1023;04/09/2025 21:00:00;URB;274;44,42;66,30
1024;04/09/2025 21:00:00;URB;250;26,73;75,60
1025;04/09/2025 21:00:00;M30;859;36,23;74,00
1026;04/09/2025 21:00:00;URB;227;33,81;76,40
1027;04/09/2025 21:00:00;M30;797;34,77;76,60
1028;04/09/2025 21:00:00;URB;247;26,80;75,40
1029;04/09/2025 21:00:00;URB;311;39,82;73,10
1030;04/09/2025 21:00:00;URB;263;27,96;82,80
1001;04/09/2025 22:00:00;M30;630;30,28;-1,00
1002;04/09/2025 22:00:00;URB;177;18,83;83,20
1003;04/09/2025 22:00:00;M30;551;15,58;85,40
1004;04/09/2025 22:00:00;M30;669;33,17;-1,00
1005;04/09/2025 22:00:00;M30;575;25,39;-1,00
1006;04/09/2025 22:00:00;M30;563;18,93;-1,00
1007;04/09/2025 22:00:00;M30;690;32,97;-1,00
1008;04/09/2025 22:00:00;URB;230;35,60;68,80
1009;04/09/2025 22:00:00;M30;606;26,93;80,60
1010;04/09/2025 22:00:00;URB;246;32,36;77,70
1011;04/09/2025 22:00:00;URB;216;28,31;-1,00
1012;04/09/2025 22:00:00;M30;620;25,09;80,70
1013;04/09/2025 22:00:00;URB;205;19,33;82,90
1014;04/09/2025 22:00:00;URB;243;31,92;76,70
1015;04/09/2025 22:00:00;M30;693;23,71;-1,00
1016;04/09/2025 22:00:00;URB;206;28,52;81,10
1017;04/09/2025 22:00:00;URB;216;32,30;74,70
1018;04/09/2025 22:00:00;URB;208;27,79;77,70
1019;04/09/2025 22:00:00;M30;562;20,22;85,50
1020;04/09/2025 22:00:00;URB;241;34,73;77,10
1021;04/09/2025 22:00:00;M30;502;23,54;85,20
1022;04/09/2025 22:00:00;URB;235;36,62;78,70
1023;04/09/2025 22:00:00;URB;218;26,52;75,40
1024;04/09/2025 22:00:00;URB;212;24,55;81,80
1025;04/09/2025 22:00:00;M30;520;28,41;88,10
1026;04/09/2025 22:00:00;URB;249;40,87;74,80
1027;04/09/2025 22:00:00;M30;621;30,47;77,10
1028;04/09/2025 22:00:00;URB;242;36,10;78,10
1029;04/09/2025 22:00:00;URB;226;30,37;80,40
1030;04/09/2025 22:00:00;URB;235;27,71;81,40
1001;04/09/2025 23:00:00;M30;497;29,28;85,80
1002;04/09/2025 23:00:00;URB;194;24,79;-1,00
1003;04/09/2025 23:00:00;M30;395;22,58;-1,00
1004;04/09/2025 23:00:00;M30;379;18,24;86,10
1005;04/09/2025 23:00:00;M30;487;19,93;83,20
1006;04/09/2025 23:00:00;M30;442;20,74;85,50
1007;04/09/2025 23:00:00;M30;454;24,37;78,90
1008;04/09/2025 23:00:00;URB;161;19,65;84,50
1009;04/09/2025 23:00:00;M30;480;22,09;85,10
1010;04/09/2025 23:00:00;URB;147;14,53;83,50
1011;04/09/2025 23:00:00;URB;136;17,25;87,30
1012;04/09/2025 23:00:00;M30;505;21,41;83,70
1013;04/09/2025 23:00:00;URB;137;10,88;83,90
1014;04/09/2025 23:00:00;URB;142;20,33;86,00
1015;04/09/2025 23:00:00;M30;460;19,57;82,10
1016;04/09/2025 23:00:00;URB;171;15,87;83,70
1017;04/09/2025 23:00:00;URB;158;22,03;-1,00
1018;04/09/2025 23:00:00;URB;153;16,22;90,50
1019;04/09/2025 23:00:00;M30;418;10,19;87,20
1020;04/09/2025 23:00:00;URB;178;27,79;78,10
1021;04/09/2025 23:00:00;M30;451;21,92;80,80
1022;04/09/2025 23:00:00;URB;181;31,18;78,20
1023;04/09/2025 23:00:00;URB;191;27,91;84,50
1024;04/09/2025 23:00:00;URB;183;25,06;80,70
1025;04/09/2025 23:00:00;M30;485;24,92;80,80
1026;04/09/2025 23:00:00;URB;168;18,15;84,80
1027;04/09/2025 23:00:00;M30;512;22,26;78,30
1028;04/09/2025 23:00:00;URB;166;22,29;81,30
1029;04/09/2025 23:00:00;URB;145;18,82;87,60
1030;04/09/2025 23:00:00;URB;171;20,60;84,80
1001;05/09/2025 00:00:00;M30;289;12,03;94,70
1002;05/09/2025 00:00:00;URB;118;11,52;90,40
1003;05/09/2025 00:00:00;M30;391;15,78;87,90
1004;05/09/2025 00:00:00;M30;294;13,12;92,10
1004;05/09/2025 00:00:00;M30;294;13,12;92,10
1005;05/09/2025 00:00:00;M30;304;14,71;-1,00
1006;05/09/2025 00:00:00;M30;296;16,38;90,40
1007;05/09/2025 00:00:00;M30;319;16,80;-1,00
1008;05/09/2025 00:00:00;URB;99;13,71;92,60
1009;05/09/2025 00:00:00;M30;302;14,87;92,20
1010;05/09/2025 00:00:00;URB;101;14,58;85,10
1011;05/09/2025 00:00:00;URB;116;12,52;92,10
1012;05/09/2025 00:00:00;M30;286;12,17;93,50
1013;05/09/2025 00:00:00;URB;108;15,10;90,90
1014;05/09/2025 00:00:00;URB;123;17,00;85,00
1015;05/09/2025 00:00:00;M30;344;14,26;-1,00
1016;05/09/2025 00:00:00;URB;115;13,20;98,50
1017;05/09/2025 00:00:00;URB;127;15,47;86,30
1018;05/09/2025 00:00:00;URB;124;11,19;84,80
1019;05/09/2025 00:00:00;M30;302;13,64;86,20
1020;05/09/2025 00:00:00;URB;131;19,88;78,60
1021;05/09/2025 00:00:00;M30;330;13,44;-1,00
1022;05/09/2025 00:00:00;URB;119;16,60;80,60
1023;05/09/2025 00:00:00;URB;121;14,72;84,10
1024;05/09/2025 00:00:00;URB;114;14,44;91,30
1025;05/09/2025 00:00:00;M30;298;11,29;88,80
1026;05/09/2025 00:00:00;URB;126;16,50;82,50
1027;05/09/2025 00:00:00;M30;294;15,86;86,20
1028;05/09/2025 00:00:00;URB;118;10,26;92,10
1029;05/09/2025 00:00:00;URB;118;14,59;-1,00
1030;05/09/2025 00:00:00;URB;137;16,42;86,30
1001;05/09/2025 01:00:00;M30;338;22,78;77,80
1002;05/09/2025 01:00:00;URB;99;11,84;87,70
1003;05/09/2025 01:00:00;M30;294;15,27;-1,00
1004;05/09/2025 01:00:00;M30;359;20,72;82,10
1005;05/09/2025 01:00:00;M30;282;13,00;91,20
1006;05/09/2025 01:00:00;M30;276;14,09;81,90
1007;05/09/2025 01:00:00;M30;344;8,26;96,70
1008;05/09/2025 01:00:00;URB;127;15,32;82,70
1009;05/09/2025 01:00:00;M30;347;17,50;88,80
1010;05/09/2025 01:00:00;URB;94;10,87;96,40
1011;05/09/2025 01:00:00;URB;95;10,44;92,70
1012;05/09/2025 01:00:00;M30;291;8,32;97,60
1013;05/09/2025 01:00:00;URB;107;9,39;89,30
1014;05/09/2025 01:00:00;URB;108;13,32;-1,00
1015;05/09/2025 01:00:00;M30;296;11,72;-1,00
1016;05/09/2025 01:00:00;URB;116;18,76;79,10
1017;05/09/2025 01:00:00;URB;108;12,36;-1,00
1018;05/09/2025 01:00:00;URB;110;15,04;85,60
1019;05/09/2025 01:00:00;M30;292;18,26;81,20
1020;05/09/2025 01:00:00;URB;114;16,41;84,60
1021;05/09/2025 01:00:00;M30;300;18,14;85,30
1022;05/09/2025 01:00:00;URB;112;15,05;88,50
1023;05/09/2025 01:00:00;URB;104;13,36;92,20
1024;05/09/2025 01:00:00;URB;114;14,69;88,70
1025;05/09/2025 01:00:00;M30;346;16,23;83,30
1026;05/09/2025 01:00:00;URB;105;8,52;89,30
1027;05/09/2025 01:00:00;M30;297;8,59;90,00
1028;05/09/2025 01:00:00;URB;115;12,03;85,80
1029;05/09/2025 01:00:00;URB;115;12,75;86,20
1030;05/09/2025 01:00:00;URB;113;14,15;86,90
1001;05/09/2025 02:00:00;M30;292;15,54;85,10
1002;05/09/2025 02:00:00;URB;104;15,57;82,50
1003;05/09/2025 02:00:00;M30;333;16,62;-1,00
1004;05/09/2025 02:00:00;M30;298;17,83;-1,00
1005;05/09/2025 02:00:00;M30;361;20,81;78,20
1006;05/09/2025 02:00:00;M30;312;9,95;89,30
1007;05/09/2025 02:00:00;M30;258;15,68;86,00
1008;05/09/2025 02:00:00;URB;116;18,91;89,00
1009;05/09/2025 02:00:00;M30;313;13,47;91,40
1010;05/09/2025 02:00:00;URB;122;11,56;-1,00
1011;05/09/2025 02:00:00;URB;124;10,00;87,50
1012;05/09/2025 02:00:00;M30;277;15,51;87,40
1013;05/09/2025 02:00:00;URB;114;14,97;82,40
1014;05/09/2025 02:00:00;URB;114;13,02;82,00
1015;05/09/2025 02:00:00;M30;371;14,95;88,20
1016;05/09/2025 02:00:00;URB;124;12,30;88,20
1017;05/09/2025 02:00:00;URB;125;14,36;95,80
1018;05/09/2025 02:00:00;URB;94;12,55;89,20
1019;05/09/2025 02:00:00;M30;312;18,77;78,90
1020;05/09/2025 02:00:00;URB;114;14,92;86,20
1021;05/09/2025 02:00:00;M30;309;12,26;86,60
1022;05/09/2025 02:00:00;URB;124;15,33;88,90
1023;05/09/2025 02:00:00;URB;126;17,56;-1,00
1024;05/09/2025 02:00:00;URB;108;14,46;88,20
1025;05/09/2025 02:00:00;M30;245;11,93;90,80
1026;05/09/2025 02:00:00;URB;103;17,12;78,90
1027;05/09/2025 02:00:00;M30;354;16,45;93,50
1028;05/09/2025 02:00:00;URB;121;17,49;87,00
1029;05/09/2025 02:00:00;URB;123;14,61;83,50
1030;05/09/2025 02:00:00;URB;132;17,84;-1,00
1001;05/09/2025 03:00:00;M30;348;16,81;85,10
1002;05/09/2025 03:00:00;URB;101;10,94;95,50
1003;05/09/2025 03:00:00;M30;349;12,74;88,60
1004;05/09/2025 03:00:00;M30;280;11,33;90,20
1005;05/09/2025 03:00:00;M30;336;12,52;90,40
1006;05/09/2025 03:00:00;M30;364;18,37;89,10
1007;05/09/2025 03:00:00;M30;338;14,85;88,30
1008;05/09/2025 03:00:00;URB;123;13,50;85,60
1009;05/09/2025 03:00:00;M30;348;15,40;84,40
1010;05/09/2025 03:00:00;URB;128;11,81;85,10
1011;05/09/2025 03:00:00;URB;115;16,71;86,80
1012;05/09/2025 03:00:00;M30;277;9,96;91,10
1013;05/09/2025 03:00:00;URB;101;10,25;91,50
1014;05/09/2025 03:00:00;URB;114;19,44;83,00
1015;05/09/2025 03:00:00;M30;328;16,67;83,80
1016;05/09/2025 03:00:00;URB;144;18,49;83,30
1017;05/09/2025 03:00:00;URB;98;18,53;81,80
1018;05/09/2025 03:00:00;URB;115;7,74;90,30
1019;05/09/2025 03:00:00;M30;288;19,53;85,40
1020;05/09/2025 03:00:00;URB;132;12,91;85,30
1021;05/09/2025 03:00:00;M30;257;13,94;89,30
1022;05/09/2025 03:00:00;URB;109;16,51;-1,00
1023;05/09/2025 03:00:00;URB;135;16,67;90,60
1024;05/09/2025 03:00:00;URB;96;12,18;88,70
1025;05/09/2025 03:00:00;M30;364;9,54;92,00
1026;05/09/2025 03:00:00;URB;110;13,64;86,50
1027;05/09/2025 03:00:00;M30;378;17,54;86,10
1028;05/09/2025 03:00:00;URB;105;13,36;86,50
1029;05/09/2025 03:00:00;URB;108;16,39;-1,00
1030;05/09/2025 03:00:00;URB;132;14,35;91,40
1001;05/09/2025 04:00:00;M30;377;18,81;86,00
1002;05/09/2025 04:00:00;URB;145;18,46;82,40
1003;05/09/2025 04:00:00;M30;371;19,71;87,80
1004;05/09/2025 04:00:00;M30;345;14,02;87,00
1005;05/09/2025 04:00:00;M30;300;16,52;80,30
1006;05/09/2025 04:00:00;M30;324;17,26;77,90
1007;05/09/2025 04:00:00;M30;332;13,21;84,20
1008;05/09/2025 04:00:00;URB;130;19,72;90,40
1009;05/09/2025 04:00:00;M30;360;15,50;82,60
1010;05/09/2025 04:00:00;URB;130;14,49;85,30
1011;05/09/2025 04:00:00;URB;133;21,39;-1,00
1012;05/09/2025 04:00:00;M30;293;18,25;86,60
1013;05/09/2025 04:00:00;URB;121;15,94;84,60
1014;05/09/2025 04:00:00;URB;129;22,32;89,90
1015;05/09/2025 04:00:00;M30;384;16,81;84,90
1016;05/09/2025 04:00:00;URB;103;15,04;88,80
1017;05/09/2025 04:00:00;URB;123;11,61;94,40
1018;05/09/2025 04:00:00;URB;124;22,88;77,00
1019;05/09/2025 04:00:00;M30;395;18,61;89,80
1020;05/09/2025 04:00:00;URB;145;17,48;90,60
1021;05/09/2025 04:00:00;M30;377;12,88;88,90
1022;05/09/2025 04:00:00;URB;107;10,00;92,80
1023;05/09/2025 04:00:00;URB;143;22,01;81,00
1024;05/09/2025 04:00:00;URB;107;18,86;81,20
1025;05/09/2025 04:00:00;M30;343;16,72;85,10
1026;05/09/2025 04:00:00;URB;149;21,24;88,20
1027;05/09/2025 04:00:00;M30;406;18,89;89,70
1028;05/09/2025 04:00:00;URB;141;16,74;87,90
1029;05/09/2025 04:00:00;URB;114;16,57;86,00
1030;05/09/2025 04:00:00;URB;120;18,39;84,00
1001;05/09/2025 05:00:00;M30;402;18,77;-1,00
1002;05/09/2025 05:00:00;URB;146;21,08;85,10
1003;05/09/2025 05:00:00;M30;383;18,34;83,40
1004;05/09/2025 05:00:00;M30;368;17,21;84,00
1005;05/09/2025 05:00:00;M30;395;22,94;86,00
1006;05/09/2025 05:00:00;M30;501;17,72;88,10
1007;05/09/2025 05:00:00;M30;480;15,47;90,50
1008;05/09/2025 05:00:00;URB;170;20,14;85,30
1009;05/09/2025 05:00:00;M30;405;14,66;85,50
1010;05/09/2025 05:00:00;URB;134;12,06;95,30
1011;05/09/2025 05:00:00;URB;181;36,40;77,30
1012;05/09/2025 05:00:00;M30;443;20,19;86,90
1013;05/09/2025 05:00:00;URB;136;18,26;82,40
1014;05/09/2025 05:00:00;URB;153;21,09;85,20
1015;05/09/2025 05:00:00;M30;468;24,62;77,70
1016;05/09/2025 05:00:00;URB;139;18,41;88,70
1017;05/09/2025 05:00:00;URB;140;17,46;90,00
1018;05/09/2025 05:00:00;URB;146;21,31;86,40
1019;05/09/2025 05:00:00;M30;503;29,36;80,60
1020;05/09/2025 05:00:00;URB;193;28,65;82,10
1021;05/09/2025 05:00:00;M30;417;14,82;90,50
1022;05/09/2025 05:00:00;URB;155;22,71;77,60
1023;05/09/2025 05:00:00;URB;169;21,45;81,40
1024;05/09/2025 05:00:00;URB;149;16,83;-1,00
1025;05/09/2025 05:00:00;M30;418;15,83;79,20
1026;05/09/2025 05:00:00;URB;155;22,11;77,30
1027;05/09/2025 05:00:00;M30;461;26,98;74,80
1028;05/09/2025 05:00:00;URB;166;24,60;83,20
1029;05/09/2025 05:00:00;URB;158;15,81;86,50
1030;05/09/2025 05:00:00;URB;121;17,10;86,30
1001;05/09/2025 06:00:00;M30;615;30,50;76,40
1002;05/09/2025 06:00:00;URB;185;24,62;81,90
1003;05/09/2025 06:00:00;M30;528;31,72;69,60
1004;05/09/2025 06:00:00;M30;539;25,43;76,20
1005;05/09/2025 06:00:00;M30;662;31,69;83,70
1006;05/09/2025 06:00:00;M30;514;21,60;86,00
1007;05/09/2025 06:00:00;M30;687;34,42;83,70
1008;05/09/2025 06:00:00;URB;206;27,04;76,40
1009;05/09/2025 06:00:00;M30;637;24,38;75,90
1010;05/09/2025 06:00:00;URB;217;37,97;79,10
1011;05/09/2025 06:00:00;URB;197;27,10;84,90
1012;05/09/2025 06:00:00;M30;588;41,81;73,10
1013;05/09/2025 06:00:00;URB;188;22,68;-1,00
1014;05/09/2025 06:00:00;URB;204;26,97;84,20
1015;05/09/2025 06:00:00;M30;533;28,06;81,00
1016;05/09/2025 06:00:00;URB;195;28,26;83,30
1017;05/09/2025 06:00:00;URB;172;23,46;79,80
1018;05/09/2025 06:00:00;URB;221;34,10;77,10
1019;05/09/2025 06:00:00;M30;550;28,79;83,10
1020;05/09/2025 06:00:00;URB;219;30,44;80,70
1021;05/09/2025 06:00:00;M30;409;23,50;77,00
1022;05/09/2025 06:00:00;URB;213;27,58;79,70
1023;05/09/2025 06:00:00;URB;217;32,19;-1,00
1024;05/09/2025 06:00:00;URB;197;17,62;79,00
1025;05/09/2025 06:00:00;M30;571;24,50;80,50
1026;05/09/2025 06:00:00;URB;212;17,18;87,90
1027;05/09/2025 06:00:00;M30;545;28,23;82,60
1028;05/09/2025 06:00:00;URB;179;24,70;85,60
1029;05/09/2025 06:00:00;URB;224;20,95;88,80
1030;05/09/2025 06:00:00;URB;201;25,65;78,60
1001;05/09/2025 07:00:00;M30;659;15,73;82,50
1002;05/09/2025 07:00:00;URB;306;41,36;74,00
1003;05/09/2025 07:00:00;M30;718;38,66;69,90
1004;05/09/2025 07:00:00;M30;694;46,16;71,90
1005;05/09/2025 07:00:00;M30;684;29,43;78,80
1006;05/09/2025 07:00:00;M30;801;32,06;79,90
1007;05/09/2025 07:00:00;M30;864;30,83;-1,00
1008;05/09/2025 07:00:00;URB;280;23,35;82,50
1009;05/09/2025 07:00:00;M30;658;27,80;74,70
1010;05/09/2025 07:00:00;URB;288;40,23;76,00
1011;05/09/2025 07:00:00;URB;279;33,67;-1,00
1012;05/09/2025 07:00:00;M30;736;38,68;74,70
1013;05/09/2025 07:00:00;URB;288;51,16;68,30
1014;05/09/2025 07:00:00;URB;287;41,41;73,20
1015;05/09/2025 07:00:00;M30;695;41,30;76,00
1016;05/09/2025 07:00:00;URB;280;34,80;75,70
1017;05/09/2025 07:00:00;URB;294;42,54;-1,00
1018;05/09/2025 07:00:00;URB;256;40,89;75,00
1019;05/09/2025 07:00:00;M30;640;19,72;80,10
1020;05/09/2025 07:00:00;URB;254;20,54;-1,00
1021;05/09/2025 07:00:00;M30;885;30,15;77,70
1022;05/09/2025 07:00:00;URB;252;39,96;72,20
1023;05/09/2025 07:00:00;URB;239;26,08;85,50
1024;05/09/2025 07:00:00;URB;264;39,22;68,00
1025;05/09/2025 07:00:00;M30;662;35,35;78,90
1026;05/09/2025 07:00:00;URB;238;37,76;79,40
1027;05/09/2025 07:00:00;M30;763;35,19;76,00
1028;05/09/2025 07:00:00;URB;254;39,69;-1,00
1029;05/09/2025 07:00:00;URB;292;34,82;-1,00
1030;05/09/2025 07:00:00;URB;324;47,83;69,80
1001;05/09/2025 08:00:00;M30;838;24,72;76,00
1002;05/09/2025 08:00:00;URB;335;36,02;78,30
1003;05/09/2025 08:00:00;M30;826;30,86;74,00
1004;05/09/2025 08:00:00;M30;882;36,91;74,20
1005;05/09/2025 08:00:00;M30;610;24,03;86,80
1006;05/09/2025 08:00:00;M30;934;46,09;66,70
1007;05/09/2025 08:00:00;M30;865;48,82;63,70
1008;05/09/2025 08:00:00;URB;324;47,76;65,60
1009;05/09/2025 08:00:00;M30;863;35,81;74,30
1010;05/09/2025 08:00:00;URB;368;49,79;63,30
1011;05/09/2025 08:00:00;URB;295;31,56;78,20
1012;05/09/2025 08:00:00;M30;776;44,39;68,20
1013;05/09/2025 08:00:00;URB;329;42,81;68,10
1014;05/09/2025 08:00:00;URB;395;35,26;69,80
1015;05/09/2025 08:00:00;M30;912;37,08;77,50
1016;05/09/2025 08:00:00;URB;322;41,82;66,10
1017;05/09/2025 08:00:00;URB;309;36,24;75,30
1018;05/09/2025 08:00:00;URB;317;41,03;69,00
1019;05/09/2025 08:00:00;M30;878;43,44;68,70
1020;05/09/2025 08:00:00;URB;290;41,62;77,20
1021;05/09/2025 08:00:00;M30;968;62,90;58,50
1022;05/09/2025 08:00:00;URB;279;35,35;78,30
1023;05/09/2025 08:00:00;URB;313;42,71;64,60
1024;05/09/2025 08:00:00;URB;349;43,89;70,20
1025;05/09/2025 08:00:00;M30;845;39,01;75,30
1026;05/09/2025 08:00:00;URB;245;32,67;78,50
1027;05/09/2025 08:00:00;M30;853;34,49;69,80
1028;05/09/2025 08:00:00;URB;261;26,84;73,60
1029;05/09/2025 08:00:00;URB;291;34,92;72,60
1030;05/09/2025 08:00:00;URB;337;39,45;71,60
1001;05/09/2025 09:00:00;M30;940;49,83;70,70
1002;05/09/2025 09:00:00;URB;301;44,29;63,40
1003;05/09/2025 09:00:00;M30;998;39,84;73,90
1004;05/09/2025 09:00:00;M30;962;47,96;74,90
1005;05/09/2025 09:00:00;M30;841;46,59;72,00
1006;05/09/2025 09:00:00;M30;839;43,92;73,20
1007;05/09/2025 09:00:00;M30;793;39,46;-1,00
1008;05/09/2025 09:00:00;URB;306;31,20;84,20
1009;05/09/2025 09:00:00;M30;883;34,51;83,20
1010;05/09/2025 09:00:00;URB;316;50,48;67,80
1011;05/09/2025 09:00:00;URB;247;36,05;76,80
1012;05/09/2025 09:00:00;M30;848;36,92;79,90
1013;05/09/2025 09:00:00;URB;344;50,58;65,30
1014;05/09/2025 09:00:00;URB;322;35,32;74,90
1015;05/09/2025 09:00:00;M30;791;31,73;75,80
1016;05/09/2025 09:00:00;URB;314;56,23;69,30
1017;05/09/2025 09:00:00;URB;306;44,19;66,80
1018;05/09/2025 09:00:00;URB;294;43,05;-1,00
1019;05/09/2025 09:00:00;M30;861;39,39;72,50
1020;05/09/2025 09:00:00;URB;300;36,54;78,60
1021;05/09/2025 09:00:00;M30;751;40,04;-1,00
1022;05/09/2025 09:00:00;URB;321;49,47;64,90
1023;05/09/2025 09:00:00;URB;352;50,69;-1,00
1024;05/09/2025 09:00:00;URB;309;28,08;86,50
1025;05/09/2025 09:00:00;M30;849;62,50;58,20
1026;05/09/2025 09:00:00;URB;343;45,95;-1,00
1027;05/09/2025 09:00:00;M30;831;42,35;72,40
1028;05/09/2025 09:00:00;URB;377;45,42;68,80
1029;05/09/2025 09:00:00;URB;291;38,34;71,30
1030;05/09/2025 09:00:00;URB;301;38,48;-1,00
1001;05/09/2025 10:00:00;M30;815;35,43;76,40
1002;05/09/2025 10:00:00;URB;240;37,69;80,20
1003;05/09/2025 10:00:00;M30;797;38,30;73,50
1004;05/09/2025 10:00:00;M30;814;34,02;79,40
1005;05/09/2025 10:00:00;M30;750;27,64;79,90
1006;05/09/2025 10:00:00;M30;850;30,30;78,10
1007;05/09/2025 10:00:00;M30;618;27,52;80,30
1008;05/09/2025 10:00:00;URB;262;36,81;67,20
1009;05/09/2025 10:00:00;M30;754;33,46;-1,00
1010;05/09/2025 10:00:00;URB;263;25,36;78,00
1011;05/09/2025 10:00:00;URB;297;32,87;75,40
1012;05/09/2025 10:00:00;M30;872;32,98;76,70
1013;05/09/2025 10:00:00;URB;311;35,50;74,70
1014;05/09/2025 10:00:00;URB;289;36,07;73,80
1015;05/09/2025 10:00:00;M30;611;33,44;77,30
1016;05/09/2025 10:00:00;URB;232;30,29;83,90
1017;05/09/2025 10:00:00;URB;307;45,94;-1,00
1018;05/09/2025 10:00:00;URB;294;38,37;81,60
1019;05/09/2025 10:00:00;M30;712;34,59;83,60
1020;05/09/2025 10:00:00;URB;260;30,33;76,30
1021;05/09/2025 10:00:00;M30;605;25,88;73,30
1022;05/09/2025 10:00:00;URB;319;36,36;71,90
1023;05/09/2025 10:00:00;URB;251;27,86;78,70
1024;05/09/2025 10:00:00;URB;260;36,23;73,40
1025;05/09/2025 10:00:00;M30;732;45,19;79,00
1026;05/09/2025 10:00:00;URB;234;38,65;70,90
1027;05/09/2025 10:00:00;M30;897;35,51;78,50
1028;05/09/2025 10:00:00;URB;270;33,95;78,10
1029;05/09/2025 10:00:00;URB;252;34,98;78,70
1030;05/09/2025 10:00:00;URB;320;40,68;-1,00
1001;05/09/2025 11:00:00;M30;506;27,69;72,20
1002;05/09/2025 11:00:00;URB;192;15,55;84,90
1003;05/09/2025 11:00:00;M30;613;34,43;73,90
1004;05/09/2025 11:00:00;M30;546;27,90;77,70
1005;05/09/2025 11:00:00;M30;588;28,81;77,80
1006;05/09/2025 11:00:00;M30;526;19,24;84,10
1007;05/09/2025 11:00:00;M30;574;29,09;79,50
1008;05/09/2025 11:00:00;URB;221;32,90;-1,00
1009;05/09/2025 11:00:00;M30;736;45,05;-1,00
1010;05/09/2025 11:00:00;URB;196;30,93;73,10
1011;05/09/2025 11:00:00;URB;238;30,05;75,30
1012;05/09/2025 11:00:00;M30;467;23,38;76,10
1013;05/09/2025 11:00:00;URB;205;19,05;90,20
1014;05/09/2025 11:00:00;URB;180;26,51;76,60
1015;05/09/2025 11:00:00;M30;699;37,18;-1,00
1016;05/09/2025 11:00:00;URB;193;15,64;88,90
1017;05/09/2025 11:00:00;URB;219;24,85;-1,00
1018;05/09/2025 11:00:00;URB;169;17,24;87,40
1019;05/09/2025 11:00:00;M30;507;21,19;83,60
1020;05/09/2025 11:00:00;URB;224;24,88;80,90
1021;05/09/2025 11:00:00;M30;676;31,84;76,20
1022;05/09/2025 11:00:00;URB;218;22,66;82,00
1023;05/09/2025 11:00:00;URB;203;26,36;81,00
1024;05/09/2025 11:00:00;URB;208;27,86;82,10
1025;05/09/2025 11:00:00;M30;563;25,44;89,90
1026;05/09/2025 11:00:00;URB;205;28,09;81,40
1027;05/09/2025 11:00:00;M30;610;27,94;83,50
1028;05/09/2025 11:00:00;URB;185;19,31;-1,00
1029;05/09/2025 11:00:00;URB;181;25,59;81,50
1030;05/09/2025 11:00:00;URB;235;32,27;76,90
1001;05/09/2025 12:00:00;M30;494;21,41;83,90
1002;05/09/2025 12:00:00;URB;161;24,20;-1,00
1003;05/09/2025 12:00:00;M30;418;22,39;-1,00
1004;05/09/2025 12:00:00;M30;493;20,03;82,70
1005;05/09/2025 12:00:00;M30;492;19,02;90,30
1006;05/09/2025 12:00:00;M30;523;30,07;79,60
1007;05/09/2025 12:00:00;M30;437;19,77;-1,00
1008;05/09/2025 12:00:00;URB;172;21,33;77,50
1009;05/09/2025 12:00:00;M30;386;19,37;89,70
1010;05/09/2025 12:00:00;URB;148;17,80;86,50
1011;05/09/2025 12:00:00;URB;175;18,02;83,40
1012;05/09/2025 12:00:00;M30;480;27,38;-1,00
1013;05/09/2025 12:00:00;URB;165;28,23;80,70
1014;05/09/2025 12:00:00;URB;130;10,73;85,90
1015;05/09/2025 12:00:00;M30;457;22,28;83,50
1016;05/09/2025 12:00:00;URB;179;33,63;75,70
1017;05/09/2025 12:00:00;URB;123;17,36;88,00
1018;05/09/2025 12:00:00;URB;177;15,71;85,60
1019;05/09/2025 12:00:00;M30;451;23,41;84,20
1020;05/09/2025 12:00:00;URB;162;23,63;87,30
1021;05/09/2025 12:00:00;M30;429;15,91;85,80
1022;05/09/2025 12:00:00;URB;145;15,53;-1,00
1023;05/09/2025 12:00:00;URB;160;19,37;89,50
1024;05/09/2025 12:00:00;URB;180;24,47;80,00
1025;05/09/2025 12:00:00;M30;479;19,28;90,30
1026;05/09/2025 12:00:00;URB;169;26,70;-1,00
1027;05/09/2025 12:00:00;M30;439;14,26;86,90
1028;05/09/2025 12:00:00;URB;149;16,92;90,40
1029;05/09/2025 12:00:00;URB;175;27,61;81,60
1030;05/09/2025 12:00:00;URB;190;26,32;79,50
1001;05/09/2025 13:00:00;M30;367;18,58;81,30
1002;05/09/2025 13:00:00;URB;117;15,75;92,40
1003;05/09/2025 13:00:00;M30;420;15,42;92,40
1004;05/09/2025 13:00:00;M30;390;14,38;83,70
1005;05/09/2025 13:00:00;M30;428;13,58;82,60
1006;05/09/2025 13:00:00;M30;340;19,43;89,60
1007;05/09/2025 13:00:00;M30;296;11,79;86,20
1008;05/09/2025 13:00:00;URB;126;17,70;-1,00
1009;05/09/2025 13:00:00;M30;416;16,88;87,10
1010;05/09/2025 13:00:00;URB;146;18,17;85,50
1011;05/09/2025 13:00:00;URB;138;12,32;86,30
1012;05/09/2025 13:00:00;M30;364;16,59;80,70
1013;05/09/2025 13:00:00;URB;175;26,75;78,70
1014;05/09/2025 13:00:00;URB;145;20,49;79,60
1015;05/09/2025 13:00:00;M30;378;20,36;78,30
1016;05/09/2025 13:00:00;URB;142;15,91;87,70
1017;05/09/2025 13:00:00;URB;137;18,39;89,50
1018;05/09/2025 13:00:00;URB;108;17,61;94,90
1019;05/09/2025 13:00:00;M30;325;17,38;88,00
1020;05/09/2025 13:00:00;URB;133;15,73;82,10
1021;05/09/2025 13:00:00;M30;361;16,90;82,90
1022;05/09/2025 13:00:00;URB;152;21,20;82,10
1023;05/09/2025 13:00:00;URB;149;14,86;86,30
1024;05/09/2025 13:00:00;URB;109;16,91;87,80
1025;05/09/2025 13:00:00;M30;359;16,96;89,40
1026;05/09/2025 13:00:00;URB;136;18,21;74,90
1027;05/09/2025 13:00:00;M30;371;12,81;-1,00
1028;05/09/2025 13:00:00;URB;135;18,82;-1,00
1029;05/09/2025 13:00:00;URB;143;21,08;-1,00
1030;05/09/2025 13:00:00;URB;135;21,38;76,90
1001;05/09/2025 14:00:00;M30;432;22,91;82,70
1002;05/09/2025 14:00:00;URB;126;18,06;81,90
1003;05/09/2025 14:00:00;M30;446;16,52;82,80
1004;05/09/2025 14:00:00;M30;323;16,88;80,00
1005;05/09/2025 14:00:00;M30;450;22,52;88,80
1006;05/09/2025 14:00:00;M30;404;18,20;91,00
1007;05/09/2025 14:00:00;M30;425;18,07;-1,00
1008;05/09/2025 14:00:00;URB;124;17,68;85,30
1009;05/09/2025 14:00:00;M30;436;20,89;81,40
1010;05/09/2025 14:00:00;URB;124;17,97;87,40
1011;05/09/2025 14:00:00;URB;126;14,79;88,30
1012;05/09/2025 14:00:00;M30;449;24,67;82,30
1013;05/09/2025 14:00:00;URB;155;20,69;83,70
1014;05/09/2025 14:00:00;URB;139;18,74;91,80
1015;05/09/2025 14:00:00;M30;361;17,05;87,70
1016;05/09/2025 14:00:00;URB;155;26,05;77,10
1017;05/09/2025 14:00:00;URB;124;14,25;92,40
1018;05/09/2025 14:00:00;URB;130;18,50;-1,00
1019;05/09/2025 14:00:00;M30;381;17,72;-1,00
1020;05/09/2025 14:00:00;URB;143;16,82;85,90
1021;05/09/2025 14:00:00;M30;389;15,62;88,30
1022;05/09/2025 14:00:00;URB;147;12,81;-1,00
1023;05/09/2025 14:00:00;URB;142;14,90;84,40
1024;05/09/2025 14:00:00;URB;141;15,18;-1,00
1025;05/09/2025 14:00:00;M30;346;21,13;-1,00
1026;05/09/2025 14:00:00;URB;169;26,20;81,80
1027;05/09/2025 14:00:00;M30;443;17,03;-1,00
1028;05/09/2025 14:00:00;URB;141;16,82;78,50
1029;05/09/2025 14:00:00;URB;124;15,65;86,50
1030;05/09/2025 14:00:00;URB;126;13,82;90,40
1001;05/09/2025 15:00:00;M30;387;21,97;83,00
1002;05/09/2025 15:00:00;URB;164;21,90;85,10
1003;05/09/2025 15:00:00;M30;442;14,82;90,80
1004;05/09/2025 15:00:00;M30;454;22,80;70,60
1005;05/09/2025 15:00:00;M30;456;18,98;84,40
1006;05/09/2025 15:00:00;M30;515;16,66;86,50
1007;05/09/2025 15:00:00;M30;418;15,47;91,10
1008;05/09/2025 15:00:00;URB;170;18,04;83,00
1009;05/09/2025 15:00:00;M30;451;14,23;86,90
1010;05/09/2025 15:00:00;URB;165;23,17;-1,00
1011;05/09/2025 15:00:00;URB;186;26,51;82,00
1012;05/09/2025 15:00:00;M30;484;14,81;84,00
1013;05/09/2025 15:00:00;URB;173;23,48;82,50
1014;05/09/2025 15:00:00;URB;147;21,23;79,20
1015;05/09/2025 15:00:00;M30;465;25,43;82,10
1016;05/09/2025 15:00:00;URB;166;21,11;83,90
1017;05/09/2025 15:00:00;URB;171;26,76;86,80
1018;05/09/2025 15:00:00;URB;161;20,50;88,30
1019;05/09/2025 15:00:00;M30;475;17,12;87,10
1020;05/09/2025 15:00:00;URB;162;14,44;82,20
1021;05/09/2025 15:00:00;M30;447;20,10;90,40
1022;05/09/2025 15:00:00;URB;181;21,70;78,80
1023;05/09/2025 15:00:00;URB;142;18,41;-1,00
1024;05/09/2025 15:00:00;URB;177;22,66;80,50
1025;05/09/2025 15:00:00;M30;509;27,01;82,30
1026;05/09/2025 15:00:00;URB;144;22,07;79,70
1027;05/09/2025 15:00:00;M30;404;15,63;95,80
1028;05/09/2025 15:00:00;URB;145;18,66;80,10
1029;05/09/2025 15:00:00;URB;165;18,07;85,30
1030;05/09/2025 15:00:00;URB;194;27,02;72,30
1001;05/09/2025 16:00:00;M30;505;30,46;80,70
1002;05/09/2025 16:00:00;URB;215;32,69;79,50
1003;05/09/2025 16:00:00;M30;517;28,97;78,90
1004;05/09/2025 16:00:00;M30;666;29,19;79,80
1005;05/09/2025 16:00:00;M30;637;31,81;79,70
1006;05/09/2025 16:00:00;M30;636;28,05;80,30
1007;05/09/2025 16:00:00;M30;614;22,29;-1,00
1008;05/09/2025 16:00:00;URB;219;34,27;79,20
1009;05/09/2025 16:00:00;M30;636;40,28;71,70
1010;05/09/2025 16:00:00;URB;207;24,20;85,90
1011;05/09/2025 16:00:00;URB;232;35,91;74,50
1012;05/09/2025 16:00:00;M30;690;28,46;-1,00
1013;05/09/2025 16:00:00;URB;177;29,35;80,10
1014;05/09/2025 16:00:00;URB;212;32,67;85,80
1015;05/09/2025 16:00:00;M30;633;26,59;77,90
1016;05/09/2025 16:00:00;URB;214;33,52;72,00
1017;05/09/2025 16:00:00;URB;225;33,16;-1,00
1018;05/09/2025 16:00:00;URB;201;24,17;79,90
1019;05/09/2025 16:00:00;M30;642;33,34;-1,00
1020;05/09/2025 16:00:00;URB;202;26,97;79,50
1021;05/09/2025 16:00:00;M30;545;30,51;82,00
1022;05/09/2025 16:00:00;URB;200;28,06;82,90
1023;05/09/2025 16:00:00;URB;228;27,69;83,80
1024;05/09/2025 16:00:00;URB;206;24,36;79,20
1025;05/09/2025 16:00:00;M30;553;22,59;84,70
1026;05/09/2025 16:00:00;URB;234;34,10;-1,00
1027;05/09/2025 16:00:00;M30;757;25,81;85,60
1028;05/09/2025 16:00:00;URB;192;29,99;78,00
1029;05/09/2025 16:00:00;URB;262;29,60;85,10
1030;05/09/2025 16:00:00;URB;199;23,16;-1,00
1001;05/09/2025 17:00:00;M30;748;27,60;79,50
1002;05/09/2025 17:00:00;URB;250;28,63;78,80
1003;05/09/2025 17:00:00;M30;730;34,19;-1,00
1004;05/09/2025 17:00:00;M30;844;44,06;69,50
1005;05/09/2025 17:00:00;M30;904;40,99;70,00
1006;05/09/2025 17:00:00;M30;648;41,46;71,00
1007;05/09/2025 17:00:00;M30;832;37,10;75,50
1008;05/09/2025 17:00:00;URB;254;33,48;78,60
1009;05/09/2025 17:00:00;M30;759;44,24;65,40
1010;05/09/2025 17:00:00;URB;238;12,98;92,20
1011;05/09/2025 17:00:00;URB;323;42,95;70,20
1012;05/09/2025 17:00:00;M30;764;35,02;80,00
1013;05/09/2025 17:00:00;URB;262;28,88;-1,00
1014;05/09/2025 17:00:00;URB;269;37,47;80,30
1015;05/09/2025 17:00:00;M30;808;33,24;-1,00
1016;05/09/2025 17:00:00;URB;287;29,47;76,80
1017;05/09/2025 17:00:00;URB;263;40,49;72,10
1018;05/09/2025 17:00:00;URB;219;28,76;76,80
1019;05/09/2025 17:00:00;M30;879;57,84;67,50
1020;05/09/2025 17:00:00;URB;316;39,59;77,10
1021;05/09/2025 17:00:00;M30;705;31,73;72,80
1022;05/09/2025 17:00:00;URB;228;29,80;79,90
1023;05/09/2025 17:00:00;URB;256;41,15;73,70
1024;05/09/2025 17:00:00;URB;287;39,93;-1,00
1025;05/09/2025 17:00:00;M30;789;41,92;75,00
1026;05/09/2025 17:00:00;URB;302;46,23;68,60
1027;05/09/2025 17:00:00;M30;789;37,49;76,30
1028;05/09/2025 17:00:00;URB;208;31,88;-1,00
1029;05/09/2025 17:00:00;URB;278;30,87;75,30
1030;05/09/2025 17:00:00;URB;249;27,32;-1,00
1001;05/09/2025 18:00:00;M30;1.023;47,85;68,10
1002;05/09/2025 18:00:00;URB;331;37,12;71,00
1003;05/09/2025 18:00:00;M30;973;41,61;68,80
1004;05/09/2025 18:00:00;M30;942;51,44;66,40
1005;05/09/2025 18:00:00;M30;782;40,34;74,80
1006;05/09/2025 18:00:00;M30;1.060;53,48;61,90
1007;05/09/2025 18:00:00;M30;949;57,44;-1,00
1008;05/09/2025 18:00:00;URB;287;27,46;78,30
1009;05/09/2025 18:00:00;M30;952;53,13;64,70
1010;05/09/2025 18:00:00;URB;313;38,32;-1,00
1011;05/09/2025 18:00:00;URB;364;39,10;-1,00
1012;05/09/2025 18:00:00;M30;999;43,38;-1,00
1013;05/09/2025 18:00:00;URB;345;39,78;73,20
1014;05/09/2025 18:00:00;URB;292;46,77;73,00
1015;05/09/2025 18:00:00;M30;998;62,40;60,20
1016;05/09/2025 18:00:00;URB;344;50,83;70,70
1017;05/09/2025 18:00:00;URB;347;54,56;71,00
1018;05/09/2025 18:00:00;URB;325;33,03;79,10
1019;05/09/2025 18:00:00;M30;901;48,39;62,30
1020;05/09/2025 18:00:00;URB;343;53,81;66,70
1021;05/09/2025 18:00:00;M30;909;39,01;75,90
1022;05/09/2025 18:00:00;URB;358;64,78;58,90
1023;05/09/2025 18:00:00;URB;417;31,42;83,60
1024;05/09/2025 18:00:00;URB;339;43,80;64,60
1025;05/09/2025 18:00:00;M30;1.109;46,28;63,80
1026;05/09/2025 18:00:00;URB;321;19,10;85,80
1027;05/09/2025 18:00:00;M30;1.023;48,64;70,60
1028;05/09/2025 18:00:00;URB;417;50,04;73,10
1029;05/09/2025 18:00:00;URB;329;41,99;70,50
1030;05/09/2025 18:00:00;URB;398;53,96;64,90
1001;05/09/2025 19:00:00;M30;1.153;68,14;58,50
1002;05/09/2025 19:00:00;URB;413;21,53;91,50
1003;05/09/2025 19:00:00;M30;1.076;46,39;80,50
1004;05/09/2025 19:00:00;M30;1.208;65,33;58,70
1005;05/09/2025 19:00:00;M30;1.058;54,77;61,10
1006;05/09/2025 19:00:00;M30;1.005;42,63;78,50
1007;05/09/2025 19:00:00;M30;988;38,88;80,10
1008;05/09/2025 19:00:00;URB;414;67,34;61,20
1009;05/09/2025 19:00:00;M30;1.159;64,30;52,80
1010;05/09/2025 19:00:00;URB;357;48,30;66,20
1011;05/09/2025 19:00:00;URB;449;56,68;64,90
1012;05/09/2025 19:00:00;M30;955;57,95;64,40
1013;05/09/2025 19:00:00;URB;411;36,48;-1,00
1014;05/09/2025 19:00:00;URB;442;52,14;64,30
1015;05/09/2025 19:00:00;M30;918;40,16;69,00
1016;05/09/2025 19:00:00;URB;370;52,41;67,50
1017;05/09/2025 19:00:00;URB;421;41,97;69,40
1018;05/09/2025 19:00:00;URB;389;48,81;69,30
1019;05/09/2025 19:00:00;M30;1.017;51,29;-1,00
1020;05/09/2025 19:00:00;URB;378;37,59;73,30
1021;05/09/2025 19:00:00;M30;1.090;51,62;73,20
1022;05/09/2025 19:00:00;URB;428;52,80;63,00
1023;05/09/2025 19:00:00;URB;362;28,57;75,90
1024;05/09/2025 19:00:00;URB;377;52,05;72,10
1025;05/09/2025 19:00:00;M30;914;34,46;80,40
1026;05/09/2025 19:00:00;URB;350;44,22;65,20
1027;05/09/2025 19:00:00;M30;1.124;64,26;56,50
1028;05/09/2025 19:00:00;URB;390;46,92;68,20
1029;05/09/2025 19:00:00;URB;417;49,27;76,40
1030;05/09/2025 19:00:00;URB;440;56,19;71,90
1001;05/09/2025 20:00:00;M30;962;33,09;79,30
1002;05/09/2025 20:00:00;URB;329;43,23;79,80
1003;05/09/2025 20:00:00;M30;870;47,95;-1,00
1004;05/09/2025 20:00:00;M30;1.013;30,67;76,10
1005;05/09/2025 20:00:00;M30;861;31,00;72,60
1006;05/09/2025 20:00:00;M30;824;39,81;63,10
1007;05/09/2025 20:00:00;M30;1.046;49,62;67,00
1008;05/09/2025 20:00:00;URB;408;51,33;70,20
1009;05/09/2025 20:00:00;M30;869;32,19;79,80
1010;05/09/2025 20:00:00;URB;264;39,93;74,40
1011;05/09/2025 20:00:00;URB;351;27,51;83,30
1012;05/09/2025 20:00:00;M30;1.034;54,22;56,70
1013;05/09/2025 20:00:00;URB;271;27,94;-1,00
1014;05/09/2025 20:00:00;URB;396;56,59;73,80
1015;05/09/2025 20:00:00;M30;1.076;52,52;63,10
1016;05/09/2025 20:00:00;URB;339;55,49;68,60
1017;05/09/2025 20:00:00;URB;316;38,43;82,10
1018;05/09/2025 20:00:00;URB;291;31,14;79,20
1019;05/09/2025 20:00:00;M30;992;57,83;65,20
1020;05/09/2025 20:00:00;URB;387;69,91;56,40
1021;05/09/2025 20:00:00;M30;1.171;50,87;66,50
1022;05/09/2025 20:00:00;URB;292;37,93;77,70
1023;05/09/2025 20:00:00;URB;295;29,05;82,10
1024;05/09/2025 20:00:00;URB;381;40,17;71,40
1025;05/09/2025 20:00:00;M30;901;34,83;82,70
1026;05/09/2025 20:00:00;URB;346;50,02;69,00
1027;05/09/2025 20:00:00;M30;1.037;47,92;-1,00
1028;05/09/2025 20:00:00;URB;328;42,54;72,20
1029;05/09/2025 20:00:00;URB;380;51,15;65,90
1030;05/09/2025 20:00:00;URB;316;47,96;68,50
1001;05/09/2025 21:00:00;M30;801;42,95;71,40
1002;05/09/2025 21:00:00;URB;312;47,88;67,10
1003;05/09/2025 21:00:00;M30;653;25,94;-1,00
1004;05/09/2025 21:00:00;M30;866;38,90;75,50
1005;05/09/2025 21:00:00;M30;788;53,33;65,10
1006;05/09/2025 21:00:00;M30;791;28,37;78,90
1007;05/09/2025 21:00:00;M30;942;45,43;68,90
1008;05/09/2025 21:00:00;URB;313;44,79;66,80
1009;05/09/2025 21:00:00;M30;799;36,23;74,50
1010;05/09/2025 21:00:00;URB;323;43,72;68,50
1011;05/09/2025 21:00:00;URB;306;47,16;66,20
1012;05/09/2025 21:00:00;M30;742;37,52;-1,00
1013;05/09/2025 21:00:00;URB;284;31,32;71,00
1014;05/09/2025 21:00:00;URB;291;33,46;77,10
1015;05/09/2025 21:00:00;M30;829;48,46;61,50
1016;05/09/2025 21:00:00;URB;278;29,14;79,40
1017;05/09/2025 21:00:00;URB;332;54,03;63,90
1018;05/09/2025 21:00:00;URB;273;35,28;77,70
1019;05/09/2025 21:00:00;M30;931;37,50;81,50
1020;05/09/2025 21:00:00;URB;272;39,05;68,80
1021;05/09/2025 21:00:00;M30;852;37,86;76,90
1022;05/09/2025 21:00:00;URB;289;33,51;82,80
1023;05/09/2025 21:00:00;URB;315;37,83;71,80
1024;05/09/2025 21:00:00;URB;287;25,75;86,80
1025;05/09/2025 21:00:00;M30;706;36,34;72,20
1026;05/09/2025 21:00:00;URB;261;32,06;77,70
1027;05/09/2025 21:00:00;M30;752;51,09;67,20
1028;05/09/2025 21:00:00;URB;303;32,50;-1,00
1029;05/09/2025 21:00:00;URB;320;41,33;73,20
1030;05/09/2025 21:00:00;URB;310;33,91;72,00
1001;05/09/2025 22:00:00;M30;544;33,62;78,60
1002;05/09/2025 22:00:00;URB;222;24,97;83,70
1003;05/09/2025 22:00:00;M30;593;30,03;80,20
1004;05/09/2025 22:00:00;M30;567;19,09;86,30
1005;05/09/2025 22:00:00;M30;645;33,74;84,20
1006;05/09/2025 22:00:00;M30;583;25,99;83,30
1007;05/09/2025 22:00:00;M30;552;11,41;92,20
1008;05/09/2025 22:00:00;URB;208;27,64;80,50
1009;05/09/2025 22:00:00;M30;602;15,81;85,20
1010;05/09/2025 22:00:00;URB;216;29,16;79,10
1011;05/09/2025 22:00:00;URB;208;30,60;83,00
1012;05/09/2025 22:00:00;M30;647;31,61;73,20
1013;05/09/2025 22:00:00;URB;191;18,84;85,70
1014;05/09/2025 22:00:00;URB;211;33,17;81,20
1015;05/09/2025 22:00:00;M30;518;28,41;75,60
1016;05/09/2025 22:00:00;URB;196;31,03;76,80
1017;05/09/2025 22:00:00;URB;197;27,76;82,50
1018;05/09/2025 22:00:00;URB;203;23,70;90,10
1019;05/09/2025 22:00:00;M30;716;31,18;73,60
1020;05/09/2025 22:00:00;URB;228;18,75;89,90
1021;05/09/2025 22:00:00;M30;661;20,33;80,00
1022;05/09/2025 22:00:00;URB;254;40,31;74,30
1023;05/09/2025 22:00:00;URB;230;35,37;73,60
1024;05/09/2025 22:00:00;URB;265;35,21;72,90
1025;05/09/2025 22:00:00;M30;651;22,43;83,40
1026;05/09/2025 22:00:00;URB;247;22,25;80,00
1027;05/09/2025 22:00:00;M30;581;28,45;75,50
1028;05/09/2025 22:00:00;URB;234;27,79;89,40
1029;05/09/2025 22:00:00;URB;236;29,52;77,20
1030;05/09/2025 22:00:00;URB;241;24,79;83,80
1001;05/09/2025 23:00:00;M30;439;25,53;78,20
1002;05/09/2025 23:00:00;URB;158;18,83;89,20
1003;05/09/2025 23:00:00;M30;535;34,41;70,00
1004;05/09/2025 23:00:00;M30;429;23,80;77,00
1005;05/09/2025 23:00:00;M30;475;23,14;82,70
1006;05/09/2025 23:00:00;M30;524;20,92;86,30
1007;05/09/2025 23:00:00;M30;451;15,02;88,10
1008;05/09/2025 23:00:00;URB;155;27,81;74,80
1009;05/09/2025 23:00:00;M30;478;14,34;79,90
1010;05/09/2025 23:00:00;URB;171;18,65;-1,00
1011;05/09/2025 23:00:00;URB;161;20,64;82,50
1012;05/09/2025 23:00:00;M30;465;29,07;78,70
1013;05/09/2025 23:00:00;URB;165;20,71;89,80
1014;05/09/2025 23:00:00;URB;173;21,10;84,00
1015;05/09/2025 23:00:00;M30;497;22,76;85,30
1016;05/09/2025 23:00:00;URB;155;21,96;86,40
1017;05/09/2025 23:00:00;URB;189;33,54;69,90
1018;05/09/2025 23:00:00;URB;185;23,45;82,50
1019;05/09/2025 23:00:00;M30;517;18,18;-1,00
1020;05/09/2025 23:00:00;URB;153;21,61;83,80
1021;05/09/2025 23:00:00;M30;490;17,60;-1,00
1022;05/09/2025 23:00:00;URB;160;26,95;84,50
1023;05/09/2025 23:00:00;URB;133;13,95;-1,00
1024;05/09/2025 23:00:00;URB;164;20,86;78,50
1025;05/09/2025 23:00:00;M30;448;23,48;84,90
1026;05/09/2025 23:00:00;URB;159;22,19;82,20
1027;05/09/2025 23:00:00;M30;520;30,95;77,00
1028;05/09/2025 23:00:00;URB;154;20,95;86,30
1029;05/09/2025 23:00:00;URB;154;20,68;88,40
1030;05/09/2025 23:00:00;URB;168;20,59;84,90
1001;06/09/2025 00:00:00;M30;186;7,16;88,20
1002;06/09/2025 00:00:00;URB;82;10,17;92,00
1003;06/09/2025 00:00:00;M30;205;11,86;91,90
1004;06/09/2025 00:00:00;M30;210;11,37;-1,00
1005;06/09/2025 00:00:00;M30;195;7,35;88,40
1006;06/09/2025 00:00:00;M30;189;9,71;95,10
1007;06/09/2025 00:00:00;M30;162;7,41;-1,00
1008;06/09/2025 00:00:00;URB;75;6,70;92,00
1009;06/09/2025 00:00:00;M30;208;10,30;91,90
1010;06/09/2025 00:00:00;URB;75;10,55;-1,00
1011;06/09/2025 00:00:00;URB;67;10,76;84,40
1012;06/09/2025 00:00:00;M30;185;8,74;86,70
1013;06/09/2025 00:00:00;URB;79;9,33;102,30
1014;06/09/2025 00:00:00;URB;59;7,11;88,10
1015;06/09/2025 00:00:00;M30;229;12,94;88,60
1016;06/09/2025 00:00:00;URB;72;10,20;88,80
1017;06/09/2025 00:00:00;URB;78;10,65;91,90
1018;06/09/2025 00:00:00;URB;79;13,58;89,70
1019;06/09/2025 00:00:00;M30;187;11,42;79,70
1020;06/09/2025 00:00:00;URB;64;5,99;84,90
1021;06/09/2025 00:00:00;M30;229;8,92;87,40
1022;06/09/2025 00:00:00;URB;72;6,58;92,20
1023;06/09/2025 00:00:00;URB;75;9,82;87,70
1024;06/09/2025 00:00:00;URB;68;7,03;-1,00
1025;06/09/2025 00:00:00;M30;192;7,57;97,20
1026;06/09/2025 00:00:00;URB;78;11,84;81,80
1027;06/09/2025 00:00:00;M30;210;12,81;92,10
1028;06/09/2025 00:00:00;URB;81;8,17;88,30
1029;06/09/2025 00:00:00;URB;75;7,93;89,10
1030;06/09/2025 00:00:00;URB;59;4,62;87,90
1001;06/09/2025 01:00:00;M30;198;8,37;91,30
1002;06/09/2025 01:00:00;URB;57;6,77;87,10
1003;06/09/2025 01:00:00;M30;216;6,71;-1,00
1004;06/09/2025 01:00:00;M30;180;5,53;93,10
1005;06/09/2025 01:00:00;M30;201;9,15;95,30
1006;06/09/2025 01:00:00;M30;186;6,47;-1,00
1007;06/09/2025 01:00:00;M30;200;7,98;93,10
1008;06/09/2025 01:00:00;URB;64;8,92;90,80
1009;06/09/2025 01:00:00;M30;158;6,65;90,70
1010;06/09/2025 01:00:00;URB;62;6,50;90,80
1011;06/09/2025 01:00:00;URB;73;7,77;94,40
1012;06/09/2025 01:00:00;M30;182;9,29;91,90
1013;06/09/2025 01:00:00;URB;66;8,12;86,00
1014;06/09/2025 01:00:00;URB;75;12,11;-1,00
1015;06/09/2025 01:00:00;M30;247;14,42;-1,00
1016;06/09/2025 01:00:00;URB;75;10,43;89,90
1017;06/09/2025 01:00:00;URB;63;7,85;88,00
1018;06/09/2025 01:00:00;URB;61;7,92;90,00
1019;06/09/2025 01:00:00;M30;219;5,88;100,60
1020;06/09/2025 01:00:00;URB;74;13,21;87,80
1021;06/09/2025 01:00:00;M30;191;7,75;91,20
1022;06/09/2025 01:00:00;URB;76;11,50;87,80
1023;06/09/2025 01:00:00;URB;76;9,89;88,70
1024;06/09/2025 01:00:00;URB;62;8,47;92,10
1025;06/09/2025 01:00:00;M30;178;5,28;89,30
1026;06/09/2025 01:00:00;URB;66;8,20;93,50
1027;06/09/2025 01:00:00;M30;201;7,27;86,80
1028;06/09/2025 01:00:00;URB;71;8,68;81,50
1029;06/09/2025 01:00:00;URB;74;11,18;90,20
1030;06/09/2025 01:00:00;URB;75;10,47;91,40
1001;06/09/2025 02:00:00;M30;214;13,91;91,50
1002;06/09/2025 02:00:00;URB;73;9,86;95,00
1003;06/09/2025 02:00:00;M30;198;5,82;92,00
1004;06/09/2025 02:00:00;M30;200;10,04;91,20
1005;06/09/2025 02:00:00;M30;172;11,65;-1,00
1006;06/09/2025 02:00:00;M30;190;8,18;81,60
1007;06/09/2025 02:00:00;M30;183;9,02;83,20
1008;06/09/2025 02:00:00;URB;58;6,81;89,60
1009;06/09/2025 02:00:00;M30;218;5,33;87,10
1010;06/09/2025 02:00:00;URB;63;9,41;89,00
1011;06/09/2025 02:00:00;URB;65;6,99;82,40
1012;06/09/2025 02:00:00;M30;212;6,24;93,30
1013;06/09/2025 02:00:00;URB;70;11,02;-1,00
1014;06/09/2025 02:00:00;URB;79;11,45;89,30
1015;06/09/2025 02:00:00;M30;196;8,50;91,60
1016;06/09/2025 02:00:00;URB;67;8,91;91,10
1017;06/09/2025 02:00:00;URB;72;8,94;89,80
1018;06/09/2025 02:00:00;URB;77;9,37;88,70
1019;06/09/2025 02:00:00;M30;211;10,12;93,70
1020;06/09/2025 02:00:00;URB;65;5,97;92,90
1021;06/09/2025 02:00:00;M30;187;6,99;87,70
1022;06/09/2025 02:00:00;URB;76;8,41;87,50
1023;06/09/2025 02:00:00;URB;64;8,61;99,10
1024;06/09/2025 02:00:00;URB;62;6,58;88,70
1025;06/09/2025 02:00:00;M30;202;10,24;-1,00
1026;06/09/2025 02:00:00;URB;76;10,83;93,50
1027;06/09/2025 02:00:00;M30;172;8,16;86,00
1028;06/09/2025 02:00:00;URB;81;12,76;93,50
1029;06/09/2025 02:00:00;URB;78;11,46;81,90
1030;06/09/2025 02:00:00;URB;65;7,24;92,70
1001;06/09/2025 03:00:00;M30;218;12,97;-1,00
1002;06/09/2025 03:00:00;URB;70;10,29;88,90
1003;06/09/2025 03:00:00;M30;234;12,93;86,40
1004;06/09/2025 03:00:00;M30;182;7,00;94,50
1005;06/09/2025 03:00:00;M30;198;10,21;-1,00
1006;06/09/2025 03:00:00;M30;173;6,90;90,80
1007;06/09/2025 03:00:00;M30;225;10,76;90,30
1008;06/09/2025 03:00:00;URB;68;8,95;86,60
1009;06/09/2025 03:00:00;M30;188;10,37;86,70
1010;06/09/2025 03:00:00;URB;67;7,45;-1,00
1011;06/09/2025 03:00:00;URB;75;13,67;89,50
1012;06/09/2025 03:00:00;M30;205;10,02;87,10
1013;06/09/2025 03:00:00;URB;70;7,25;88,30
1014;06/09/2025 03:00:00;URB;70;8,80;90,40
1015;06/09/2025 03:00:00;M30;243;11,61;91,60
1016;06/09/2025 03:00:00;URB;68;8,03;93,20
1017;06/09/2025 03:00:00;URB;65;11,35;92,90
1018;06/09/2025 03:00:00;URB;76;9,81;84,20
1019;06/09/2025 03:00:00;M30;191;6,45;-1,00
1020;06/09/2025 03:00:00;URB;60;7,61;90,40
1021;06/09/2025 03:00:00;M30;227;8,60;91,60
1022;06/09/2025 03:00:00;URB;77;7,31;89,00
1023;06/09/2025 03:00:00;URB;74;10,12;87,40
1024;06/09/2025 03:00:00;URB;61;6,95;89,40
1025;06/09/2025 03:00:00;M30;199;8,13;-1,00
1026;06/09/2025 03:00:00;URB;77;7,59;85,40
1027;06/09/2025 03:00:00;M30;214;9,60;93,40
1028;06/09/2025 03:00:00;URB;67;8,02;-1,00
1029;06/09/2025 03:00:00;URB;72;12,55;84,00
1030;06/09/2025 03:00:00;URB;71;9,86;87,60
1001;06/09/2025 04:00:00;M30;202;8,62;91,20
1002;06/09/2025 04:00:00;URB;75;7,00;89,70
1003;06/09/2025 04:00:00;M30;218;10,15;88,90
1004;06/09/2025 04:00:00;M30;206;11,74;92,40
1005;06/09/2025 04:00:00;M30;216;12,33;87,50
1006;06/09/2025 04:00:00;M30;204;8,96;85,40
1007;06/09/2025 04:00:00;M30;262;12,36;85,70
1008;06/09/2025 04:00:00;URB;85;9,56;88,20
1009;06/09/2025 04:00:00;M30;207;8,27;-1,00
1010;06/09/2025 04:00:00;URB;85;14,53;87,70
1011;06/09/2025 04:00:00;URB;91;10,14;92,20
1012;06/09/2025 04:00:00;M30;234;11,33;83,90
1013;06/09/2025 04:00:00;URB;78;9,18;87,10
1014;06/09/2025 04:00:00;URB;69;10,11;86,50
1015;06/09/2025 04:00:00;M30;215;12,09;83,90
1015;06/09/2025 04:00:00;M30;215;12,09;83,90
1016;06/09/2025 04:00:00;URB;82;8,25;92,40
1017;06/09/2025 04:00:00;URB;83;10,60;86,80
1018;06/09/2025 04:00:00;URB;96;10,46;91,30
1019;06/09/2025 04:00:00;M30;227;10,40;89,50
1020;06/09/2025 04:00:00;URB;88;12,38;89,00
1021;06/09/2025 04:00:00;M30;213;10,81;83,60
1022;06/09/2025 04:00:00;URB;86;12,13;-1,00
1023;06/09/2025 04:00:00;URB;88;9,61;87,60
1024;06/09/2025 04:00:00;URB;63;6,87;90,40
1025;06/09/2025 04:00:00;M30;216;6,91;90,80
1026;06/09/2025 04:00:00;URB;68;8,39;89,00
1027;06/09/2025 04:00:00;M30;213;5,49;90,40
1028;06/09/2025 04:00:00;URB;81;13,59;93,70
1029;06/09/2025 04:00:00;URB;89;12,79;-1,00
1030;06/09/2025 04:00:00;URB;85;10,18;87,30
1001;06/09/2025 05:00:00;M30;271;17,99;88,60
1002;06/09/2025 05:00:00;URB;92;14,69;90,50
1003;06/09/2025 05:00:00;M30;280;12,05;92,00
1004;06/09/2025 05:00:00;M30;265;9,83;91,00
1005;06/09/2025 05:00:00;M30;316;20,47;82,20
1006;06/09/2025 05:00:00;M30;256;6,42;94,20
1007;06/09/2025 05:00:00;M30;274;11,27;91,90
1008;06/09/2025 05:00:00;URB;77;9,22;-1,00
1009;06/09/2025 05:00:00;M30;311;16,32;85,60
1010;06/09/2025 05:00:00;URB;111;18,33;80,00
1011;06/09/2025 05:00:00;URB;99;10,36;91,00
1012;06/09/2025 05:00:00;M30;314;11,37;88,80
1013;06/09/2025 05:00:00;URB;86;14,57;82,20
1014;06/09/2025 05:00:00;URB;101;12,54;81,40
1015;06/09/2025 05:00:00;M30;292;15,44;83,40
1016;06/09/2025 05:00:00;URB;85;9,57;90,70
1017;06/09/2025 05:00:00;URB;89;10,94;92,70
1018;06/09/2025 05:00:00;URB;72;8,73;85,40
1019;06/09/2025 05:00:00;M30;260;13,08;87,70
1020;06/09/2025 05:00:00;URB;121;17,51;90,70
1021;06/09/2025 05:00:00;M30;278;10,50;88,80
1022;06/09/2025 05:00:00;URB;90;9,72;-1,00
1023;06/09/2025 05:00:00;URB;105;17,66;83,40
1024;06/09/2025 05:00:00;URB;95;13,01;95,50
1025;06/09/2025 05:00:00;M30;307;15,42;77,30
1026;06/09/2025 05:00:00;URB;93;11,54;97,20
1027;06/09/2025 05:00:00;M30;265;8,75;92,10
1028;06/09/2025 05:00:00;URB;87;15,57;87,40
1029;06/09/2025 05:00:00;URB;88;14,24;92,10
1030;06/09/2025 05:00:00;URB;91;12,63;85,20
1001;06/09/2025 06:00:00;M30;309;10,44;-1,00
1002;06/09/2025 06:00:00;URB;124;15,19;88,70
1003;06/09/2025 06:00:00;M30;328;19,38;82,10
1004;06/09/2025 06:00:00;M30;389;15,43;82,90
1005;06/09/2025 06:00:00;M30;354;17,95;88,60
1006;06/09/2025 06:00:00;M30;317;12,83;89,70
1007;06/09/2025 06:00:00;M30;419;22,54;81,80
1008;06/09/2025 06:00:00;URB;114;14,14;83,30
1009;06/09/2025 06:00:00;M30;311;10,42;86,90
1010;06/09/2025 06:00:00;URB;128;17,83;-1,00
1011;06/09/2025 06:00:00;URB;119;16,03;82,70
1012;06/09/2025 06:00:00;M30;336;14,19;88,60
1013;06/09/2025 06:00:00;URB;99;9,07;87,10
1014;06/09/2025 06:00:00;URB;120;17,66;90,70
1015;06/09/2025 06:00:00;M30;383;17,88;90,50
1016;06/09/2025 06:00:00;URB;125;14,17;-1,00
1017;06/09/2025 06:00:00;URB;140;13,01;86,70
1018;06/09/2025 06:00:00;URB;143;16,47;82,60
1019;06/09/2025 06:00:00;M30;271;14,72;96,50
1020;06/09/2025 06:00:00;URB;148;16,72;84,30
1021;06/09/2025 06:00:00;M30;364;14,25;85,10
1022;06/09/2025 06:00:00;URB;127;19,06;85,00
1023;06/09/2025 06:00:00;URB;114;15,63;83,00
1024;06/09/2025 06:00:00;URB;143;16,75;79,80
1025;06/09/2025 06:00:00;M30;378;22,30;80,10
1026;06/09/2025 06:00:00;URB;113;13,96;90,60
1027;06/09/2025 06:00:00;M30;379;15,32;90,00
1028;06/09/2025 06:00:00;URB;151;20,31;86,40
1029;06/09/2025 06:00:00;URB;137;15,72;90,30
1030;06/09/2025 06:00:00;URB;132;12,07;82,70
1001;06/09/2025 07:00:00;M30;450;23,78;73,80
1002;06/09/2025 07:00:00;URB;152;16,64;81,70
1003;06/09/2025 07:00:00;M30;460;21,55;82,90
1004;06/09/2025 07:00:00;M30;464;17,66;76,30
1005;06/09/2025 07:00:00;M30;488;30,90;76,10
1006;06/09/2025 07:00:00;M30;464;21,58;83,50
1007;06/09/2025 07:00:00;M30;431;23,82;81,80
1008;06/09/2025 07:00:00;URB;178;24,18;77,20
1009;06/09/2025 07:00:00;M30;538;24,47;84,70
1010;06/09/2025 07:00:00;URB;183;23,62;83,50
1011;06/09/2025 07:00:00;URB;144;17,33;-1,00
1012;06/09/2025 07:00:00;M30;490;29,08;-1,00
1013;06/09/2025 07:00:00;URB;166;22,06;87,40
1014;06/09/2025 07:00:00;URB;162;25,99;81,70
1015;06/09/2025 07:00:00;M30;520;28,00;85,40
1016;06/09/2025 07:00:00;URB;192;24,45;-1,00
1017;06/09/2025 07:00:00;URB;161;25,36;83,40
1018;06/09/2025 07:00:00;URB;188;20,24;85,60
1019;06/09/2025 07:00:00;M30;512;28,70;79,50
1020;06/09/2025 07:00:00;URB;157;23,71;78,60
1021;06/09/2025 07:00:00;M30;477;30,21;77,20
1022;06/09/2025 07:00:00;URB;179;25,78;86,40
1023;06/09/2025 07:00:00;URB;202;26,57;78,10
1024;06/09/2025 07:00:00;URB;174;31,70;82,90
1025;06/09/2025 07:00:00;M30;446;19,23;85,40
1026;06/09/2025 07:00:00;URB;173;20,29;-1,00
1027;06/09/2025 07:00:00;M30;530;22,33;82,60
1028;06/09/2025 07:00:00;URB;170;28,53;80,40
1029;06/09/2025 07:00:00;URB;164;12,54;95,90
1030;06/09/2025 07:00:00;URB;173;18,35;86,80
1001;06/09/2025 08:00:00;M30;546;24,37;79,70
1002;06/09/2025 08:00:00;URB;182;22,43;77,40
1003;06/09/2025 08:00:00;M30;631;33,31;87,40
1004;06/09/2025 08:00:00;M30;446;16,59;93,20
1005;06/09/2025 08:00:00;M30;611;33,25;81,40
1006;06/09/2025 08:00:00;M30;493;28,29;-1,00
1007;06/09/2025 08:00:00;M30;522;25,61;76,90
1008;06/09/2025 08:00:00;URB;198;24,18;79,60
1009;06/09/2025 08:00:00;M30;498;24,82;91,50
1010;06/09/2025 08:00:00;URB;196;26,16;86,30
1011;06/09/2025 08:00:00;URB;201;32,50;75,50
1012;06/09/2025 08:00:00;M30;534;16,14;83,20
1013;06/09/2025 08:00:00;URB;206;24,28;-1,00
1014;06/09/2025 08:00:00;URB;200;30,03;70,80
1015;06/09/2025 08:00:00;M30;553;12,27;83,50
1016;06/09/2025 08:00:00;URB;203;24,49;92,20
1017;06/09/2025 08:00:00;URB;194;31,85;74,40
1018;06/09/2025 08:00:00;URB;173;23,53;-1,00
1019;06/09/2025 08:00:00;M30;552;27,00;80,30
1020;06/09/2025 08:00:00;URB;175;21,98;83,10
1021;06/09/2025 08:00:00;M30;515;27,31;74,40
1022;06/09/2025 08:00:00;URB;211;33,77;82,70
1023;06/09/2025 08:00:00;URB;181;23,73;83,70
1024;06/09/2025 08:00:00;URB;201;26,02;-1,00
1025;06/09/2025 08:00:00;M30;507;23,78;73,80
1026;06/09/2025 08:00:00;URB;167;21,87;86,00
1027;06/09/2025 08:00:00;M30;503;25,63;81,90
1028;06/09/2025 08:00:00;URB;205;17,29;80,60
1029;06/09/2025 08:00:00;URB;204;37,16;79,40
1030;06/09/2025 08:00:00;URB;215;21,60;85,90
1001;06/09/2025 09:00:00;M30;522;20,25;85,00
1002;06/09/2025 09:00:00;URB;199;32,37;78,10
1003;06/09/2025 09:00:00;M30;474;22,06;87,70
1004;06/09/2025 09:00:00;M30;516;22,20;82,00
1005;06/09/2025 09:00:00;M30;554;22,09;82,70
1006;06/09/2025 09:00:00;M30;603;25,99;77,00
1007;06/09/2025 09:00:00;M30;642;31,38;75,60
1008;06/09/2025 09:00:00;URB;222;37,18;-1,00
1009;06/09/2025 09:00:00;M30;545;20,35;89,60
1010;06/09/2025 09:00:00;URB;178;19,51;88,60
1011;06/09/2025 09:00:00;URB;155;17,43;85,10
1012;06/09/2025 09:00:00;M30;484;23,41;85,00
1013;06/09/2025 09:00:00;URB;184;17,16;77,40
1014;06/09/2025 09:00:00;URB;169;19,00;-1,00
1015;06/09/2025 09:00:00;M30;464;21,66;-1,00
1016;06/09/2025 09:00:00;URB;192;31,40;82,80
1017;06/09/2025 09:00:00;URB;190;24,07;-1,00
1018;06/09/2025 09:00:00;URB;194;23,91;84,60
1019;06/09/2025 09:00:00;M30;521;22,38;79,00
1020;06/09/2025 09:00:00;URB;203;24,10;87,00
1021;06/09/2025 09:00:00;M30;589;23,02;83,60
1022;06/09/2025 09:00:00;URB;218;27,07;82,90
1023;06/09/2025 09:00:00;URB;186;32,19;-1,00
1024;06/09/2025 09:00:00;URB;173;27,72;69,80
1025;06/09/2025 09:00:00;M30;593;23,47;82,30
1026;06/09/2025 09:00:00;URB;149;23,10;83,80
1027;06/09/2025 09:00:00;M30;540;20,79;83,60
1028;06/09/2025 09:00:00;URB;231;26,71;78,60
1029;06/09/2025 09:00:00;URB;200;27,36;82,60
1030;06/09/2025 09:00:00;URB;170;20,22;79,60
1001;06/09/2025 10:00:00;M30;477;24,45;81,90
1002;06/09/2025 10:00:00;URB;157;21,86;-1,00
1003;06/09/2025 10:00:00;M30;437;17,40;86,00
1004;06/09/2025 10:00:00;M30;433;15,91;-1,00
1005;06/09/2025 10:00:00;M30;457;21,79;92,50
1006;06/09/2025 10:00:00;M30;541;34,17;81,40
1007;06/09/2025 10:00:00;M30;523;21,78;83,00
1008;06/09/2025 10:00:00;URB;140;18,34;83,10
1009;06/09/2025 10:00:00;M30;418;26,37;87,40
1010;06/09/2025 10:00:00;URB;174;27,55;78,80
1011;06/09/2025 10:00:00;URB;159;19,95;87,10
1012;06/09/2025 10:00:00;M30;433;16,94;91,90
1013;06/09/2025 10:00:00;URB;132;15,97;96,80
1014;06/09/2025 10:00:00;URB;166;27,10;78,20
1015;06/09/2025 10:00:00;M30;491;24,84;75,30
1016;06/09/2025 10:00:00;URB;163;24,08;-1,00
1017;06/09/2025 10:00:00;URB;184;22,00;90,20
1018;06/09/2025 10:00:00;URB;170;22,31;82,30
1019;06/09/2025 10:00:00;M30;519;29,50;79,40
1020;06/09/2025 10:00:00;URB;185;17,35;85,70
1021;06/09/2025 10:00:00;M30;541;28,22;73,90
1022;06/09/2025 10:00:00;URB;164;17,99;83,20
1023;06/09/2025 10:00:00;URB;160;20,11;81,60
1024;06/09/2025 10:00:00;URB;160;21,03;84,90
1025;06/09/2025 10:00:00;M30;513;18,76;85,20
1026;06/09/2025 10:00:00;URB;178;22,17;85,20
1027;06/09/2025 10:00:00;M30;425;22,93;80,80
1028;06/09/2025 10:00:00;URB;177;26,06;85,00
1029;06/09/2025 10:00:00;URB;156;23,29;83,40
1030;06/09/2025 10:00:00;URB;146;17,75;87,30
1001;06/09/2025 11:00:00;M30;373;21,85;85,60
1002;06/09/2025 11:00:00;URB;121;15,15;89,10
1003;06/09/2025 11:00:00;M30;385;15,38;95,30
1004;06/09/2025 11:00:00;M30;327;15,18;86,30
1005;06/09/2025 11:00:00;M30;311;13,27;84,00
1006;06/09/2025 11:00:00;M30;390;14,19;93,50
1007;06/09/2025 11:00:00;M30;397;21,78;84,10
1008;06/09/2025 11:00:00;URB;141;25,46;69,50
1009;06/09/2025 11:00:00;M30;392;12,46;84,40
1010;06/09/2025 11:00:00;URB;118;19,35;-1,00
1011;06/09/2025 11:00:00;URB;143;18,70;90,10
1012;06/09/2025 11:00:00;M30;396;17,92;-1,00
1013;06/09/2025 11:00:00;URB;123;16,89;87,10
1014;06/09/2025 11:00:00;URB;155;20,99;80,40
1015;06/09/2025 11:00:00;M30;333;14,48;77,80
1016;06/09/2025 11:00:00;URB;140;16,74;80,00
1017;06/09/2025 11:00:00;URB;123;12,72;-1,00
1018;06/09/2025 11:00:00;URB;124;10,92;81,20
1019;06/09/2025 11:00:00;M30;376;15,99;89,50
1020;06/09/2025 11:00:00;URB;125;19,87;77,10
1021;06/09/2025 11:00:00;M30;343;16,01;88,50
1022;06/09/2025 11:00:00;URB;110;16,83;88,90
1023;06/09/2025 11:00:00;URB;129;16,86;85,90
1024;06/09/2025 11:00:00;URB;120;16,88;83,00
1025;06/09/2025 11:00:00;M30;427;19,77;-1,00
1026;06/09/2025 11:00:00;URB;94;13,63;87,00
1027;06/09/2025 11:00:00;M30;404;17,33;78,60
1028;06/09/2025 11:00:00;URB;124;12,33;85,00
1029;06/09/2025 11:00:00;URB;114;9,98;84,80
1030;06/09/2025 11:00:00;URB;124;17,60;81,10
1001;06/09/2025 12:00:00;M30;265;13,33;89,00
1002;06/09/2025 12:00:00;URB;98;11,40;99,20
1003;06/09/2025 12:00:00;M30;262;16,34;86,60
1004;06/09/2025 12:00:00;M30;316;17,07;81,90
1005;06/09/2025 12:00:00;M30;267;10,78;87,20
1006;06/09/2025 12:00:00;M30;293;14,55;81,40
1007;06/09/2025 12:00:00;M30;290;12,48;84,50
1008;06/09/2025 12:00:00;URB;100;14,16;98,00
1009;06/09/2025 12:00:00;M30;282;9,52;-1,00
1010;06/09/2025 12:00:00;URB;75;10,04;87,80
1011;06/09/2025 12:00:00;URB;85;7,63;91,00
1012;06/09/2025 12:00:00;M30;331;11,64;86,60
1013;06/09/2025 12:00:00;URB;120;13,58;85,70
1014;06/09/2025 12:00:00;URB;98;14,99;-1,00
1015;06/09/2025 12:00:00;M30;273;14,47;86,80
1016;06/09/2025 12:00:00;URB;98;14,15;86,40
1017;06/09/2025 12:00:00;URB;116;8,99;91,80
1018;06/09/2025 12:00:00;URB;97;13,10;93,00
1019;06/09/2025 12:00:00;M30;295;13,86;-1,00
1020;06/09/2025 12:00:00;URB;94;12,33;83,80
1021;06/09/2025 12:00:00;M30;270;13,80;88,00
1022;06/09/2025 12:00:00;URB;99;9,49;87,60
1023;06/09/2025 12:00:00;URB;100;11,88;89,40
1024;06/09/2025 12:00:00;URB;95;11,70;81,40
1025;06/09/2025 12:00:00;M30;249;10,85;92,80
1026;06/09/2025 12:00:00;URB;119;13,51;84,90
1027;06/09/2025 12:00:00;M30;267;7,53;94,20
1028;06/09/2025 12:00:00;URB;115;15,07;86,20
1029;06/09/2025 12:00:00;URB;105;11,78;96,90
1030;06/09/2025 12:00:00;URB;102;13,82;86,20
1001;06/09/2025 13:00:00;M30;222;7,47;93,30
1002;06/09/2025 13:00:00;URB;73;8,49;81,70
1003;06/09/2025 13:00:00;M30;259;8,65;93,10
1004;06/09/2025 13:00:00;M30;250;7,98;88,00
1005;06/09/2025 13:00:00;M30;223;7,94;87,20
1006;06/09/2025 13:00:00;M30;188;9,07;87,80
1007;06/09/2025 13:00:00;M30;280;14,51;91,10
1008;06/09/2025 13:00:00;URB;76;9,62;93,80
1009;06/09/2025 13:00:00;M30;255;13,57;87,80
1010;06/09/2025 13:00:00;URB;90;14,63;90,60
1011;06/09/2025 13:00:00;URB;78;11,33;97,50
1012;06/09/2025 13:00:00;M30;211;10,63;-1,00
1013;06/09/2025 13:00:00;URB;109;19,34;76,40
1014;06/09/2025 13:00:00;URB;83;14,99;89,70
1015;06/09/2025 13:00:00;M30;225;10,42;90,80
1016;06/09/2025 13:00:00;URB;83;13,09;84,70
1017;06/09/2025 13:00:00;URB;92;12,81;97,60
1018;06/09/2025 13:00:00;URB;81;10,44;91,40
1019;06/09/2025 13:00:00;M30;225;9,26;79,90
1020;06/09/2025 13:00:00;URB;80;12,50;82,70
1021;06/09/2025 13:00:00;M30;239;12,84;84,80
1022;06/09/2025 13:00:00;URB;87;10,20;97,70
1023;06/09/2025 13:00:00;URB;84;15,92;77,30
1024;06/09/2025 13:00:00;URB;85;13,40;94,60
1025;06/09/2025 13:00:00;M30;214;9,16;89,80
1026;06/09/2025 13:00:00;URB;81;10,19;-1,00
1027;06/09/2025 13:00:00;M30;248;10,04;88,20
1028;06/09/2025 13:00:00;URB;73;9,19;93,70
1029;06/09/2025 13:00:00;URB;67;9,54;85,70
1030;06/09/2025 13:00:00;URB;73;7,81;83,50
1001;06/09/2025 14:00:00;M30;215;7,82;93,10
1002;06/09/2025 14:00:00;URB;86;10,91;88,60
1003;06/09/2025 14:00:00;M30;242;8,11;93,00
1004;06/09/2025 14:00:00;M30;238;10,68;-1,00
1005;06/09/2025 14:00:00;M30;186;10,31;82,70
1006;06/09/2025 14:00:00;M30;224;9,86;-1,00
1007;06/09/2025 14:00:00;M30;241;11,74;89,30
1008;06/09/2025 14:00:00;URB;94;10,71;89,00
1009;06/09/2025 14:00:00;M30;243;14,08;90,60
1010;06/09/2025 14:00:00;URB;73;8,78;91,60
1011;06/09/2025 14:00:00;URB;98;14,36;81,20
1012;06/09/2025 14:00:00;M30;252;10,20;88,20
1013;06/09/2025 14:00:00;URB;93;14,11;87,90
1014;06/09/2025 14:00:00;URB;82;11,75;82,30
1015;06/09/2025 14:00:00;M30;212;11,00;93,80
1016;06/09/2025 14:00:00;URB;81;10,73;-1,00
1017;06/09/2025 14:00:00;URB;77;11,20;84,40
1018;06/09/2025 14:00:00;URB;80;11,09;84,70
1019;06/09/2025 14:00:00;M30;255;17,92;86,10
1020;06/09/2025 14:00:00;URB;88;8,36;94,00
1021;06/09/2025 14:00:00;M30;232;8,97;93,50
1022;06/09/2025 14:00:00;URB;94;9,11;90,50
1023;06/09/2025 14:00:00;URB;76;13,50;91,60
1024;06/09/2025 14:00:00;URB;80;11,01;89,40
1025;06/09/2025 14:00:00;M30;247;17,05;85,20
1026;06/09/2025 14:00:00;URB;81;11,88;80,20
1027;06/09/2025 14:00:00;M30;236;14,41;79,20
1028;06/09/2025 14:00:00;URB;72;13,99;-1,00
1029;06/09/2025 14:00:00;URB;91;7,42;86,00
1030;06/09/2025 14:00:00;URB;84;11,40;91,50
1001;06/09/2025 15:00:00;M30;317;16,52;86,60
1002;06/09/2025 15:00:00;URB;96;14,01;84,80
1003;06/09/2025 15:00:00;M30;246;13,05;88,60
1004;06/09/2025 15:00:00;M30;351;16,48;80,20
1005;06/09/2025 15:00:00;M30;280;13,59;86,80
1006;06/09/2025 15:00:00;M30;318;16,71;84,90
1007;06/09/2025 15:00:00;M30;289;17,95;-1,00
1008;06/09/2025 15:00:00;URB;76;12,38;92,70
1009;06/09/2025 15:00:00;M30;302;14,63;87,80
1010;06/09/2025 15:00:00;URB;96;18,23;89,30
1011;06/09/2025 15:00:00;URB;105;16,03;89,80
1012;06/09/2025 15:00:00;M30;243;9,90;86,70
1013;06/09/2025 15:00:00;URB;97;13,58;-1,00
1014;06/09/2025 15:00:00;URB;108;14,97;84,30
1015;06/09/2025 15:00:00;M30;281;17,76;85,60
1016;06/09/2025 15:00:00;URB;90;10,77;97,10
1017;06/09/2025 15:00:00;URB;97;13,78;-1,00
1018;06/09/2025 15:00:00;URB;99;14,45;89,80
1019;06/09/2025 15:00:00;M30;290;16,97;89,30
1020;06/09/2025 15:00:00;URB;91;13,26;87,40
1021;06/09/2025 15:00:00;M30;245;11,67;85,50
1022;06/09/2025 15:00:00;URB;100;11,54;83,30
1023;06/09/2025 15:00:00;URB;105;12,15;86,20
1024;06/09/2025 15:00:00;URB;107;16,79;87,40
1025;06/09/2025 15:00:00;M30;249;10,35;91,90
1026;06/09/2025 15:00:00;URB;100;10,99;86,90
1027;06/09/2025 15:00:00;M30;273;11,22;92,70
1028;06/09/2025 15:00:00;URB;104;12,43;81,80
1029;06/09/2025 15:00:00;URB;115;17,23;89,80
1030;06/09/2025 15:00:00;URB;108;15,89;87,00
1001;06/09/2025 16:00:00;M30;441;14,44;79,60
1002;06/09/2025 16:00:00;URB;138;17,53;-1,00
1003;06/09/2025 16:00:00;M30;356;19,83;77,00
1004;06/09/2025 16:00:00;M30;375;21,20;80,80
1005;06/09/2025 16:00:00;M30;420;25,55;78,10
1006;06/09/2025 16:00:00;M30;390;15,74;85,00
1007;06/09/2025 16:00:00;M30;372;18,15;82,10
1008;06/09/2025 16:00:00;URB;126;11,27;95,40
1009;06/09/2025 16:00:00;M30;410;22,95;85,80
1010;06/09/2025 16:00:00;URB;131;14,71;85,20
1011;06/09/2025 16:00:00;URB;126;15,23;85,30
1012;06/09/2025 16:00:00;M30;340;16,46;84,90
1013;06/09/2025 16:00:00;URB;141;19,10;79,50
1014;06/09/2025 16:00:00;URB;130;20,41;89,60
1015;06/09/2025 16:00:00;M30;411;21,77;77,10
1016;06/09/2025 16:00:00;URB;158;21,49;84,60
1017;06/09/2025 16:00:00;URB;115;18,65;90,80
1018;06/09/2025 16:00:00;URB;138;14,82;89,70
1019;06/09/2025 16:00:00;M30;423;11,92;95,90
1020;06/09/2025 16:00:00;URB;133;16,95;-1,00
1021;06/09/2025 16:00:00;M30;418;19,04;76,90
1022;06/09/2025 16:00:00;URB;110;12,09;88,10
1023;06/09/2025 16:00:00;URB;139;9,78;93,70
1024;06/09/2025 16:00:00;URB;112;16,89;83,10
1025;06/09/2025 16:00:00;M30;421;19,46;85,40
1026;06/09/2025 16:00:00;URB;141;15,49;-1,00
1027;06/09/2025 16:00:00;M30;395;21,00;82,30
1028;06/09/2025 16:00:00;URB;118;15,58;87,20
1029;06/09/2025 16:00:00;URB;139;15,35;88,60
1030;06/09/2025 16:00:00;URB;137;11,91;94,20
1001;06/09/2025 17:00:00;M30;445;18,43;86,80
1002;06/09/2025 17:00:00;URB;166;20,97;78,80
1003;06/09/2025 17:00:00;M30;596;35,95;74,20
1004;06/09/2025 17:00:00;M30;449;20,89;90,30
1005;06/09/2025 17:00:00;M30;524;19,18;79,30
1006;06/09/2025 17:00:00;M30;480;18,96;72,40
1007;06/09/2025 17:00:00;M30;541;30,49;72,90
1008;06/09/2025 17:00:00;URB;202;20,86;85,50
1009;06/09/2025 17:00:00;M30;440;20,52;-1,00
1010;06/09/2025 17:00:00;URB;168;20,49;85,20
1011;06/09/2025 17:00:00;URB;172;35,33;78,40
1012;06/09/2025 17:00:00;M30;483;27,33;79,30
1013;06/09/2025 17:00:00;URB;181;23,18;84,50
1014;06/09/2025 17:00:00;URB;213;28,04;82,20
1015;06/09/2025 17:00:00;M30;521;19,15;77,00
1016;06/09/2025 17:00:00;URB;180;22,62;79,30
1017;06/09/2025 17:00:00;URB;164;13,03;87,60
1018;06/09/2025 17:00:00;URB;185;29,98;78,90
1019;06/09/2025 17:00:00;M30;387;18,13;84,10
1020;06/09/2025 17:00:00;URB;206;20,51;83,80
1021;06/09/2025 17:00:00;M30;496;22,35;88,90
1022;06/09/2025 17:00:00;URB;207;31,55;74,00
1023;06/09/2025 17:00:00;URB;169;31,29;80,70
1024;06/09/2025 17:00:00;URB;156;21,39;-1,00
1025;06/09/2025 17:00:00;M30;500;23,99;-1,00
1026;06/09/2025 17:00:00;URB;181;20,88;-1,00
1027;06/09/2025 17:00:00;M30;501;25,27;79,20
1028;06/09/2025 17:00:00;URB;166;28,20;79,00
1029;06/09/2025 17:00:00;URB;179;26,49;-1,00
1030;06/09/2025 17:00:00;URB;186;21,98;83,00
1001;06/09/2025 18:00:00;M30;534;24,56;74,40
1002;06/09/2025 18:00:00;URB;206;18,33;81,40
1003;06/09/2025 18:00:00;M30;501;22,51;82,20
1004;06/09/2025 18:00:00;M30;570;27,93;88,00
1005;06/09/2025 18:00:00;M30;652;19,37;79,20
1006;06/09/2025 18:00:00;M30;624;19,73;77,50
1007;06/09/2025 18:00:00;M30;534;19,89;77,20
1008;06/09/2025 18:00:00;URB;216;21,07;75,90
1009;06/09/2025 18:00:00;M30;510;21,24;85,40
1010;06/09/2025 18:00:00;URB;253;41,94;67,10
1011;06/09/2025 18:00:00;URB;205;23,81;76,50
1012;06/09/2025 18:00:00;M30;577;30,29;78,40
1013;06/09/2025 18:00:00;URB;202;24,83;79,30
1014;06/09/2025 18:00:00;URB;208;24,38;88,90
1015;06/09/2025 18:00:00;M30;594;20,71;81,50
1016;06/09/2025 18:00:00;URB;241;33,53;78,00
1017;06/09/2025 18:00:00;URB;235;37,34;82,40
1018;06/09/2025 18:00:00;URB;208;28,55;79,20
1019;06/09/2025 18:00:00;M30;664;31,51;74,80
1020;06/09/2025 18:00:00;URB;197;26,56;83,30
1021;06/09/2025 18:00:00;M30;484;22,16;84,70
1022;06/09/2025 18:00:00;URB;203;22,70;-1,00
1023;06/09/2025 18:00:00;URB;207;21,46;-1,00
1024;06/09/2025 18:00:00;URB;255;31,24;71,80
1025;06/09/2025 18:00:00;M30;580;31,40;73,80
1026;06/09/2025 18:00:00;URB;202;28,22;80,10
1027;06/09/2025 18:00:00;M30;548;20,53;82,20
1028;06/09/2025 18:00:00;URB;196;23,60;77,70
1029;06/09/2025 18:00:00;URB;228;34,61;81,40
1030;06/09/2025 18:00:00;URB;215;27,09;82,10
1001;06/09/2025 19:00:00;M30;591;24,55;82,60
1002;06/09/2025 19:00:00;URB;255;37,58;77,00
1003;06/09/2025 19:00:00;M30;657;34,69;72,70
1004;06/09/2025 19:00:00;M30;557;18,79;91,80
1005;06/09/2025 19:00:00;M30;667;31,60;68,30
1006;06/09/2025 19:00:00;M30;634;22,01;84,20
1007;06/09/2025 19:00:00;M30;660;40,41;69,70
1008;06/09/2025 19:00:00;URB;238;28,17;70,50
1009;06/09/2025 19:00:00;M30;654;29,41;76,50
1010;06/09/2025 19:00:00;URB;189;17,41;-1,00
1011;06/09/2025 19:00:00;URB;243;31,95;83,10
1012;06/09/2025 19:00:00;M30;715;33,95;82,00
1013;06/09/2025 19:00:00;URB;246;43,78;78,20
1014;06/09/2025 19:00:00;URB;225;37,67;71,60
1015;06/09/2025 19:00:00;M30;669;34,61;73,30
1016;06/09/2025 19:00:00;URB;230;32,42;72,00
1017;06/09/2025 19:00:00;URB;211;20,76;79,40
1018;06/09/2025 19:00:00;URB;247;25,71;76,30
1019;06/09/2025 19:00:00;M30;706;20,45;83,30
1020;06/09/2025 19:00:00;URB;259;36,94;79,30
1021;06/09/2025 19:00:00;M30;577;22,49;88,50
1022;06/09/2025 19:00:00;URB;242;38,08;75,60
1023;06/09/2025 19:00:00;URB;214;28,63;87,60
1024;06/09/2025 19:00:00;URB;201;36,42;73,80
1025;06/09/2025 19:00:00;M30;680;47,12;70,20
1026;06/09/2025 19:00:00;URB;212;28,96;82,80
1027;06/09/2025 19:00:00;M30;629;32,15;77,00
1028;06/09/2025 19:00:00;URB;229;34,39;74,90
1029;06/09/2025 19:00:00;URB;239;19,68;79,80
1030;06/09/2025 19:00:00;URB;231;15,94;86,10
1001;06/09/2025 20:00:00;M30;572;30,25;81,50
1002;06/09/2025 20:00:00;URB;221;27,19;76,20
1003;06/09/2025 20:00:00;M30;665;37,62;75,50
1004;06/09/2025 20:00:00;M30;579;37,97;75,90
1005;06/09/2025 20:00:00;M30;589;17,65;82,30
1006;06/09/2025 20:00:00;M30;685;31,08;79,70
1007;06/09/2025 20:00:00;M30;573;28,82;76,50
1008;06/09/2025 20:00:00;URB;165;20,73;-1,00
1009;06/09/2025 20:00:00;M30;670;27,81;75,80
1010;06/09/2025 20:00:00;URB;214;30,36;74,50
1011;06/09/2025 20:00:00;URB;162;22,01;86,60
1012;06/09/2025 20:00:00;M30;688;42,20;67,10
1013;06/09/2025 20:00:00;URB;216;28,03;74,70
1014;06/09/2025 20:00:00;URB;212;33,68;74,90
1015;06/09/2025 20:00:00;M30;515;11,70;90,90
1016;06/09/2025 20:00:00;URB;183;17,09;-1,00
1017;06/09/2025 20:00:00;URB;210;23,93;-1,00
1018;06/09/2025 20:00:00;URB;211;23,86;75,70
1019;06/09/2025 20:00:00;M30;517;27,16;81,70
1020;06/09/2025 20:00:00;URB;211;22,21;78,30
1021;06/09/2025 20:00:00;M30;687;27,41;74,80
1022;06/09/2025 20:00:00;URB;211;29,27;79,80
1023;06/09/2025 20:00:00;URB;224;28,20;79,10
1024;06/09/2025 20:00:00;URB;220;33,29;79,10
1025;06/09/2025 20:00:00;M30;594;30,46;79,70
1026;06/09/2025 20:00:00;URB;217;24,24;79,70
1027;06/09/2025 20:00:00;M30;525;27,59;70,90
1028;06/09/2025 20:00:00;URB;215;26,73;83,40
1029;06/09/2025 20:00:00;URB;209;22,11;73,80
1030;06/09/2025 20:00:00;URB;218;35,74;74,10
1001;06/09/2025 21:00:00;M30;533;24,57;84,70
1002;06/09/2025 21:00:00;URB;193;27,16;83,50
1003;06/09/2025 21:00:00;M30;557;27,58;83,40
1004;06/09/2025 21:00:00;M30;427;20,43;83,70
1005;06/09/2025 21:00:00;M30;390;14,87;90,10
1006;06/09/2025 21:00:00;M30;461;15,27;96,60
1007;06/09/2025 21:00:00;M30;479;21,21;84,70
1008;06/09/2025 21:00:00;URB;164;17,06;-1,00
1009;06/09/2025 21:00:00;M30;499;20,77;82,50
1010;06/09/2025 21:00:00;URB;158;24,34;81,10
1011;06/09/2025 21:00:00;URB;180;18,91;87,30
1012;06/09/2025 21:00:00;M30;491;17,03;87,80
1013;06/09/2025 21:00:00;URB;152;22,19;87,80
1014;06/09/2025 21:00:00;URB;165;20,44;85,40
1015;06/09/2025 21:00:00;M30;552;26,74;80,30
1016;06/09/2025 21:00:00;URB;143;15,79;83,50
1017;06/09/2025 21:00:00;URB;180;27,88;79,60
1018;06/09/2025 21:00:00;URB;172;30,38;-1,00
1019;06/09/2025 21:00:00;M30;607;36,61;75,90
1020;06/09/2025 21:00:00;URB;200;23,59;83,10
1021;06/09/2025 21:00:00;M30;473;27,73;-1,00
1022;06/09/2025 21:00:00;URB;180;32,39;74,10
1023;06/09/2025 21:00:00;URB;160;15,56;-1,00
1024;06/09/2025 21:00:00;URB;156;17,63;-1,00
1025;06/09/2025 21:00:00;M30;527;23,40;85,50
1026;06/09/2025 21:00:00;URB;183;13,05;87,10
1027;06/09/2025 21:00:00;M30;502;22,50;82,10
1028;06/09/2025 21:00:00;URB;159;21,57;90,50
1029;06/09/2025 21:00:00;URB;154;24,71;75,30
1030;06/09/2025 21:00:00;URB;147;23,02;77,50
1001;06/09/2025 22:00:00;M30;381;12,98;85,50
1002;06/09/2025 22:00:00;URB;141;18,16;-1,00
1003;06/09/2025 22:00:00;M30;389;17,89;84,50
1004;06/09/2025 22:00:00;M30;323;16,82;82,70
1005;06/09/2025 22:00:00;M30;395;18,19;85,10
1006;06/09/2025 22:00:00;M30;376;15,28;82,40
1007;06/09/2025 22:00:00;M30;432;20,62;82,30
1008;06/09/2025 22:00:00;URB;128;14,68;81,50
1009;06/09/2025 22:00:00;M30;352;16,77;86,60
1010;06/09/2025 22:00:00;URB;138;20,87;86,80
1011;06/09/2025 22:00:00;URB;105;4,37;88,00
1012;06/09/2025 22:00:00;M30;470;16,22;87,90
1013;06/09/2025 22:00:00;URB;131;16,82;90,10
1014;06/09/2025 22:00:00;URB;142;22,09;81,20
1015;06/09/2025 22:00:00;M30;404;18,78;86,80
1016;06/09/2025 22:00:00;URB;157;23,17;94,10
1017;06/09/2025 22:00:00;URB;143;24,47;77,90
1018;06/09/2025 22:00:00;URB;102;11,08;-1,00
1019;06/09/2025 22:00:00;M30;334;15,98;-1,00
1020;06/09/2025 22:00:00;URB;137;14,03;-1,00
1021;06/09/2025 22:00:00;M30;368;20,26;-1,00
1022;06/09/2025 22:00:00;URB;132;15,26;90,40
1023;06/09/2025 22:00:00;URB;132;17,69;88,40
1024;06/09/2025 22:00:00;URB;114;14,38;87,30
1025;06/09/2025 22:00:00;M30;453;21,84;83,30
1026;06/09/2025 22:00:00;URB;134;17,43;79,80
1027;06/09/2025 22:00:00;M30;362;20,20;79,80
1028;06/09/2025 22:00:00;URB;149;8,71;95,70
1029;06/09/2025 22:00:00;URB;144;19,99;81,40
1030;06/09/2025 22:00:00;URB;135;22,26;81,10
1001;06/09/2025 23:00:00;M30;323;14,66;90,00
1002;06/09/2025 23:00:00;URB;93;12,35;91,20
1003;06/09/2025 23:00:00;M30;305;16,93;84,50
1004;06/09/2025 23:00:00;M30;316;13,43;81,80
1005;06/09/2025 23:00:00;M30;295;15,60;84,60
1006;06/09/2025 23:00:00;M30;262;11,46;83,60
1007;06/09/2025 23:00:00;M30;294;14,43;84,20
1008;06/09/2025 23:00:00;URB;84;10,08;83,90
1009;06/09/2025 23:00:00;M30;324;14,86;87,90
1010;06/09/2025 23:00:00;URB;108;12,33;90,70
1011;06/09/2025 23:00:00;URB;106;9,88;87,20
1012;06/09/2025 23:00:00;M30;277;13,08;85,50
1013;06/09/2025 23:00:00;URB;104;12,26;-1,00
1014;06/09/2025 23:00:00;URB;97;12,63;92,30
1015;06/09/2025 23:00:00;M30;281;12,32;-1,00
1016;06/09/2025 23:00:00;URB;110;13,69;88,00
1017;06/09/2025 23:00:00;URB;102;12,79;84,70
1018;06/09/2025 23:00:00;URB;111;10,86;89,90
1019;06/09/2025 23:00:00;M30;242;14,13;88,10
1020;06/09/2025 23:00:00;URB;103;12,56;89,50
1021;06/09/2025 23:00:00;M30;283;14,55;82,80
1022;06/09/2025 23:00:00;URB;107;12,79;86,80
1023;06/09/2025 23:00:00;URB;112;19,34;-1,00
1024;06/09/2025 23:00:00;URB;99;15,21;70,40
1025;06/09/2025 23:00:00;M30;214;11,10;89,50
1026;06/09/2025 23:00:00;URB;107;14,32;86,70
1027;06/09/2025 23:00:00;M30;283;14,64;90,20
1028;06/09/2025 23:00:00;URB;91;9,15;91,50
1029;06/09/2025 23:00:00;URB;115;16,11;90,30
1030;06/09/2025 23:00:00;URB;100;11,29;-1,00
1001;07/09/2025 00:00:00;M30;176;10,04;94,80
1002;07/09/2025 00:00:00;URB;70;9,29;84,70
1003;07/09/2025 00:00:00;M30;202;8,64;90,60
1004;07/09/2025 00:00:00;M30;187;11,76;91,20
1005;07/09/2025 00:00:00;M30;185;7,99;90,50
1006;07/09/2025 00:00:00;M30;205;10,72;87,20
1007;07/09/2025 00:00:00;M30;221;9,94;85,90
1008;07/09/2025 00:00:00;URB;81;12,16;88,20
1009;07/09/2025 00:00:00;M30;182;8,40;100,40
1010;07/09/2025 00:00:00;URB;54;8,49;91,70
1011;07/09/2025 00:00:00;URB;75;8,19;-1,00
1012;07/09/2025 00:00:00;M30;230;7,06;97,30
1013;07/09/2025 00:00:00;URB;72;9,88;83,20
1014;07/09/2025 00:00:00;URB;82;9,38;-1,00
1015;07/09/2025 00:00:00;M30;172;7,80;99,20
1016;07/09/2025 00:00:00;URB;55;7,96;-1,00
1017;07/09/2025 00:00:00;URB;72;8,36;94,30
1018;07/09/2025 00:00:00;URB;65;11,64;90,50
1019;07/09/2025 00:00:00;M30;194;9,14;87,40
1020;07/09/2025 00:00:00;URB;65;10,24;90,10
1021;07/09/2025 00:00:00;M30;181;6,35;94,70
1022;07/09/2025 00:00:00;URB;61;6,11;92,80
1023;07/09/2025 00:00:00;URB;65;6,14;93,70
1024;07/09/2025 00:00:00;URB;62;7,88;93,60
1025;07/09/2025 00:00:00;M30;234;12,80;94,60
1026;07/09/2025 00:00:00;URB;77;9,83;89,20
1027;07/09/2025 00:00:00;M30;172;6,69;85,90
1028;07/09/2025 00:00:00;URB;80;8,01;85,40
1029;07/09/2025 00:00:00;URB;73;11,81;-1,00
1030;07/09/2025 00:00:00;URB;81;7,89;86,00
1001;07/09/2025 01:00:00;M30;218;11,44;79,80
1002;07/09/2025 01:00:00;URB;64;7,81;84,70
1003;07/09/2025 01:00:00;M30;198;8,74;86,40
1004;07/09/2025 01:00:00;M30;209;11,46;88,00
1005;07/09/2025 01:00:00;M30;173;7,15;86,80
1006;07/09/2025 01:00:00;M30;214;11,43;87,00
1007;07/09/2025 01:00:00;M30;173;8,72;87,90
1008;07/09/2025 01:00:00;URB;56;6,47;88,40
1009;07/09/2025 01:00:00;M30;212;12,63;87,70
1010;07/09/2025 01:00:00;URB;73;8,21;92,30
1011;07/09/2025 01:00:00;URB;68;8,80;89,20
1012;07/09/2025 01:00:00;M30;178;7,47;93,90
1013;07/09/2025 01:00:00;URB;77;10,68;86,80
1014;07/09/2025 01:00:00;URB;87;10,74;86,20
1015;07/09/2025 01:00:00;M30;217;10,21;92,50
1016;07/09/2025 01:00:00;URB;66;9,45;88,90
1017;07/09/2025 01:00:00;URB;69;7,59;90,90
1018;07/09/2025 01:00:00;URB;74;9,87;88,50
1019;07/09/2025 01:00:00;M30;220;10,78;91,90
1020;07/09/2025 01:00:00;URB;70;6,57;84,20
1021;07/09/2025 01:00:00;M30;185;9,16;92,70
1022;07/09/2025 01:00:00;URB;65;9,98;89,40
1023;07/09/2025 01:00:00;URB;64;7,68;89,00
1024;07/09/2025 01:00:00;URB;64;10,98;81,90
1025;07/09/2025 01:00:00;M30;223;13,91;86,10
1026;07/09/2025 01:00:00;URB;58;11,43;91,10
1027;07/09/2025 01:00:00;M30;157;7,26;-1,00
1028;07/09/2025 01:00:00;URB;66;8,63;87,80
1029;07/09/2025 01:00:00;URB;65;9,86;96,50
1030;07/09/2025 01:00:00;URB;80;10,92;86,70
1001;07/09/2025 02:00:00;M30;251;10,04;89,20
1002;07/09/2025 02:00:00;URB;78;10,44;91,00
1003;07/09/2025 02:00:00;M30;180;7,63;93,10
1004;07/09/2025 02:00:00;M30;200;8,86;88,20
1005;07/09/2025 02:00:00;M30;187;7,76;89,10
1006;07/09/2025 02:00:00;M30;182;10,55;90,80
1007;07/09/2025 02:00:00;M30;198;9,86;94,90
1008;07/09/2025 02:00:00;URB;75;10,35;82,30
1009;07/09/2025 02:00:00;M30;183;7,14;93,90
1010;07/09/2025 02:00:00;URB;79;8,80;86,30
1011;07/09/2025 02:00:00;URB;62;6,56;92,20
1012;07/09/2025 02:00:00;M30;174;10,73;84,10
1013;07/09/2025 02:00:00;URB;56;6,93;90,10
1014;07/09/2025 02:00:00;URB;85;9,36;83,10
1015;07/09/2025 02:00:00;M30;191;8,67;93,50
1016;07/09/2025 02:00:00;URB;86;12,06;83,70
1017;07/09/2025 02:00:00;URB;70;9,34;89,40
1018;07/09/2025 02:00:00;URB;69;6,28;-1,00
1019;07/09/2025 02:00:00;M30;224;8,50;91,90
1020;07/09/2025 02:00:00;URB;62;6,63;89,50
1021;07/09/2025 02:00:00;M30;169;7,12;90,10
1022;07/09/2025 02:00:00;URB;70;7,53;81,20
1023;07/09/2025 02:00:00;URB;74;8,85;87,00
1024;07/09/2025 02:00:00;URB;58;7,71;-1,00
1025;07/09/2025 02:00:00;M30;180;8,79;86,70
1026;07/09/2025 02:00:00;URB;71;9,19;88,90
1027;07/09/2025 02:00:00;M30;224;10,86;94,30
1028;07/09/2025 02:00:00;URB;66;8,26;87,10
1029;07/09/2025 02:00:00;URB;73;11,54;91,70
1030;07/09/2025 02:00:00;URB;71;6,69;91,20
1001;07/09/2025 03:00:00;M30;226;8,22;94,50
1002;07/09/2025 03:00:00;URB;69;9,16;94,20
1003;07/09/2025 03:00:00;M30;242;9,68;81,00
1004;07/09/2025 03:00:00;M30;183;7,81;90,70
1005;07/09/2025 03:00:00;M30;187;7,44;83,50
1006;07/09/2025 03:00:00;M30;176;7,58;90,20
1007;07/09/2025 03:00:00;M30;237;12,22;81,00
1008;07/09/2025 03:00:00;URB;66;9,85;-1,00
1009;07/09/2025 03:00:00;M30;232;11,27;91,00
1010;07/09/2025 03:00:00;URB;81;13,99;86,70
1011;07/09/2025 03:00:00;URB;65;8,59;90,20
1012;07/09/2025 03:00:00;M30;181;8,32;98,00
1013;07/09/2025 03:00:00;URB;79;10,10;90,30
1014;07/09/2025 03:00:00;URB;67;8,95;90,20
1015;07/09/2025 03:00:00;M30;213;7,66;88,40
1016;07/09/2025 03:00:00;URB;75;10,73;91,10
1017;07/09/2025 03:00:00;URB;83;10,56;-1,00
1018;07/09/2025 03:00:00;URB;72;9,11;93,30
1019;07/09/2025 03:00:00;M30;186;8,73;-1,00
1020;07/09/2025 03:00:00;URB;75;12,87;-1,00
1021;07/09/2025 03:00:00;M30;193;11,56;86,80
1022;07/09/2025 03:00:00;URB;70;7,22;91,10
1023;07/09/2025 03:00:00;URB;84;8,56;86,40
1024;07/09/2025 03:00:00;URB;73;11,19;81,50
1025;07/09/2025 03:00:00;M30;215;9,99;90,90
1026;07/09/2025 03:00:00;URB;69;5,27;90,50
1027;07/09/2025 03:00:00;M30;185;7,00;95,60
1028;07/09/2025 03:00:00;URB;79;12,39;-1,00
1029;07/09/2025 03:00:00;URB;82;8,35;98,20
1030;07/09/2025 03:00:00;URB;81;12,10;87,90
1001;07/09/2025 04:00:00;M30;230;9,98;-1,00
1002;07/09/2025 04:00:00;URB;83;15,66;89,40
1003;07/09/2025 04:00:00;M30;236;12,02;-1,00
1004;07/09/2025 04:00:00;M30;218;10,53;87,10
1005;07/09/2025 04:00:00;M30;219;9,32;93,90
1006;07/09/2025 04:00:00;M30;209;10,39;85,90
1007;07/09/2025 04:00:00;M30;265;13,09;77,90
1008;07/09/2025 04:00:00;URB;73;9,65;-1,00
1009;07/09/2025 04:00:00;M30;242;15,31;87,30
1010;07/09/2025 04:00:00;URB;81;9,07;94,00
1011;07/09/2025 04:00:00;URB;79;13,01;86,50
1012;07/09/2025 04:00:00;M30;184;9,88;87,80
1013;07/09/2025 04:00:00;URB;74;9,39;90,50
1014;07/09/2025 04:00:00;URB;69;9,42;95,50
1015;07/09/2025 04:00:00;M30;197;10,72;87,40
1016;07/09/2025 04:00:00;URB;76;8,00;87,70
1017;07/09/2025 04:00:00;URB;77;11,01;87,60
1018;07/09/2025 04:00:00;URB;82;11,51;86,00
1019;07/09/2025 04:00:00;M30;215;9,12;84,20
1020;07/09/2025 04:00:00;URB;68;8,07;83,90
1021;07/09/2025 04:00:00;M30;210;10,35;90,30
1022;07/09/2025 04:00:00;URB;79;11,13;-1,00
1023;07/09/2025 04:00:00;URB;81;11,78;81,30
1024;07/09/2025 04:00:00;URB;73;10,03;88,30
1025;07/09/2025 04:00:00;M30;226;10,56;86,90
1026;07/09/2025 04:00:00;URB;77;11,05;81,20
1027;07/09/2025 04:00:00;M30;195;10,43;86,00
1028;07/09/2025 04:00:00;URB;77;8,79;93,80
1029;07/09/2025 04:00:00;URB;73;11,07;88,10
1030;07/09/2025 04:00:00;URB;67;9,55;91,10
1001;07/09/2025 05:00:00;M30;315;16,03;85,70
1002;07/09/2025 05:00:00;URB;99;10,41;84,60
1003;07/09/2025 05:00:00;M30;254;12,30;-1,00
1004;07/09/2025 05:00:00;M30;218;11,75;89,40
1005;07/09/2025 05:00:00;M30;267;12,03;93,30
1006;07/09/2025 05:00:00;M30;281;13,00;79,20
1007;07/09/2025 05:00:00;M30;293;14,27;-1,00
1008;07/09/2025 05:00:00;URB;112;18,29;-1,00
1009;07/09/2025 05:00:00;M30;305;13,20;87,60
1010;07/09/2025 05:00:00;URB;100;13,17;87,60
1011;07/09/2025 05:00:00;URB;97;14,00;90,00
1012;07/09/2025 05:00:00;M30;253;9,17;87,30
1013;07/09/2025 05:00:00;URB;86;12,38;-1,00
1014;07/09/2025 05:00:00;URB;91;13,97;91,60
1015;07/09/2025 05:00:00;M30;270;12,66;90,20
1016;07/09/2025 05:00:00;URB;106;17,46;85,50
1017;07/09/2025 05:00:00;URB;97;8,90;87,70
1018;07/09/2025 05:00:00;URB;87;12,51;88,10
1019;07/09/2025 05:00:00;M30;314;13,48;86,80
1020;07/09/2025 05:00:00;URB;111;16,08;80,40
1021;07/09/2025 05:00:00;M30;268;14,42;87,20
1022;07/09/2025 05:00:00;URB;116;13,63;90,80
1023;07/09/2025 05:00:00;URB;92;10,62;-1,00
1024;07/09/2025 05:00:00;URB;85;11,88;86,20
1025;07/09/2025 05:00:00;M30;199;10,03;87,80
1026;07/09/2025 05:00:00;URB;93;14,40;-1,00
1027;07/09/2025 05:00:00;M30;298;14,84;83,50
1028;07/09/2025 05:00:00;URB;91;14,31;90,70
1029;07/09/2025 05:00:00;URB;94;12,76;88,30
1030;07/09/2025 05:00:00;URB;91;10,10;85,10
1001;07/09/2025 06:00:00;M30;342;18,28;89,50
1002;07/09/2025 06:00:00;URB;139;16,96;87,10
1003;07/09/2025 06:00:00;M30;319;13,81;91,60
1004;07/09/2025 06:00:00;M30;372;17,85;76,80
1005;07/09/2025 06:00:00;M30;337;16,80;89,60
1006;07/09/2025 06:00:00;M30;345;17,96;85,50
1007;07/09/2025 06:00:00;M30;348;19,30;81,70
1008;07/09/2025 06:00:00;URB;131;19,31;91,20
1009;07/09/2025 06:00:00;M30;353;22,59;84,10
1010;07/09/2025 06:00:00;URB;132;17,15;86,50
1011;07/09/2025 06:00:00;URB;137;18,50;78,50
1012;07/09/2025 06:00:00;M30;351;13,78;-1,00
1013;07/09/2025 06:00:00;URB;143;18,01;91,40
1014;07/09/2025 06:00:00;URB;130;17,13;85,10
1015;07/09/2025 06:00:00;M30;432;19,02;84,70
1016;07/09/2025 06:00:00;URB;149;21,93;-1,00
1017;07/09/2025 06:00:00;URB;111;9,07;94,20
1018;07/09/2025 06:00:00;URB;140;17,26;-1,00
1019;07/09/2025 06:00:00;M30;362;21,20;85,90
1020;07/09/2025 06:00:00;URB;138;17,97;86,40
1021;07/09/2025 06:00:00;M30;397;19,84;87,80
1022;07/09/2025 06:00:00;URB;131;15,30;83,50
1023;07/09/2025 06:00:00;URB;123;21,41;89,30
1024;07/09/2025 06:00:00;URB;129;15,01;83,20
1025;07/09/2025 06:00:00;M30;372;15,52;86,80
1026;07/09/2025 06:00:00;URB;117;9,18;92,40
1027;07/09/2025 06:00:00;M30;363;20,61;86,30
1028;07/09/2025 06:00:00;URB;122;19,94;86,30
1029;07/09/2025 06:00:00;URB;106;13,75;82,30
1030;07/09/2025 06:00:00;URB;139;21,76;83,30
1001;07/09/2025 07:00:00;M30;494;23,00;83,00
1002;07/09/2025 07:00:00;URB;159;21,71;89,10
1003;07/09/2025 07:00:00;M30;473;21,66;84,00
1004;07/09/2025 07:00:00;M30;486;19,29;80,60
1005;07/09/2025 07:00:00;M30;454;21,25;-1,00
1006;07/09/2025 07:00:00;M30;464;21,73;80,20
1007;07/09/2025 07:00:00;M30;509;22,10;80,80
1008;07/09/2025 07:00:00;URB;177;37,06;72,60
1009;07/09/2025 07:00:00;M30;516;22,62;82,90
1010;07/09/2025 07:00:00;URB;159;16,25;86,40
1011;07/09/2025 07:00:00;URB;155;17,63;-1,00
1012;07/09/2025 07:00:00;M30;541;27,48;83,90
1013;07/09/2025 07:00:00;URB;130;15,99;89,00
1014;07/09/2025 07:00:00;URB;151;21,38;80,80
1015;07/09/2025 07:00:00;M30;554;21,36;83,30
1016;07/09/2025 07:00:00;URB;155;21,35;91,40
1017;07/09/2025 07:00:00;URB;156;27,22;83,50
1018;07/09/2025 07:00:00;URB;152;21,64;80,50
1019;07/09/2025 07:00:00;M30;407;16,93;-1,00
1020;07/09/2025 07:00:00;URB;158;21,71;82,60
1021;07/09/2025 07:00:00;M30;516;16,98;86,00
1022;07/09/2025 07:00:00;URB;200;27,17;84,00
1023;07/09/2025 07:00:00;URB;146;21,36;83,80
1024;07/09/2025 07:00:00;URB;166;24,78;82,00
1025;07/09/2025 07:00:00;M30;427;21,70;84,70
1026;07/09/2025 07:00:00;URB;153;16,93;89,10
1027;07/09/2025 07:00:00;M30;429;21,02;88,70
1028;07/09/2025 07:00:00;URB;126;15,35;79,30
1029;07/09/2025 07:00:00;URB;149;16,79;86,50
1030;07/09/2025 07:00:00;URB;168;23,09;81,60
1001;07/09/2025 08:00:00;M30;506;22,13;-1,00
1002;07/09/2025 08:00:00;URB;166;20,82;81,60
1003;07/09/2025 08:00:00;M30;542;23,27;86,70
1004;07/09/2025 08:00:00;M30;568;24,87;84,30
1005;07/09/2025 08:00:00;M30;527;23,01;-1,00
1006;07/09/2025 08:00:00;M30;590;32,36;70,80
1007;07/09/2025 08:00:00;M30;498;26,02;77,30
1008;07/09/2025 08:00:00;URB;156;19,10;-1,00
1009;07/09/2025 08:00:00;M30;578;23,96;78,50
1010;07/09/2025 08:00:00;URB;190;29,82;77,60
1011;07/09/2025 08:00:00;URB;195;17,30;83,40
1012;07/09/2025 08:00:00;M30;588;25,45;77,00
1013;07/09/2025 08:00:00;URB;168;25,41;80,40
1014;07/09/2025 08:00:00;URB;180;22,57;83,00
1015;07/09/2025 08:00:00;M30;546;34,21;-1,00
1016;07/09/2025 08:00:00;URB;231;34,84;77,10
1017;07/09/2025 08:00:00;URB;177;24,67;85,70
1018;07/09/2025 08:00:00;URB;187;28,31;76,00
1019;07/09/2025 08:00:00;M30;583;20,73;79,80
1020;07/09/2025 08:00:00;URB;234;32,08;81,20
1021;07/09/2025 08:00:00;M30;574;26,42;75,90
1022;07/09/2025 08:00:00;URB;222;21,45;87,20
1023;07/09/2025 08:00:00;URB;231;29,99;78,90
1024;07/09/2025 08:00:00;URB;213;37,23;73,30
1025;07/09/2025 08:00:00;M30;528;23,94;74,20
1026;07/09/2025 08:00:00;URB;155;17,24;82,80
1027;07/09/2025 08:00:00;M30;576;25,90;80,80
1028;07/09/2025 08:00:00;URB;193;25,42;83,20
1029;07/09/2025 08:00:00;URB;195;22,95;-1,00
1030;07/09/2025 08:00:00;URB;188;21,25;80,10
1001;07/09/2025 09:00:00;M30;539;26,58;79,10
1002;07/09/2025 09:00:00;URB;163;22,71;83,30
1003;07/09/2025 09:00:00;M30;598;25,85;81,30
1004;07/09/2025 09:00:00;M30;616;26,22;-1,00
1005;07/09/2025 09:00:00;M30;567;21,22;84,00
1006;07/09/2025 09:00:00;M30;411;21,39;71,90
1007;07/09/2025 09:00:00;M30;566;16,02;89,60
1008;07/09/2025 09:00:00;URB;163;26,50;76,40
1009;07/09/2025 09:00:00;M30;609;30,19;73,90
1010;07/09/2025 09:00:00;URB;169;23,45;77,70
1011;07/09/2025 09:00:00;URB;183;33,56;79,80
1012;07/09/2025 09:00:00;M30;507;22,57;-1,00
1013;07/09/2025 09:00:00;URB;189;26,91;85,00
1014;07/09/2025 09:00:00;URB;147;22,36;83,30
1015;07/09/2025 09:00:00;M30;534;29,69;77,30
1016;07/09/2025 09:00:00;URB;203;30,37;80,90
1017;07/09/2025 09:00:00;URB;217;19,94;85,80
1018;07/09/2025 09:00:00;URB;192;25,12;71,80
1019;07/09/2025 09:00:00;M30;599;37,46;73,90
1020;07/09/2025 09:00:00;URB;160;24,02;80,10
1021;07/09/2025 09:00:00;M30;585;27,38;86,90
1022;07/09/2025 09:00:00;URB;180;20,87;-1,00
1023;07/09/2025 09:00:00;URB;225;29,40;78,00
1024;07/09/2025 09:00:00;URB;206;18,33;81,40
1025;07/09/2025 09:00:00;M30;627;21,45;85,20
1026;07/09/2025 09:00:00;URB;178;25,16;75,70
1027;07/09/2025 09:00:00;M30;613;23,49;77,00
1028;07/09/2025 09:00:00;URB;244;28,43;74,40
1029;07/09/2025 09:00:00;URB;181;28,85;84,10
1030;07/09/2025 09:00:00;URB;159;20,73;89,70
1001;07/09/2025 10:00:00;M30;460;23,25;-1,00
1002;07/09/2025 10:00:00;URB;176;26,82;81,60
1003;07/09/2025 10:00:00;M30;511;25,48;82,70
1004;07/09/2025 10:00:00;M30;456;24,25;84,80
1005;07/09/2025 10:00:00;M30;438;21,81;79,60
1006;07/09/2025 10:00:00;M30;465;21,14;89,50
1007;07/09/2025 10:00:00;M30;521;26,09;78,90
1008;07/09/2025 10:00:00;URB;157;21,94;81,30
1009;07/09/2025 10:00:00;M30;504;26,86;78,80
1010;07/09/2025 10:00:00;URB;142;16,82;78,60
1011;07/09/2025 10:00:00;URB;153;21,17;87,60
1012;07/09/2025 10:00:00;M30;465;23,78;83,50
1013;07/09/2025 10:00:00;URB;176;16,28;83,10
1014;07/09/2025 10:00:00;URB;196;29,59;76,00
1015;07/09/2025 10:00:00;M30;400;17,40;90,50
1016;07/09/2025 10:00:00;URB;181;23,23;79,90
1017;07/09/2025 10:00:00;URB;164;21,20;80,50
1018;07/09/2025 10:00:00;URB;189;21,68;82,00
1019;07/09/2025 10:00:00;M30;495;25,16;82,00
1020;07/09/2025 10:00:00;URB;176;23,69;91,70
1021;07/09/2025 10:00:00;M30;486;22,66;79,90
1022;07/09/2025 10:00:00;URB;172;27,72;80,40
1023;07/09/2025 10:00:00;URB;164;31,15;-1,00
1024;07/09/2025 10:00:00;URB;162;17,06;-1,00
1025;07/09/2025 10:00:00;M30;444;21,50;-1,00
1026;07/09/2025 10:00:00;URB;167;26,56;83,90
1027;07/09/2025 10:00:00;M30;403;16,41;82,80
1028;07/09/2025 10:00:00;URB;185;25,77;79,50
1029;07/09/2025 10:00:00;URB;172;25,23;79,30
1030;07/09/2025 10:00:00;URB;188;26,17;77,40
1001;07/09/2025 11:00:00;M30;433;18,65;92,50
1002;07/09/2025 11:00:00;URB;139;20,15;82,60
1003;07/09/2025 11:00:00;M30;384;16,42;82,70
1004;07/09/2025 11:00:00;M30;319;13,91;81,50
1005;07/09/2025 11:00:00;M30;392;21,88;-1,00
1006;07/09/2025 11:00:00;M30;340;15,50;82,10
1007;07/09/2025 11:00:00;M30;331;13,53;89,40
1008;07/09/2025 11:00:00;URB;101;12,59;85,20
1009;07/09/2025 11:00:00;M30;364;16,08;84,10
1010;07/09/2025 11:00:00;URB;110;15,28;-1,00
1011;07/09/2025 11:00:00;URB;126;14,72;-1,00
1012;07/09/2025 11:00:00;M30;332;12,55;90,60
1013;07/09/2025 11:00:00;URB;142;25,29;85,30
1014;07/09/2025 11:00:00;URB;144;16,42;85,00
1015;07/09/2025 11:00:00;M30;320;15,97;88,90
1016;07/09/2025 11:00:00;URB;112;12,45;84,10
1017;07/09/2025 11:00:00;URB;122;17,41;85,00
1018;07/09/2025 11:00:00;URB;140;15,38;86,40
1019;07/09/2025 11:00:00;M30;337;16,16;94,10
1020;07/09/2025 11:00:00;URB;150;28,24;80,80
1021;07/09/2025 11:00:00;M30;317;13,50;86,60
1022;07/09/2025 11:00:00;URB;133;19,45;78,10
1023;07/09/2025 11:00:00;URB;143;23,08;78,40
1024;07/09/2025 11:00:00;URB;98;9,92;-1,00
1025;07/09/2025 11:00:00;M30;315;13,78;85,60
1026;07/09/2025 11:00:00;URB;143;16,46;85,40
1027;07/09/2025 11:00:00;M30;367;16,51;86,40
1028;07/09/2025 11:00:00;URB;138;20,71;77,00
1029;07/09/2025 11:00:00;URB;122;18,70;89,80
1030;07/09/2025 11:00:00;URB;149;26,28;75,10
1001;07/09/2025 12:00:00;M30;267;10,44;84,70
1002;07/09/2025 12:00:00;URB;98;9,34;96,90
1003;07/09/2025 12:00:00;M30;277;10,93;86,80
1004;07/09/2025 12:00:00;M30;262;11,69;89,70
1005;07/09/2025 12:00:00;M30;301;10,69;93,50
1006;07/09/2025 12:00:00;M30;283;10,07;90,50
1007;07/09/2025 12:00:00;M30;290;15,20;-1,00
1008;07/09/2025 12:00:00;URB;90;12,25;84,70
1009;07/09/2025 12:00:00;M30;278;5,52;92,10
1010;07/09/2025 12:00:00;URB;91;9,69;90,20
1011;07/09/2025 12:00:00;URB;87;8,99;-1,00
1012;07/09/2025 12:00:00;M30;281;13,10;89,30
1013;07/09/2025 12:00:00;URB;92;12,99;87,80
1014;07/09/2025 12:00:00;URB;118;17,11;86,10
1015;07/09/2025 12:00:00;M30;254;14,67;84,10
1016;07/09/2025 12:00:00;URB;107;15,21;83,60
1017;07/09/2025 12:00:00;URB;101;12,65;79,50
1018;07/09/2025 12:00:00;URB;101;14,53;89,10
1019;07/09/2025 12:00:00;M30;264;10,52;93,90
1020;07/09/2025 12:00:00;URB;94;11,82;86,00
1021;07/09/2025 12:00:00;M30;280;11,79;95,00
1022;07/09/2025 12:00:00;URB;97;9,39;-1,00
1023;07/09/2025 12:00:00;URB;94;11,01;86,10
1024;07/09/2025 12:00:00;URB;110;17,10;85,50
1025;07/09/2025 12:00:00;M30;292;11,87;87,80
1026;07/09/2025 12:00:00;URB;83;14,52;88,70
1027;07/09/2025 12:00:00;M30;313;17,55;79,30
1028;07/09/2025 12:00:00;URB;107;18,33;-1,00
1029;07/09/2025 12:00:00;URB;105;10,74;88,80
1030;07/09/2025 12:00:00;URB;103;14,75;88,40
1001;07/09/2025 13:00:00;M30;219;11,85;93,90
1002;07/09/2025 13:00:00;URB;86;7,42;94,30
1003;07/09/2025 13:00:00;M30;279;15,42;81,20
1004;07/09/2025 13:00:00;M30;197;8,90;91,00
1005;07/09/2025 13:00:00;M30;248;12,99;85,20
1006;07/09/2025 13:00:00;M30;259;13,38;-1,00
1007;07/09/2025 13:00:00;M30;210;7,70;82,50
1008;07/09/2025 13:00:00;URB;92;9,93;86,20
1009;07/09/2025 13:00:00;M30;219;12,80;87,80
1010;07/09/2025 13:00:00;URB;92;15,51;84,50
1011;07/09/2025 13:00:00;URB;85;12,35;86,50
1012;07/09/2025 13:00:00;M30;235;11,77;88,80
1013;07/09/2025 13:00:00;URB;93;12,23;84,70
1014;07/09/2025 13:00:00;URB;86;11,64;85,00
1015;07/09/2025 13:00:00;M30;283;14,59;-1,00
1016;07/09/2025 13:00:00;URB;89;14,62;91,20
1017;07/09/2025 13:00:00;URB;93;13,01;85,20
1018;07/09/2025 13:00:00;URB;87;12,32;87,70
1019;07/09/2025 13:00:00;M30;269;5,57;92,00
1020;07/09/2025 13:00:00;URB;81;9,56;91,90
1021;07/09/2025 13:00:00;M30;245;10,76;87,40
1022;07/09/2025 13:00:00;URB;90;13,47;91,40
1023;07/09/2025 13:00:00;URB;90;17,77;80,80
1024;07/09/2025 13:00:00;URB;87;10,44;94,10
1025;07/09/2025 13:00:00;M30;241;11,71;87,10
1026;07/09/2025 13:00:00;URB;86;11,65;85,20
1027;07/09/2025 13:00:00;M30;250;11,15;86,70
1028;07/09/2025 13:00:00;URB;85;11,58;89,20
1029;07/09/2025 13:00:00;URB;93;14,88;84,30
1030;07/09/2025 13:00:00;URB;83;14,62;84,10
1001;07/09/2025 14:00:00;M30;235;11,48;83,30
1002;07/09/2025 14:00:00;URB;74;10,05;88,10
1003;07/09/2025 14:00:00;M30;218;8,11;92,60
1004;07/09/2025 14:00:00;M30;206;12,31;84,00
1005;07/09/2025 14:00:00;M30;294;13,96;92,80
1006;07/09/2025 14:00:00;M30;267;12,88;79,50
1007;07/09/2025 14:00:00;M30;208;10,61;88,60
1008;07/09/2025 14:00:00;URB;87;7,23;98,20
1009;07/09/2025 14:00:00;M30;244;9,98;86,60
1010;07/09/2025 14:00:00;URB;79;11,33;86,90
1011;07/09/2025 14:00:00;URB;86;10,64;87,40
1012;07/09/2025 14:00:00;M30;262;12,09;92,90
1013;07/09/2025 14:00:00;URB;79;12,15;89,80
1014;07/09/2025 14:00:00;URB;97;10,50;89,60
1015;07/09/2025 14:00:00;M30;204;9,39;83,70
1016;07/09/2025 14:00:00;URB;91;10,63;87,90
1017;07/09/2025 14:00:00;URB;79;8,64;83,40
1018;07/09/2025 14:00:00;URB;85;11,47;83,70
1019;07/09/2025 14:00:00;M30;220;9,32;94,20
1020;07/09/2025 14:00:00;URB;83;12,74;88,00
1021;07/09/2025 14:00:00;M30;252;6,03;-1,00
1022;07/09/2025 14:00:00;URB;84;11,02;92,20
1023;07/09/2025 14:00:00;URB;81;12,48;85,20
1024;07/09/2025 14:00:00;URB;102;11,89;90,10
1025;07/09/2025 14:00:00;M30;220;9,16;-1,00
1026;07/09/2025 14:00:00;URB;86;8,76;87,70
1027;07/09/2025 14:00:00;M30;264;9,46;90,00
1028;07/09/2025 14:00:00;URB;88;10,09;85,90
1029;07/09/2025 14:00:00;URB;98;11,65;89,10
1030;07/09/2025 14:00:00;URB;85;10,85;81,70
1001;07/09/2025 15:00:00;M30;281;10,73;94,30
1002;07/09/2025 15:00:00;URB;106;14,71;85,40
1003;07/09/2025 15:00:00;M30;235;10,38;86,70
1004;07/09/2025 15:00:00;M30;265;11,23;85,70
1005;07/09/2025 15:00:00;M30;269;9,56;89,20
1006;07/09/2025 15:00:00;M30;268;11,35;-1,00
1007;07/09/2025 15:00:00;M30;282;11,75;87,20
1008;07/09/2025 15:00:00;URB;113;16,44;86,10
1009;07/09/2025 15:00:00;M30;313;11,77;84,50
1010;07/09/2025 15:00:00;URB;111;14,58;82,30
1011;07/09/2025 15:00:00;URB;101;13,09;90,80
1012;07/09/2025 15:00:00;M30;223;9,47;-1,00
1013;07/09/2025 15:00:00;URB;104;14,17;89,50
1014;07/09/2025 15:00:00;URB;103;14,52;92,50
1015;07/09/2025 15:00:00;M30;271;8,55;89,20
1016;07/09/2025 15:00:00;URB;113;15,01;95,30
1017;07/09/2025 15:00:00;URB;107;14,13;92,60
1018;07/09/2025 15:00:00;URB;90;9,37;-1,00
1019;07/09/2025 15:00:00;M30;297;16,00;88,40
1020;07/09/2025 15:00:00;URB;102;19,27;-1,00
1021;07/09/2025 15:00:00;M30;259;13,65;82,00
1022;07/09/2025 15:00:00;URB;114;13,92;84,00
1023;07/09/2025 15:00:00;URB;94;11,28;89,50
1024;07/09/2025 15:00:00;URB;109;12,75;-1,00
1025;07/09/2025 15:00:00;M30;312;12,57;86,00
1026;07/09/2025 15:00:00;URB;103;10,68;91,40
1027;07/09/2025 15:00:00;M30;300;12,99;89,00
1028;07/09/2025 15:00:00;URB;95;11,05;88,40
1029;07/09/2025 15:00:00;URB;116;11,15;89,60
1030;07/09/2025 15:00:00;URB;100;13,08;83,40
1001;07/09/2025 16:00:00;M30;395;18,39;79,90
1002;07/09/2025 16:00:00;URB;132;17,30;85,00
1003;07/09/2025 16:00:00;M30;376;14,93;-1,00
1004;07/09/2025 16:00:00;M30;404;14,43;86,50
1005;07/09/2025 16:00:00;M30;401;21,18;83,60
1006;07/09/2025 16:00:00;M30;332;15,84;82,10
1007;07/09/2025 16:00:00;M30;373;20,53;83,10
1008;07/09/2025 16:00:00;URB;136;18,96;91,50
1009;07/09/2025 16:00:00;M30;391;14,80;80,80
1010;07/09/2025 16:00:00;URB;105;13,34;83,60
1011;07/09/2025 16:00:00;URB;133;16,56;85,10
1012;07/09/2025 16:00:00;M30;380;16,65;85,50
1013;07/09/2025 16:00:00;URB;106;14,44;89,40
1014;07/09/2025 16:00:00;URB;132;15,22;87,70
1015;07/09/2025 16:00:00;M30;325;15,31;87,40
1016;07/09/2025 16:00:00;URB;115;16,56;-1,00
1017;07/09/2025 16:00:00;URB;169;24,89;80,50
1018;07/09/2025 16:00:00;URB;112;15,76;85,90
1019;07/09/2025 16:00:00;M30;404;19,99;86,70
1020;07/09/2025 16:00:00;URB;143;18,50;87,40
1021;07/09/2025 16:00:00;M30;372;17,97;84,40
1022;07/09/2025 16:00:00;URB;136;16,12;89,00
1023;07/09/2025 16:00:00;URB;134;17,11;85,00
1024;07/09/2025 16:00:00;URB;156;25,58;87,30
1025;07/09/2025 16:00:00;M30;375;17,72;85,80
1026;07/09/2025 16:00:00;URB;116;18,86;81,40
1027;07/09/2025 16:00:00;M30;405;20,82;76,80
1028;07/09/2025 16:00:00;URB;133;16,53;79,60
1029;07/09/2025 16:00:00;URB;142;21,06;87,20
1030;07/09/2025 16:00:00;URB;141;17,18;84,60
1001;07/09/2025 17:00:00;M30;565;27,94;75,00
1002;07/09/2025 17:00:00;URB;181;24,80;81,90
1003;07/09/2025 17:00:00;M30;519;24,94;-1,00
1004;07/09/2025 17:00:00;M30;585;33,02;75,30
1005;07/09/2025 17:00:00;M30;569;24,44;84,10
1006;07/09/2025 17:00:00;M30;534;36,69;-1,00
1007;07/09/2025 17:00:00;M30;493;27,58;83,40
1008;07/09/2025 17:00:00;URB;175;18,26;89,90
1009;07/09/2025 17:00:00;M30;475;24,12;75,30
1010;07/09/2025 17:00:00;URB;174;22,90;84,20
1011;07/09/2025 17:00:00;URB;157;17,32;83,60
1012;07/09/2025 17:00:00;M30;500;19,08;-1,00
1013;07/09/2025 17:00:00;URB;205;25,76;76,60
1014;07/09/2025 17:00:00;URB;172;19,98;85,20
1015;07/09/2025 17:00:00;M30;436;17,43;-1,00
1016;07/09/2025 17:00:00;URB;173;25,82;81,30
1017;07/09/2025 17:00:00;URB;177;27,18;72,10
1018;07/09/2025 17:00:00;URB;170;23,21;84,10
1019;07/09/2025 17:00:00;M30;510;21,25;79,80
1020;07/09/2025 17:00:00;URB;187;20,44;96,10
1021;07/09/2025 17:00:00;M30;534;28,75;77,90
1022;07/09/2025 17:00:00;URB;184;17,42;92,40
1023;07/09/2025 17:00:00;URB;159;19,82;87,70
1024;07/09/2025 17:00:00;URB;140;17,77;87,10
1025;07/09/2025 17:00:00;M30;501;30,04;74,80
1026;07/09/2025 17:00:00;URB;150;17,34;85,60
1027;07/09/2025 17:00:00;M30;488;22,84;78,60
1028;07/09/2025 17:00:00;URB;195;30,59;77,90
1029;07/09/2025 17:00:00;URB;164;26,55;-1,00
1030;07/09/2025 17:00:00;URB;135;21,27;89,00
1001;07/09/2025 18:00:00;M30;571;19,94;78,00
1002;07/09/2025 18:00:00;URB;199;34,33;70,30
1003;07/09/2025 18:00:00;M30;545;22,12;75,40
1004;07/09/2025 18:00:00;M30;545;26,65;-1,00
1005;07/09/2025 18:00:00;M30;555;25,33;77,20
1006;07/09/2025 18:00:00;M30;574;22,28;84,00
1007;07/09/2025 18:00:00;M30;638;31,03;77,40
1008;07/09/2025 18:00:00;URB;196;30,78;72,10
1009;07/09/2025 18:00:00;M30;580;24,27;77,50
1010;07/09/2025 18:00:00;URB;200;28,82;79,00
1011;07/09/2025 18:00:00;URB;242;34,20;66,60
1012;07/09/2025 18:00:00;M30;604;20,62;86,00
1013;07/09/2025 18:00:00;URB;237;35,84;68,00
1014;07/09/2025 18:00:00;URB;237;36,57;66,80
1015;07/09/2025 18:00:00;M30;552;25,44;80,70
1016;07/09/2025 18:00:00;URB;212;30,94;83,70
1017;07/09/2025 18:00:00;URB;203;30,46;71,90
1018;07/09/2025 18:00:00;URB;230;31,68;88,40
1019;07/09/2025 18:00:00;M30;568;24,88;79,20
1020;07/09/2025 18:00:00;URB;197;18,91;81,90
1021;07/09/2025 18:00:00;M30;671;31,43;78,70
1022;07/09/2025 18:00:00;URB;194;27,84;77,90
1023;07/09/2025 18:00:00;URB;244;29,91;80,30
1024;07/09/2025 18:00:00;URB;217;23,95;80,60
1025;07/09/2025 18:00:00;M30;673;37,39;73,00
1026;07/09/2025 18:00:00;URB;202;27,08;-1,00
1027;07/09/2025 18:00:00;M30;593;25,21;-1,00
1028;07/09/2025 18:00:00;URB;206;22,58;77,70
1029;07/09/2025 18:00:00;URB;203;11,76;95,70
1030;07/09/2025 18:00:00;URB;217;29,41;77,00
1001;07/09/2025 19:00:00;M30;644;28,29;80,80
1002;07/09/2025 19:00:00;URB;239;22,17;85,20
1003;07/09/2025 19:00:00;M30;668;29,88;82,80
1004;07/09/2025 19:00:00;M30;601;33,60;74,60
1005;07/09/2025 19:00:00;M30;663;39,69;72,70
1006;07/09/2025 19:00:00;M30;729;41,14;-1,00
1007;07/09/2025 19:00:00;M30;613;22,23;77,20
1008;07/09/2025 19:00:00;URB;253;31,12;78,90
1009;07/09/2025 19:00:00;M30;634;24,71;77,70
1010;07/09/2025 19:00:00;URB;240;20,91;88,20
1011;07/09/2025 19:00:00;URB;251;25,36;80,00
1012;07/09/2025 19:00:00;M30;629;31,76;72,40
1013;07/09/2025 19:00:00;URB;221;20,41;78,40
1014;07/09/2025 19:00:00;URB;261;36,09;75,10
1015;07/09/2025 19:00:00;M30;592;27,10;84,30
1016;07/09/2025 19:00:00;URB;216;25,61;-1,00
1017;07/09/2025 19:00:00;URB;229;33,64;82,40
1018;07/09/2025 19:00:00;URB;215;25,07;84,60
1019;07/09/2025 19:00:00;M30;760;28,26;89,70
1020;07/09/2025 19:00:00;URB;230;34,69;77,00
1021;07/09/2025 19:00:00;M30;579;19,23;90,00
1022;07/09/2025 19:00:00;URB;232;18,80;91,60
1023;07/09/2025 19:00:00;URB;203;27,22;87,90
1024;07/09/2025 19:00:00;URB;221;33,95;77,40
1025;07/09/2025 19:00:00;M30;684;33,43;71,60
1026;07/09/2025 19:00:00;URB;238;33,83;77,40
1027;07/09/2025 19:00:00;M30;653;29,84;69,30
1028;07/09/2025 19:00:00;URB;227;33,26;74,40
1029;07/09/2025 19:00:00;URB;229;31,46;77,90
1030;07/09/2025 19:00:00;URB;248;28,22;79,10
1001;07/09/2025 20:00:00;M30;610;40,01;77,80
1002;07/09/2025 20:00:00;URB;206;24,76;78,70
1003;07/09/2025 20:00:00;M30;566;25,13;-1,00
1004;07/09/2025 20:00:00;M30;694;34,67;80,30
1005;07/09/2025 20:00:00;M30;588;26,50;78,90
1006;07/09/2025 20:00:00;M30;692;29,57;79,70
1007;07/09/2025 20:00:00;M30;620;19,84;80,30
1008;07/09/2025 20:00:00;URB;211;27,87;79,50
1009;07/09/2025 20:00:00;M30;587;33,65;73,00
1010;07/09/2025 20:00:00;URB;218;20,28;84,40
1011;07/09/2025 20:00:00;URB;177;20,52;89,50
1012;07/09/2025 20:00:00;M30;584;28,19;81,50
1013;07/09/2025 20:00:00;URB;233;35,92;74,40
1014;07/09/2025 20:00:00;URB;213;33,21;78,40
1015;07/09/2025 20:00:00;M30;665;21,79;81,00
1016;07/09/2025 20:00:00;URB;224;26,77;83,00
1017;07/09/2025 20:00:00;URB;217;18,09;86,70
1018;07/09/2025 20:00:00;URB;184;21,85;83,40
1019;07/09/2025 20:00:00;M30;570;23,47;84,60
1020;07/09/2025 20:00:00;URB;199;25,80;72,70
1021;07/09/2025 20:00:00;M30;692;22,82;-1,00
1022;07/09/2025 20:00:00;URB;208;34,71;75,40
1023;07/09/2025 20:00:00;URB;175;22,43;92,80
1024;07/09/2025 20:00:00;URB;239;15,63;-1,00
1025;07/09/2025 20:00:00;M30;625;24,34;-1,00
1026;07/09/2025 20:00:00;URB;228;34,15;82,60
1027;07/09/2025 20:00:00;M30;500;19,74;84,60
1028;07/09/2025 20:00:00;URB;230;30,71;71,00
1029;07/09/2025 20:00:00;URB;187;31,42;70,60
1030;07/09/2025 20:00:00;URB;234;22,78;85,00
1001;07/09/2025 21:00:00;M30;614;24,88;78,10
1002;07/09/2025 21:00:00;URB;198;24,06;79,40
1003;07/09/2025 21:00:00;M30;498;19,44;85,20
1004;07/09/2025 21:00:00;M30;554;29,33;80,70
1005;07/09/2025 21:00:00;M30;418;28,83;86,90
1006;07/09/2025 21:00:00;M30;506;27,04;76,30
1007;07/09/2025 21:00:00;M30;524;23,59;-1,00
1008;07/09/2025 21:00:00;URB;170;21,67;85,80
1009;07/09/2025 21:00:00;M30;506;29,14;78,00
1010;07/09/2025 21:00:00;URB;225;30,36;78,70
1011;07/09/2025 21:00:00;URB;203;25,57;88,70
1012;07/09/2025 21:00:00;M30;463;12,58;92,50
1013;07/09/2025 21:00:00;URB;179;24,16;82,40
1014;07/09/2025 21:00:00;URB;155;23,30;82,50
1015;07/09/2025 21:00:00;M30;453;25,31;83,20
1016;07/09/2025 21:00:00;URB;178;20,85;80,40
1017;07/09/2025 21:00:00;URB;166;28,56;79,20
1018;07/09/2025 21:00:00;URB;188;24,45;87,40
1019;07/09/2025 21:00:00;M30;446;21,86;80,30
1020;07/09/2025 21:00:00;URB;175;23,72;78,30
1021;07/09/2025 21:00:00;M30;537;23,98;84,70
1022;07/09/2025 21:00:00;URB;197;27,98;-1,00
1023;07/09/2025 21:00:00;URB;169;21,97;78,20
1024;07/09/2025 21:00:00;URB;191;22,96;78,60
1025;07/09/2025 21:00:00;M30;539;27,63;80,50
1026;07/09/2025 21:00:00;URB;180;27,83;74,10
1027;07/09/2025 21:00:00;M30;503;19,29;85,10
1028;07/09/2025 21:00:00;URB;194;17,97;85,10
1029;07/09/2025 21:00:00;URB;189;23,94;72,30
1030;07/09/2025 21:00:00;URB;205;27,28;85,00
1001;07/09/2025 22:00:00;M30;419;14,86;88,00
1002;07/09/2025 22:00:00;URB;119;14,48;89,70
1003;07/09/2025 22:00:00;M30;330;13,89;87,80
1004;07/09/2025 22:00:00;M30;399;17,75;81,00
1005;07/09/2025 22:00:00;M30;388;18,31;86,80
1006;07/09/2025 22:00:00;M30;374;15,56;89,10
1007;07/09/2025 22:00:00;M30;355;17,32;82,00
1008;07/09/2025 22:00:00;URB;151;24,85;81,40
1009;07/09/2025 22:00:00;M30;413;19,17;-1,00
1010;07/09/2025 22:00:00;URB;120;15,29;85,00
1011;07/09/2025 22:00:00;URB;130;11,56;93,90
1012;07/09/2025 22:00:00;M30;308;17,81;81,00
1013;07/09/2025 22:00:00;URB;127;24,71;80,00
1014;07/09/2025 22:00:00;URB;145;16,26;85,50
1015;07/09/2025 22:00:00;M30;305;11,46;95,80
1016;07/09/2025 22:00:00;URB;112;14,85;83,10
1017;07/09/2025 22:00:00;URB;134;21,58;78,50
1018;07/09/2025 22:00:00;URB;138;17,04;84,80
1019;07/09/2025 22:00:00;M30;406;18,75;87,00
1020;07/09/2025 22:00:00;URB;132;14,10;89,30
1021;07/09/2025 22:00:00;M30;399;19,40;84,10
1022;07/09/2025 22:00:00;URB;143;20,58;81,90
1023;07/09/2025 22:00:00;URB;115;17,03;-1,00
1024;07/09/2025 22:00:00;URB;131;12,66;89,00
1025;07/09/2025 22:00:00;M30;372;16,24;86,70
1026;07/09/2025 22:00:00;URB;119;13,46;95,60
1027;07/09/2025 22:00:00;M30;350;19,77;90,90
1028;07/09/2025 22:00:00;URB;120;15,03;83,70
1029;07/09/2025 22:00:00;URB;104;8,91;87,80
1030;07/09/2025 22:00:00;URB;131;15,35;93,00
1001;07/09/2025 23:00:00;M30;259;10,91;89,00
1002;07/09/2025 23:00:00;URB;101;13,32;82,90
1003;07/09/2025 23:00:00;M30;276;14,62;-1,00
1004;07/09/2025 23:00:00;M30;364;16,18;87,60
1005;07/09/2025 23:00:00;M30;262;12,98;83,30
1006;07/09/2025 23:00:00;M30;270;11,69;89,40
1007;07/09/2025 23:00:00;M30;236;12,13;90,10
1008;07/09/2025 23:00:00;URB;95;8,83;93,70
1009;07/09/2025 23:00:00;M30;285;9,41;95,10
1010;07/09/2025 23:00:00;URB;103;11,66;92,30
1011;07/09/2025 23:00:00;URB;101;9,22;84,30
1012;07/09/2025 23:00:00;M30;277;14,00;83,50
1013;07/09/2025 23:00:00;URB;96;11,03;89,50
1014;07/09/2025 23:00:00;URB;104;15,79;96,40
1015;07/09/2025 23:00:00;M30;300;9,53;86,30
1016;07/09/2025 23:00:00;URB;108;15,44;83,90
1017;07/09/2025 23:00:00;URB;98;12,98;89,60
1018;07/09/2025 23:00:00;URB;80;10,38;92,10
1019;07/09/2025 23:00:00;M30;252;13,46;83,00
1020;07/09/2025 23:00:00;URB;98;15,84;81,00
1021;07/09/2025 23:00:00;M30;323;15,88;86,80
1022;07/09/2025 23:00:00;URB;88;12,97;79,30
1023;07/09/2025 23:00:00;URB;97;7,11;96,30
1024;07/09/2025 23:00:00;URB;110;13,07;84,70
1025;07/09/2025 23:00:00;M30;267;12,11;90,50
1026;07/09/2025 23:00:00;URB;98;17,21;86,90
1027;07/09/2025 23:00:00;M30;286;15,72;93,80
1028;07/09/2025 23:00:00;URB;93;11,99;81,50
1029;07/09/2025 23:00:00;URB;100;8,86;84,10
1030;07/09/2025 23:00:00;URB;120;17,15;88,30
1001;08/09/2025 00:00:00;M30;307;11,45;87,70
1002;08/09/2025 00:00:00;URB;100;16,99;79,40
1003;08/09/2025 00:00:00;M30;296;12,79;89,40
1004;08/09/2025 00:00:00;M30;348;16,42;82,30
1005;08/09/2025 00:00:00;M30;345;15,08;89,70
1006;08/09/2025 00:00:00;M30;320;14,71;92,70
1007;08/09/2025 00:00:00;M30;295;13,26;94,80
1008;08/09/2025 00:00:00;URB;114;16,39;90,60
1009;08/09/2025 00:00:00;M30;293;13,72;82,80
1010;08/09/2025 00:00:00;URB;102;10,41;89,10
1011;08/09/2025 00:00:00;URB;107;9,12;84,10
1012;08/09/2025 00:00:00;M30;340;12,02;91,00
1013;08/09/2025 00:00:00;URB;120;14,29;85,30
1014;08/09/2025 00:00:00;URB;99;10,40;85,80
1015;08/09/2025 00:00:00;M30;284;12,84;86,70
1016;08/09/2025 00:00:00;URB;126;12,05;-1,00
1017;08/09/2025 00:00:00;URB;118;16,35;86,40
1018;08/09/2025 00:00:00;URB;109;17,25;87,20
1019;08/09/2025 00:00:00;M30;268;13,17;86,90
1020;08/09/2025 00:00:00;URB;94;12,50;-1,00
1021;08/09/2025 00:00:00;M30;358;15,49;85,50
1022;08/09/2025 00:00:00;URB;117;15,28;88,30
1023;08/09/2025 00:00:00;URB;127;11,93;95,30
1024;08/09/2025 00:00:00;URB;109;13,58;87,40
1025;08/09/2025 00:00:00;M30;378;13,44;87,00
1026;08/09/2025 00:00:00;URB;97;13,67;84,90
1027;08/09/2025 00:00:00;M30;285;10,60;90,00
1028;08/09/2025 00:00:00;URB;110;13,57;88,50
1029;08/09/2025 00:00:00;URB;104;12,66;85,30
1030;08/09/2025 00:00:00;URB;76;9,16;89,90
1001;08/09/2025 01:00:00;M30;352;17,21;88,10
1002;08/09/2025 01:00:00;URB;111;13,04;84,20
1003;08/09/2025 01:00:00;M30;306;12,07;83,90
1004;08/09/2025 01:00:00;M30;331;16,71;86,70
1005;08/09/2025 01:00:00;M30;303;14,13;79,90
1006;08/09/2025 01:00:00;M30;324;17,59;83,10
1007;08/09/2025 01:00:00;M30;275;9,32;87,10
1008;08/09/2025 01:00:00;URB;117;13,92;-1,00
1009;08/09/2025 01:00:00;M30;336;12,01;94,00
1010;08/09/2025 01:00:00;URB;114;13,43;89,80
1011;08/09/2025 01:00:00;URB;136;23,11;78,60
1012;08/09/2025 01:00:00;M30;334;18,00;83,10
1013;08/09/2025 01:00:00;URB;125;12,02;89,50
1014;08/09/2025 01:00:00;URB;124;14,34;91,60
1015;08/09/2025 01:00:00;M30;332;16,34;85,90
1016;08/09/2025 01:00:00;URB;118;13,99;90,70
1017;08/09/2025 01:00:00;URB;123;13,87;90,00
1018;08/09/2025 01:00:00;URB;140;18,77;85,60
1019;08/09/2025 01:00:00;M30;348;15,36;-1,00
1020;08/09/2025 01:00:00;URB;107;11,39;90,90
1021;08/09/2025 01:00:00;M30;341;18,22;84,80
1022;08/09/2025 01:00:00;URB;106;15,48;87,80
1023;08/09/2025 01:00:00;URB;105;16,60;82,90
1024;08/09/2025 01:00:00;URB;108;13,20;94,10
1025;08/09/2025 01:00:00;M30;297;13,14;90,30
1026;08/09/2025 01:00:00;URB;117;12,45;94,30
1027;08/09/2025 01:00:00;M30;354;18,45;82,90
1028;08/09/2025 01:00:00;URB;97;15,27;86,70
1029;08/09/2025 01:00:00;URB;123;13,19;-1,00
1030;08/09/2025 01:00:00;URB;124;19,61;81,10
1001;08/09/2025 02:00:00;M30;280;14,85;82,40
1002;08/09/2025 02:00:00;URB;109;14,14;80,80
1003;08/09/2025 02:00:00;M30;337;15,59;89,20
1004;08/09/2025 02:00:00;M30;347;21,73;79,00
1005;08/09/2025 02:00:00;M30;269;10,44;88,10
1006;08/09/2025 02:00:00;M30;296;14,46;93,70
1007;08/09/2025 02:00:00;M30;298;10,91;-1,00
1008;08/09/2025 02:00:00;URB;111;15,75;90,40
1009;08/09/2025 02:00:00;M30;287;14,38;90,10
1010;08/09/2025 02:00:00;URB;117;14,76;88,40
1011;08/09/2025 02:00:00;URB;100;17,17;89,20
1012;08/09/2025 02:00:00;M30;282;13,49;89,50
1013;08/09/2025 02:00:00;URB;127;18,40;79,40
1014;08/09/2025 02:00:00;URB;113;14,56;94,30
1015;08/09/2025 02:00:00;M30;310;15,91;86,10
1016;08/09/2025 02:00:00;URB;109;15,07;85,40
1017;08/09/2025 02:00:00;URB;127;23,35;84,30
1018;08/09/2025 02:00:00;URB;112;16,94;86,40
1019;08/09/2025 02:00:00;M30;265;8,96;90,20
1020;08/09/2025 02:00:00;URB;114;14,85;85,00
1021;08/09/2025 02:00:00;M30;332;21,54;84,30
1022;08/09/2025 02:00:00;URB;102;12,92;89,60
1023;08/09/2025 02:00:00;URB;123;16,94;82,40
1024;08/09/2025 02:00:00;URB;123;16,11;85,80
1025;08/09/2025 02:00:00;M30;321;18,29;85,50
1026;08/09/2025 02:00:00;URB;120;13,13;87,90
1027;08/09/2025 02:00:00;M30;335;12,61;93,30
1028;08/09/2025 02:00:00;URB;113;15,76;81,80
1029;08/09/2025 02:00:00;URB;107;13,94;91,40
1030;08/09/2025 02:00:00;URB;104;8,36;84,40
1001;08/09/2025 03:00:00;M30;301;14,83;88,10
1002;08/09/2025 03:00:00;URB;120;18,44;85,00
1003;08/09/2025 03:00:00;M30;319;13,84;88,60
1004;08/09/2025 03:00:00;M30;312;16,28;85,60
1005;08/09/2025 03:00:00;M30;322;12,13;91,50
1005;08/09/2025 03:00:00;M30;322;12,13;91,50
1006;08/09/2025 03:00:00;M30;346;11,12;89,70
1007;08/09/2025 03:00:00;M30;351;17,23;-1,00
1008;08/09/2025 03:00:00;URB;131;21,36;83,70
1009;08/09/2025 03:00:00;M30;308;18,22;80,60
1010;08/09/2025 03:00:00;URB;109;12,98;91,90
1011;08/09/2025 03:00:00;URB;114;16,93;87,40
1012;08/09/2025 03:00:00;M30;328;14,67;-1,00
1013;08/09/2025 03:00:00;URB;92;12,92;87,50
1014;08/09/2025 03:00:00;URB;92;15,51;77,70
1015;08/09/2025 03:00:00;M30;362;23,78;84,80
1016;08/09/2025 03:00:00;URB;131;15,83;83,50
1017;08/09/2025 03:00:00;URB;108;17,96;81,30
1018;08/09/2025 03:00:00;URB;106;15,84;93,10
1019;08/09/2025 03:00:00;M30;235;12,98;83,80
1020;08/09/2025 03:00:00;URB;140;16,74;92,80
1021;08/09/2025 03:00:00;M30;334;17,82;89,90
1022;08/09/2025 03:00:00;URB;143;22,20;79,10
1023;08/09/2025 03:00:00;URB;127;15,58;93,50
1024;08/09/2025 03:00:00;URB;106;14,97;82,60
1025;08/09/2025 03:00:00;M30;313;17,64;83,60
1026;08/09/2025 03:00:00;URB;114;12,33;78,90
1027;08/09/2025 03:00:00;M30;290;10,03;92,60
1028;08/09/2025 03:00:00;URB;107;10,84;84,70
1029;08/09/2025 03:00:00;URB;99;14,20;88,00
1030;08/09/2025 03:00:00;URB;103;11,97;87,80
1001;08/09/2025 04:00:00;M30;296;15,71;89,20
1002;08/09/2025 04:00:00;URB;138;18,27;84,50
1003;08/09/2025 04:00:00;M30;344;20,69;86,60
1004;08/09/2025 04:00:00;M30;393;19,09;87,00
1005;08/09/2025 04:00:00;M30;397;18,96;83,90
1006;08/09/2025 04:00:00;M30;338;19,57;89,10
1007;08/09/2025 04:00:00;M30;337;13,01;85,20
1008;08/09/2025 04:00:00;URB;105;15,30;87,50
1009;08/09/2025 04:00:00;M30;420;18,56;77,60
1010;08/09/2025 04:00:00;URB;136;17,81;81,80
1011;08/09/2025 04:00:00;URB;157;18,91;89,50
1012;08/09/2025 04:00:00;M30;414;18,68;81,30
1013;08/09/2025 04:00:00;URB;116;14,54;85,30
1014;08/09/2025 04:00:00;URB;117;17,03;89,30
1015;08/09/2025 04:00:00;M30;373;14,83;83,20
1016;08/09/2025 04:00:00;URB;134;16,10;80,00
1017;08/09/2025 04:00:00;URB;108;13,34;87,60
1018;08/09/2025 04:00:00;URB;127;17,75;88,30
1019;08/09/2025 04:00:00;M30;353;17,11;82,20
1020;08/09/2025 04:00:00;URB;116;16,22;91,70
1021;08/09/2025 04:00:00;M30;352;13,67;95,40
1022;08/09/2025 04:00:00;URB;98;15,40;87,30
1023;08/09/2025 04:00:00;URB;125;14,51;83,30
1024;08/09/2025 04:00:00;URB;146;19,73;86,80
1025;08/09/2025 04:00:00;M30;350;15,68;89,40
1026;08/09/2025 04:00:00;URB;144;21,53;84,40
1027;08/09/2025 04:00:00;M30;367;13,59;86,80
1028;08/09/2025 04:00:00;URB;138;15,63;-1,00
1029;08/09/2025 04:00:00;URB;129;17,94;79,90
1030;08/09/2025 04:00:00;URB;128;13,81;93,60
1001;08/09/2025 05:00:00;M30;391;15,05;90,00
1002;08/09/2025 05:00:00;URB;175;28,82;71,80
1003;08/09/2025 05:00:00;M30;408;20,40;87,40
1004;08/09/2025 05:00:00;M30;502;27,17;-1,00
1005;08/09/2025 05:00:00;M30;431;21,86;-1,00
1006;08/09/2025 05:00:00;M30;422;20,80;84,80
1007;08/09/2025 05:00:00;M30;461;22,71;83,70
1008;08/09/2025 05:00:00;URB;158;19,57;85,60
1009;08/09/2025 05:00:00;M30;514;23,88;78,90
1010;08/09/2025 05:00:00;URB;140;22,25;-1,00
1011;08/09/2025 05:00:00;URB;148;17,05;85,40
1012;08/09/2025 05:00:00;M30;452;24,29;86,20
1013;08/09/2025 05:00:00;URB;190;17,05;94,30
1014;08/09/2025 05:00:00;URB;144;20,22;82,70
1015;08/09/2025 05:00:00;M30;371;19,72;82,00
1016;08/09/2025 05:00:00;URB;156;21,54;86,10
1017;08/09/2025 05:00:00;URB;168;26,76;82,40
1018;08/09/2025 05:00:00;URB;168;26,44;79,10
1019;08/09/2025 05:00:00;M30;437;16,73;85,90
1020;08/09/2025 05:00:00;URB;179;18,03;85,90
1021;08/09/2025 05:00:00;M30;373;17,27;88,00
1022;08/09/2025 05:00:00;URB;164;15,79;77,20
1023;08/09/2025 05:00:00;URB;161;21,60;81,40
1024;08/09/2025 05:00:00;URB;137;12,91;88,00
1025;08/09/2025 05:00:00;M30;430;18,05;82,70
1026;08/09/2025 05:00:00;URB;151;17,86;90,50
1027;08/09/2025 05:00:00;M30;472;15,22;84,20
1028;08/09/2025 05:00:00;URB;145;15,69;83,40
1029;08/09/2025 05:00:00;URB;133;16,33;87,60
1030;08/09/2025 05:00:00;URB;188;26,40;82,90
1001;08/09/2025 06:00:00;M30;666;33,28;71,60
1002;08/09/2025 06:00:00;URB;184;33,88;73,70
1003;08/09/2025 06:00:00;M30;625;26,52;80,70
1004;08/09/2025 06:00:00;M30;543;25,10;77,50
1005;08/09/2025 06:00:00;M30;623;44,33;64,40
1006;08/09/2025 06:00:00;M30;563;30,80;79,90
1007;08/09/2025 06:00:00;M30;678;31,43;-1,00
1008;08/09/2025 06:00:00;URB;216;17,90;91,30
1009;08/09/2025 06:00:00;M30;582;22,14;89,60
1010;08/09/2025 06:00:00;URB;220;21,99;85,20
1011;08/09/2025 06:00:00;URB;205;27,15;-1,00
1012;08/09/2025 06:00:00;M30;523;23,39;87,00
1013;08/09/2025 06:00:00;URB;211;27,30;89,40
1014;08/09/2025 06:00:00;URB;226;29,33;-1,00
1015;08/09/2025 06:00:00;M30;623;28,82;-1,00
1016;08/09/2025 06:00:00;URB;197;21,03;83,90
1017;08/09/2025 06:00:00;URB;232;21,16;76,50
1018;08/09/2025 06:00:00;URB;194;23,16;81,30
1019;08/09/2025 06:00:00;M30;656;28,62;72,90
1020;08/09/2025 06:00:00;URB;222;31,55;78,40
1021;08/09/2025 06:00:00;M30;599;40,22;66,60
1022;08/09/2025 06:00:00;URB;213;29,88;82,70
1023;08/09/2025 06:00:00;URB;206;17,59;86,20
1024;08/09/2025 06:00:00;URB;197;28,02;77,10
1025;08/09/2025 06:00:00;M30;596;24,30;76,50
1026;08/09/2025 06:00:00;URB;198;25,31;82,10
1027;08/09/2025 06:00:00;M30;550;27,00;80,80
1028;08/09/2025 06:00:00;URB;167;26,96;75,40
1029;08/09/2025 06:00:00;URB;180;19,75;86,00
1030;08/09/2025 06:00:00;URB;195;26,77;71,00
1001;08/09/2025 07:00:00;M30;627;25,55;80,60
1002;08/09/2025 07:00:00;URB;204;27,70;78,80
1003;08/09/2025 07:00:00;M30;738;30,07;84,20
1004;08/09/2025 07:00:00;M30;821;33,81;79,60
1005;08/09/2025 07:00:00;M30;773;31,57;76,30
1006;08/09/2025 07:00:00;M30;623;31,94;75,90
1007;08/09/2025 07:00:00;M30;744;42,90;69,60
1008;08/09/2025 07:00:00;URB;285;48,28;71,10
1009;08/09/2025 07:00:00;M30;803;48,68;67,30
1010;08/09/2025 07:00:00;URB;291;33,22;75,10
1011;08/09/2025 07:00:00;URB;236;33,24;87,20
1012;08/09/2025 07:00:00;M30;687;19,60;84,10
1013;08/09/2025 07:00:00;URB;245;27,74;-1,00
1014;08/09/2025 07:00:00;URB;227;29,45;74,30
1015;08/09/2025 07:00:00;M30;574;32,35;75,90
1016;08/09/2025 07:00:00;URB;226;29,61;76,20
1017;08/09/2025 07:00:00;URB;225;36,83;70,20
1018;08/09/2025 07:00:00;URB;276;27,20;78,20
1019;08/09/2025 07:00:00;M30;588;35,20;74,20
1020;08/09/2025 07:00:00;URB;234;37,92;-1,00
1021;08/09/2025 07:00:00;M30;794;29,59;73,70
1022;08/09/2025 07:00:00;URB;251;24,92;79,70
1023;08/09/2025 07:00:00;URB;287;39,34;73,40
1024;08/09/2025 07:00:00;URB;254;35,14;73,60
1025;08/09/2025 07:00:00;M30;737;38,18;66,60
1026;08/09/2025 07:00:00;URB;310;45,60;73,20
1027;08/09/2025 07:00:00;M30;753;33,66;80,20
1028;08/09/2025 07:00:00;URB;259;23,29;85,40
1029;08/09/2025 07:00:00;URB;284;38,80;83,80
1030;08/09/2025 07:00:00;URB;264;30,65;74,20
1001;08/09/2025 08:00:00;M30;949;52,43;65,20
1002;08/09/2025 08:00:00;URB;296;40,36;72,20
1003;08/09/2025 08:00:00;M30;867;47,54;68,40
1004;08/09/2025 08:00:00;M30;880;43,01;73,90
1005;08/09/2025 08:00:00;M30;901;47,85;-1,00
1006;08/09/2025 08:00:00;M30;1.002;48,74;75,20
1007;08/09/2025 08:00:00;M30;955;46,05;72,40
1008;08/09/2025 08:00:00;URB;325;37,56;75,80
1009;08/09/2025 08:00:00;M30;849;40,60;-1,00
1010;08/09/2025 08:00:00;URB;320;49,86;64,60
1011;08/09/2025 08:00:00;URB;284;35,36;-1,00
1012;08/09/2025 08:00:00;M30;959;41,45;65,60
1013;08/09/2025 08:00:00;URB;279;38,99;74,30
1014;08/09/2025 08:00:00;URB;339;50,79;71,70
1015;08/09/2025 08:00:00;M30;877;43,58;73,60
1016;08/09/2025 08:00:00;URB;291;42,74;62,60
1017;08/09/2025 08:00:00;URB;255;35,85;-1,00
1018;08/09/2025 08:00:00;URB;314;54,03;70,90
1019;08/09/2025 08:00:00;M30;957;54,89;-1,00
1020;08/09/2025 08:00:00;URB;340;47,29;72,10
1021;08/09/2025 08:00:00;M30;870;34,86;82,20
1022;08/09/2025 08:00:00;URB;335;34,46;76,30
1023;08/09/2025 08:00:00;URB;283;35,11;72,10
1024;08/09/2025 08:00:00;URB;305;33,26;73,60
1025;08/09/2025 08:00:00;M30;890;30,82;78,20
1026;08/09/2025 08:00:00;URB;315;36,79;73,90
1027;08/09/2025 08:00:00;M30;711;33,78;66,20
1028;08/09/2025 08:00:00;URB;313;47,06;66,10
1029;08/09/2025 08:00:00;URB;279;44,03;69,40
1030;08/09/2025 08:00:00;URB;316;43,37;72,00
1001;08/09/2025 09:00:00;M30;956;35,50;-1,00
1002;08/09/2025 09:00:00;URB;231;16,62;82,70
1003;08/09/2025 09:00:00;M30;1.013;48,74;66,00
1004;08/09/2025 09:00:00;M30;844;36,12;73,70
1005;08/09/2025 09:00:00;M30;879;37,75;76,60
1006;08/09/2025 09:00:00;M30;783;34,94;83,80
1007;08/09/2025 09:00:00;M30;794;32,72;75,10
1008;08/09/2025 09:00:00;URB;325;49,95;71,20
1009;08/09/2025 09:00:00;M30;802;36,26;77,80
1010;08/09/2025 09:00:00;URB;308;36,66;76,70
1011;08/09/2025 09:00:00;URB;334;45,77;66,40
1012;08/09/2025 09:00:00;M30;822;39,94;72,00
1013;08/09/2025 09:00:00;URB;343;45,71;70,10
1014;08/09/2025 09:00:00;URB;279;38,81;74,30
1015;08/09/2025 09:00:00;M30;1.044;49,14;66,10
1016;08/09/2025 09:00:00;URB;360;51,87;-1,00
1017;08/09/2025 09:00:00;URB;303;46,17;71,00
1018;08/09/2025 09:00:00;URB;298;46,22;64,00
1019;08/09/2025 09:00:00;M30;995;27,03;-1,00
1020;08/09/2025 09:00:00;URB;308;35,72;73,60
1021;08/09/2025 09:00:00;M30;882;29,16;-1,00
1022;08/09/2025 09:00:00;URB;266;42,00;77,60
1023;08/09/2025 09:00:00;URB;322;50,61;70,10
1024;08/09/2025 09:00:00;URB;271;33,40;74,40
1025;08/09/2025 09:00:00;M30;896;30,81;86,90
1026;08/09/2025 09:00:00;URB;354;51,34;-1,00
1027;08/09/2025 09:00:00;M30;948;42,40;70,30
1028;08/09/2025 09:00:00;URB;334;46,25;70,10
1029;08/09/2025 09:00:00;URB;361;34,69;76,00
1030;08/09/2025 09:00:00;URB;370;51,49;71,10
1001;08/09/2025 10:00:00;M30;840;36,51;81,90
1002;08/09/2025 10:00:00;URB;229;22,12;79,60
1003;08/09/2025 10:00:00;M30;718;29,46;81,00
1004;08/09/2025 10:00:00;M30;762;33,22;75,70
1005;08/09/2025 10:00:00;M30;825;37,95;67,20
1006;08/09/2025 10:00:00;M30;789;40,60;81,60
1007;08/09/2025 10:00:00;M30;659;39,57;71,20
1008;08/09/2025 10:00:00;URB;298;42,54;73,80
1009;08/09/2025 10:00:00;M30;800;33,73;73,90
1010;08/09/2025 10:00:00;URB;228;27,92;84,70
1011;08/09/2025 10:00:00;URB;274;35,70;77,10
1012;08/09/2025 10:00:00;M30;722;17,33;91,50
1013;08/09/2025 10:00:00;URB;254;28,08;76,10
1014;08/09/2025 10:00:00;URB;223;32,48;78,00
1015;08/09/2025 10:00:00;M30;711;37,65;-1,00
1016;08/09/2025 10:00:00;URB;275;39,56;68,30
1017;08/09/2025 10:00:00;URB;288;33,02;74,70
1018;08/09/2025 10:00:00;URB;289;35,82;69,90
1019;08/09/2025 10:00:00;M30;796;29,70;-1,00
1020;08/09/2025 10:00:00;URB;221;32,22;76,60
1021;08/09/2025 10:00:00;M30;847;48,03;65,80
1022;08/09/2025 10:00:00;URB;271;43,45;71,90
1023;08/09/2025 10:00:00;URB;278;27,40;75,80
1024;08/09/2025 10:00:00;URB;304;39,04;71,20
1025;08/09/2025 10:00:00;M30;826;37,58;71,80
1026;08/09/2025 10:00:00;URB;300;42,99;74,60
1027;08/09/2025 10:00:00;M30;785;32,67;79,90
1028;08/09/2025 10:00:00;URB;262;26,41;-1,00
1029;08/09/2025 10:00:00;URB;274;51,72;-1,00
1030;08/09/2025 10:00:00;URB;279;24,53;85,20
1001;08/09/2025 11:00:00;M30;696;28,88;83,50
1002;08/09/2025 11:00:00;URB;219;24,02;83,90
1003;08/09/2025 11:00:00;M30;605;29,37;76,90
1004;08/09/2025 11:00:00;M30;576;26,68;81,90
1005;08/09/2025 11:00:00;M30;617;38,01;73,70
1006;08/09/2025 11:00:00;M30;568;22,96;-1,00
1007;08/09/2025 11:00:00;M30;527;27,32;83,10
1008;08/09/2025 11:00:00;URB;204;25,86;85,80
1009;08/09/2025 11:00:00;M30;631;31,60;74,70
1010;08/09/2025 11:00:00;URB;205;29,31;76,60
1011;08/09/2025 11:00:00;URB;197;22,86;84,30
1012;08/09/2025 11:00:00;M30;654;27,02;74,40
1013;08/09/2025 11:00:00;URB;205;22,43;79,00
1014;08/09/2025 11:00:00;URB;198;23,51;82,60
1015;08/09/2025 11:00:00;M30;605;35,64;70,70
1016;08/09/2025 11:00:00;URB;217;30,73;82,10
1017;08/09/2025 11:00:00;URB;216;19,45;77,10
1018;08/09/2025 11:00:00;URB;227;29,49;83,60
1019;08/09/2025 11:00:00;M30;620;32,54;-1,00
1020;08/09/2025 11:00:00;URB;212;23,56;85,80
1021;08/09/2025 11:00:00;M30;587;28,44;80,80
1022;08/09/2025 11:00:00;URB;212;26,59;83,50
1023;08/09/2025 11:00:00;URB;206;33,11;73,80
1024;08/09/2025 11:00:00;URB;214;28,55;81,80
1025;08/09/2025 11:00:00;M30;566;28,85;72,80
1026;08/09/2025 11:00:00;URB;191;30,95;79,00
1027;08/09/2025 11:00:00;M30;610;30,72;-1,00
1028;08/09/2025 11:00:00;URB;198;27,26;84,20
1029;08/09/2025 11:00:00;URB;210;29,03;75,80
1030;08/09/2025 11:00:00;URB;200;31,47;74,50
1001;08/09/2025 12:00:00;M30;484;14,26;83,30
1002;08/09/2025 12:00:00;URB;171;25,28;80,00
1003;08/09/2025 12:00:00;M30;528;16,51;-1,00
1004;08/09/2025 12:00:00;M30;501;21,71;-1,00
1005;08/09/2025 12:00:00;M30;459;15,25;86,50
1006;08/09/2025 12:00:00;M30;436;17,19;85,00
1007;08/09/2025 12:00:00;M30;472;23,35;81,80
1008;08/09/2025 12:00:00;URB;164;18,03;80,60
1009;08/09/2025 12:00:00;M30;503;19,49;81,90
1010;08/09/2025 12:00:00;URB;147;28,14;74,10
1011;08/09/2025 12:00:00;URB;180;22,54;88,50
1012;08/09/2025 12:00:00;M30;411;16,48;87,70
1013;08/09/2025 12:00:00;URB;161;27,30;84,30
1014;08/09/2025 12:00:00;URB;128;13,99;89,30
1015;08/09/2025 12:00:00;M30;396;19,35;87,80
1016;08/09/2025 12:00:00;URB;175;16,55;84,10
1017;08/09/2025 12:00:00;URB;140;17,92;80,70
1018;08/09/2025 12:00:00;URB;155;24,54;78,90
1019;08/09/2025 12:00:00;M30;431;19,64;89,90
1020;08/09/2025 12:00:00;URB;168;20,07;80,90
1021;08/09/2025 12:00:00;M30;436;20,25;88,30
1022;08/09/2025 12:00:00;URB;148;25,35;77,10
1023;08/09/2025 12:00:00;URB;179;17,98;86,70
1024;08/09/2025 12:00:00;URB;155;23,61;82,30
1025;08/09/2025 12:00:00;M30;456;19,10;83,10
1026;08/09/2025 12:00:00;URB;134;14,07;85,00
1027;08/09/2025 12:00:00;M30;368;20,44;84,60
1028;08/09/2025 12:00:00;URB;165;20,60;89,20
1029;08/09/2025 12:00:00;URB;142;16,38;89,90
1030;08/09/2025 12:00:00;URB;135;18,54;81,10
1001;08/09/2025 13:00:00;M30;436;22,62;-1,00
1002;08/09/2025 13:00:00;URB;121;13,86;86,10
1003;08/09/2025 13:00:00;M30;333;7,97;82,00
1004;08/09/2025 13:00:00;M30;390;23,59;80,90
1005;08/09/2025 13:00:00;M30;367;12,03;93,60
1006;08/09/2025 13:00:00;M30;421;10,13;82,90
1007;08/09/2025 13:00:00;M30;292;20,60;81,90
1008;08/09/2025 13:00:00;URB;139;23,36;74,80
1009;08/09/2025 13:00:00;M30;357;17,09;92,50
1010;08/09/2025 13:00:00;URB;138;16,93;90,30
1011;08/09/2025 13:00:00;URB;136;17,61;88,70
1012;08/09/2025 13:00:00;M30;433;20,56;-1,00
1013;08/09/2025 13:00:00;URB;133;18,13;88,30
1014;08/09/2025 13:00:00;URB;145;10,33;87,10
1015;08/09/2025 13:00:00;M30;363;18,23;83,90
1016;08/09/2025 13:00:00;URB;130;20,85;78,30
1017;08/09/2025 13:00:00;URB;139;22,33;84,00
1018;08/09/2025 13:00:00;URB;137;15,63;89,50
1019;08/09/2025 13:00:00;M30;379;17,09;80,70
1020;08/09/2025 13:00:00;URB;136;14,00;84,40
1021;08/09/2025 13:00:00;M30;398;22,11;83,10
1022;08/09/2025 13:00:00;URB;130;16,72;80,80
1023;08/09/2025 13:00:00;URB;139;20,21;80,60
1024;08/09/2025 13:00:00;URB;117;13,33;91,60
1025;08/09/2025 13:00:00;M30;338;16,01;83,60
1026;08/09/2025 13:00:00;URB;154;21,84;83,10
1027;08/09/2025 13:00:00;M30;377;20,66;80,20
1028;08/09/2025 13:00:00;URB;122;12,98;87,60
1029;08/09/2025 13:00:00;URB;130;18,15;83,40
1030;08/09/2025 13:00:00;URB;130;18,65;87,10
1001;08/09/2025 14:00:00;M30;365;14,56;79,10
1002;08/09/2025 14:00:00;URB;151;21,36;76,20
1003;08/09/2025 14:00:00;M30;394;20,73;81,10
1004;08/09/2025 14:00:00;M30;371;14,97;84,50
1005;08/09/2025 14:00:00;M30;385;17,14;90,80
1006;08/09/2025 14:00:00;M30;397;9,42;84,10
1007;08/09/2025 14:00:00;M30;396;17,35;81,80
1008;08/09/2025 14:00:00;URB;113;20,02;86,10
1009;08/09/2025 14:00:00;M30;414;19,81;-1,00
1010;08/09/2025 14:00:00;URB;139;17,83;83,30
1011;08/09/2025 14:00:00;URB;143;22,02;88,00
1012;08/09/2025 14:00:00;M30;346;10,76;85,50
1013;08/09/2025 14:00:00;URB;150;18,38;78,30
1014;08/09/2025 14:00:00;URB;163;27,50;84,80
1015;08/09/2025 14:00:00;M30;386;13,36;88,10
1016;08/09/2025 14:00:00;URB;140;21,92;83,40
1017;08/09/2025 14:00:00;URB;144;15,10;92,40
1018;08/09/2025 14:00:00;URB;119;12,28;84,30
1019;08/09/2025 14:00:00;M30;426;18,18;83,00
1020;08/09/2025 14:00:00;URB;145;11,33;92,30
1021;08/09/2025 14:00:00;M30;362;18,64;93,60
1022;08/09/2025 14:00:00;URB;129;13,10;88,30
1023;08/09/2025 14:00:00;URB;158;18,95;78,20
1024;08/09/2025 14:00:00;URB;127;20,01;89,10
1025;08/09/2025 14:00:00;M30;327;11,82;90,00
1026;08/09/2025 14:00:00;URB;144;17,19;89,50
1027;08/09/2025 14:00:00;M30;332;22,51;83,50
1028;08/09/2025 14:00:00;URB;134;17,72;87,40
1029;08/09/2025 14:00:00;URB;136;19,49;87,30
1030;08/09/2025 14:00:00;URB;156;18,38;-1,00
1001;08/09/2025 15:00:00;M30;438;16,50;91,10
1002;08/09/2025 15:00:00;URB;159;16,84;82,10
1003;08/09/2025 15:00:00;M30;459;25,89;77,10
1004;08/09/2025 15:00:00;M30;551;23,56;-1,00
1005;08/09/2025 15:00:00;M30;460;24,52;74,00
1006;08/09/2025 15:00:00;M30;456;22,82;83,20
1007;08/09/2025 15:00:00;M30;436;20,31;87,80
1008;08/09/2025 15:00:00;URB;175;30,62;80,00
1009;08/09/2025 15:00:00;M30;408;22,83;-1,00
1010;08/09/2025 15:00:00;URB;173;19,28;77,90
1011;08/09/2025 15:00:00;URB;179;22,43;86,20
1012;08/09/2025 15:00:00;M30;536;20,77;83,00
1013;08/09/2025 15:00:00;URB;164;29,08;72,70
1014;08/09/2025 15:00:00;URB;189;31,28;70,90
1015;08/09/2025 15:00:00;M30;508;21,27;83,10
1016;08/09/2025 15:00:00;URB;155;22,67;82,30
1017;08/09/2025 15:00:00;URB;176;24,91;83,20
1018;08/09/2025 15:00:00;URB;167;20,12;87,80
1019;08/09/2025 15:00:00;M30;477;15,34;87,10
1020;08/09/2025 15:00:00;URB;191;25,03;76,30
1021;08/09/2025 15:00:00;M30;501;23,74;86,40
1022;08/09/2025 15:00:00;URB;152;19,57;-1,00
1023;08/09/2025 15:00:00;URB;170;25,59;81,60
1024;08/09/2025 15:00:00;URB;153;21,03;82,60
1025;08/09/2025 15:00:00;M30;479;23,80;80,40
1026;08/09/2025 15:00:00;URB;174;17,29;83,40
1027;08/09/2025 15:00:00;M30;480;21,62;88,40
1028;08/09/2025 15:00:00;URB;171;21,03;80,80
1029;08/09/2025 15:00:00;URB;190;21,62;89,10
1030;08/09/2025 15:00:00;URB;144;18,29;91,40
1001;08/09/2025 16:00:00;M30;603;28,88;84,30
1002;08/09/2025 16:00:00;URB;214;14,76;90,40
1003;08/09/2025 16:00:00;M30;690;20,82;-1,00
1004;08/09/2025 16:00:00;M30;588;15,89;88,70
1005;08/09/2025 16:00:00;M30;560;27,49;81,30
1006;08/09/2025 16:00:00;M30;574;28,25;82,30
1007;08/09/2025 16:00:00;M30;604;32,22;81,20
1008;08/09/2025 16:00:00;URB;227;34,96;80,10
1009;08/09/2025 16:00:00;M30;511;20,64;85,90
1010;08/09/2025 16:00:00;URB;214;26,91;77,60
1011;08/09/2025 16:00:00;URB;222;23,55;83,20
1012;08/09/2025 16:00:00;M30;624;25,57;83,30
1013;08/09/2025 16:00:00;URB;203;26,35;84,60
1014;08/09/2025 16:00:00;URB;241;30,18;77,70
1015;08/09/2025 16:00:00;M30;662;31,05;75,80
1016;08/09/2025 16:00:00;URB;256;28,66;84,30
1017;08/09/2025 16:00:00;URB;247;31,03;73,30
1018;08/09/2025 16:00:00;URB;216;29,49;85,50
1019;08/09/2025 16:00:00;M30;626;36,23;80,30
1020;08/09/2025 16:00:00;URB;196;24,99;73,80
1021;08/09/2025 16:00:00;M30;707;31,63;79,10
1022;08/09/2025 16:00:00;URB;225;26,94;78,70
1023;08/09/2025 16:00:00;URB;210;23,59;78,90
1024;08/09/2025 16:00:00;URB;191;25,88;87,60
1025;08/09/2025 16:00:00;M30;682;35,06;83,40
1026;08/09/2025 16:00:00;URB;214;25,43;79,00
1027;08/09/2025 16:00:00;M30;659;28,63;78,80
1028;08/09/2025 16:00:00;URB;198;24,87;77,70
1029;08/09/2025 16:00:00;URB;212;21,36;80,90
1030;08/09/2025 16:00:00;URB;200;33,72;76,10
1001;08/09/2025 17:00:00;M30;670;30,12;79,90
1002;08/09/2025 17:00:00;URB;250;31,98;75,90
1003;08/09/2025 17:00:00;M30;726;33,86;-1,00
1004;08/09/2025 17:00:00;M30;868;32,38;77,80
1005;08/09/2025 17:00:00;M30;728;35,11;75,10
1006;08/09/2025 17:00:00;M30;714;41,15;66,00
1007;08/09/2025 17:00:00;M30;591;26,74;84,00
1008;08/09/2025 17:00:00;URB;312;29,55;74,30
1009;08/09/2025 17:00:00;M30;873;43,81;75,40
1010;08/09/2025 17:00:00;URB;274;39,24;71,30
1011;08/09/2025 17:00:00;URB;323;39,82;75,40
1012;08/09/2025 17:00:00;M30;853;39,28;75,50
1013;08/09/2025 17:00:00;URB;332;45,07;68,90
1014;08/09/2025 17:00:00;URB;269;19,71;81,90
1015;08/09/2025 17:00:00;M30;892;41,53;75,80
1016;08/09/2025 17:00:00;URB;285;39,66;70,30
1017;08/09/2025 17:00:00;URB;325;31,15;72,30
1018;08/09/2025 17:00:00;URB;314;36,92;78,10
1019;08/09/2025 17:00:00;M30;613;31,46;78,60
1020;08/09/2025 17:00:00;URB;240;33,22;77,00
1021;08/09/2025 17:00:00;M30;786;26,82;77,90
1022;08/09/2025 17:00:00;URB;279;38,60;72,40
1023;08/09/2025 17:00:00;URB;238;28,52;-1,00
1024;08/09/2025 17:00:00;URB;259;36,02;80,20
1025;08/09/2025 17:00:00;M30;794;45,28;-1,00
1026;08/09/2025 17:00:00;URB;263;34,59;69,40
1027;08/09/2025 17:00:00;M30;657;34,22;74,90
1028;08/09/2025 17:00:00;URB;311;41,23;80,60
1029;08/09/2025 17:00:00;URB;310;44,98;63,40
1030;08/09/2025 17:00:00;URB;247;42,30;78,60
1001;08/09/2025 18:00:00;M30;930;50,12;58,70
1002;08/09/2025 18:00:00;URB;352;50,83;64,70
1003;08/09/2025 18:00:00;M30;981;47,95;-1,00
1004;08/09/2025 18:00:00;M30;976;45,73;67,30
1005;08/09/2025 18:00:00;M30;847;40,03;71,90
1006;08/09/2025 18:00:00;M30;972;47,27;69,00
1007;08/09/2025 18:00:00;M30;1.064;50,64;64,30
1008;08/09/2025 18:00:00;URB;374;50,05;70,70
1009;08/09/2025 18:00:00;M30;872;47,57;71,50
1010;08/09/2025 18:00:00;URB;420;46,65;75,20
1011;08/09/2025 18:00:00;URB;350;66,52;61,20
1012;08/09/2025 18:00:00;M30;1.080;47,87;68,10
1013;08/09/2025 18:00:00;URB;344;49,25;72,30
1014;08/09/2025 18:00:00;URB;357;60,96;-1,00
1015;08/09/2025 18:00:00;M30;729;37,33;76,80
1016;08/09/2025 18:00:00;URB;354;46,60;69,70
1017;08/09/2025 18:00:00;URB;315;31,64;80,70
1018;08/09/2025 18:00:00;URB;297;40,92;69,20
1019;08/09/2025 18:00:00;M30;1.034;53,08;67,80
1020;08/09/2025 18:00:00;URB;304;47,64;-1,00
1021;08/09/2025 18:00:00;M30;768;40,14;71,20
1022;08/09/2025 18:00:00;URB;357;52,51;58,80
1023;08/09/2025 18:00:00;URB;309;36,53;-1,00
1024;08/09/2025 18:00:00;URB;321;39,43;73,00
1025;08/09/2025 18:00:00;M30;953;41,93;76,30
1026;08/09/2025 18:00:00;URB;348;40,17;-1,00
1027;08/09/2025 18:00:00;M30;958;47,81;67,90
1028;08/09/2025 18:00:00;URB;312;33,54;80,10
1029;08/09/2025 18:00:00;URB;357;52,68;-1,00
1030;08/09/2025 18:00:00;URB;329;36,64;72,60
1001;08/09/2025 19:00:00;M30;1.131;49,34;75,50
1002;08/09/2025 19:00:00;URB;333;43,04;68,20
1003;08/09/2025 19:00:00;M30;1.129;45,31;72,10
1004;08/09/2025 19:00:00;M30;1.107;60,58;58,20
1005;08/09/2025 19:00:00;M30;1.076;51,72;70,10
1006;08/09/2025 19:00:00;M30;894;49,21;70,10
1007;08/09/2025 19:00:00;M30;1.038;43,43;67,70
1008;08/09/2025 19:00:00;URB;355;40,40;75,80
1009;08/09/2025 19:00:00;M30;1.089;42,37;74,00
1010;08/09/2025 19:00:00;URB;383;53,60;69,30
1011;08/09/2025 19:00:00;URB;316;46,68;65,50
1012;08/09/2025 19:00:00;M30;964;40,31;68,60
1013;08/09/2025 19:00:00;URB;415;71,21;53,00
1014;08/09/2025 19:00:00;URB;343;54,13;64,80
1015;08/09/2025 19:00:00;M30;1.153;61,59;63,20
1016;08/09/2025 19:00:00;URB;389;62,32;58,20
1017;08/09/2025 19:00:00;URB;366;42,15;68,60
1018;08/09/2025 19:00:00;URB;300;33,78;74,40
1019;08/09/2025 19:00:00;M30;1.006;39,87;74,30
1020;08/09/2025 19:00:00;URB;419;71,82;55,80
1021;08/09/2025 19:00:00;M30;1.014;49,97;69,10
1022;08/09/2025 19:00:00;URB;339;43,74;-1,00
1023;08/09/2025 19:00:00;URB;331;45,08;73,40
1024;08/09/2025 19:00:00;URB;359;43,19;69,60
1025;08/09/2025 19:00:00;M30;1.031;62,43;59,30
1026;08/09/2025 19:00:00;URB;355;41,29;74,30
1027;08/09/2025 19:00:00;M30;1.197;32,66;82,90
1028;08/09/2025 19:00:00;URB;393;49,26;74,00
1029;08/09/2025 19:00:00;URB;406;47,14;66,90
1030;08/09/2025 19:00:00;URB;370;50,49;60,40
1001;08/09/2025 20:00:00;M30;961;40,52;72,80
1002;08/09/2025 20:00:00;URB;344;57,03;62,30
1003;08/09/2025 20:00:00;M30;1.179;57,34;61,60
1004;08/09/2025 20:00:00;M30;832;31,44;77,10
1005;08/09/2025 20:00:00;M30;1.228;68,05;59,00
1006;08/09/2025 20:00:00;M30;1.120;57,37;61,20
1007;08/09/2025 20:00:00;M30;1.005;48,68;70,30
1008;08/09/2025 20:00:00;URB;346;43,28;67,90
1009;08/09/2025 20:00:00;M30;1.013;37,61;83,00
1010;08/09/2025 20:00:00;URB;364;38,90;74,10
1011;08/09/2025 20:00:00;URB;306;43,60;73,40
1012;08/09/2025 20:00:00;M30;973;46,49;69,30
1013;08/09/2025 20:00:00;URB;327;42,19;76,20
1014;08/09/2025 20:00:00;URB;301;43,02;69,00
1014;08/09/2025 20:00:00;URB;301;43,02;69,00
1015;08/09/2025 20:00:00;M30;1.009;45,73;69,20
1016;08/09/2025 20:00:00;URB;354;43,30;77,40
1017;08/09/2025 20:00:00;URB;336;30,04;84,90
1018;08/09/2025 20:00:00;URB;334;35,93;71,70
1019;08/09/2025 20:00:00;M30;887;41,75;73,60
1020;08/09/2025 20:00:00;URB;403;46,51;69,30
1021;08/09/2025 20:00:00;M30;817;44,62;65,10
1022;08/09/2025 20:00:00;URB;310;39,90;68,50
1023;08/09/2025 20:00:00;URB;363;34,27;72,30
1024;08/09/2025 20:00:00;URB;329;55,32;62,90
1025;08/09/2025 20:00:00;M30;1.013;58,13;61,90
1026;08/09/2025 20:00:00;URB;282;39,36;71,30
1027;08/09/2025 20:00:00;M30;681;30,78;76,10
1028;08/09/2025 20:00:00;URB;344;34,95;81,80
1029;08/09/2025 20:00:00;URB;355;54,75;66,60
1030;08/09/2025 20:00:00;URB;359;57,45;56,40
1001;08/09/2025 21:00:00;M30;805;27,27;76,60
1002;08/09/2025 21:00:00;URB;262;23,76;84,30
1003;08/09/2025 21:00:00;M30;731;31,18;76,10
1004;08/09/2025 21:00:00;M30;695;32,32;80,20
1005;08/09/2025 21:00:00;M30;939;41,26;67,60
1006;08/09/2025 21:00:00;M30;838;42,06;68,40
1007;08/09/2025 21:00:00;M30;781;35,13;74,20
1008;08/09/2025 21:00:00;URB;349;47,82;64,80
1009;08/09/2025 21:00:00;M30;871;37,14;-1,00
1010;08/09/2025 21:00:00;URB;262;40,58;67,90
1011;08/09/2025 21:00:00;URB;298;43,51;76,80
1012;08/09/2025 21:00:00;M30;790;32,03;77,00
1013;08/09/2025 21:00:00;URB;291;42,98;74,90
1014;08/09/2025 21:00:00;URB;284;42,32;-1,00
1015;08/09/2025 21:00:00;M30;770;31,95;79,70
1016;08/09/2025 21:00:00;URB;252;37,36;75,50
1017;08/09/2025 21:00:00;URB;290;40,55;70,40
1018;08/09/2025 21:00:00;URB;297;35,77;68,70
1019;08/09/2025 21:00:00;M30;738;37,02;74,10
1020;08/09/2025 21:00:00;URB;321;37,64;-1,00
1021;08/09/2025 21:00:00;M30;787;35,33;82,50
1022;08/09/2025 21:00:00;URB;315;36,31;75,20
1023;08/09/2025 21:00:00;URB;300;27,95;84,80
1024;08/09/2025 21:00:00;URB;268;38,36;-1,00
1025;08/09/2025 21:00:00;M30;692;32,07;79,90
1026;08/09/2025 21:00:00;URB;264;39,95;75,40
1027;08/09/2025 21:00:00;M30;801;25,76;78,00
1028;08/09/2025 21:00:00;URB;310;50,29;-1,00
1029;08/09/2025 21:00:00;URB;298;26,37;80,70
1030;08/09/2025 21:00:00;URB;291;33,49;72,80
1001;08/09/2025 22:00:00;M30;562;23,87;80,70
1002;08/09/2025 22:00:00;URB;240;27,77;78,40
1003;08/09/2025 22:00:00;M30;691;31,03;77,10
1004;08/09/2025 22:00:00;M30;495;10,99;85,90
1005;08/09/2025 22:00:00;M30;544;26,75;84,60
1006;08/09/2025 22:00:00;M30;588;27,14;82,80
1007;08/09/2025 22:00:00;M30;637;42,10;-1,00
1008;08/09/2025 22:00:00;URB;255;40,78;68,40
1009;08/09/2025 22:00:00;M30;621;21,91;80,70
1010;08/09/2025 22:00:00;URB;227;30,64;74,00
1011;08/09/2025 22:00:00;URB;212;32,06;77,70
1012;08/09/2025 22:00:00;M30;640;32,39;76,90
1013;08/09/2025 22:00:00;URB;234;23,37;82,40
1014;08/09/2025 22:00:00;URB;197;21,11;-1,00
1015;08/09/2025 22:00:00;M30;622;26,94;81,80
1016;08/09/2025 22:00:00;URB;233;30,22;83,00
1017;08/09/2025 22:00:00;URB;203;26,34;78,50
1018;08/09/2025 22:00:00;URB;207;25,28;75,20
1019;08/09/2025 22:00:00;M30;445;19,79;82,90
1020;08/09/2025 22:00:00;URB;186;19,73;83,80
1021;08/09/2025 22:00:00;M30;633;28,22;83,00
1022;08/09/2025 22:00:00;URB;179;19,43;84,90
1023;08/09/2025 22:00:00;URB;215;19,41;81,50
1024;08/09/2025 22:00:00;URB;265;35,17;72,00
1025;08/09/2025 22:00:00;M30;594;25,51;85,40
1026;08/09/2025 22:00:00;URB;238;26,54;-1,00
1027;08/09/2025 22:00:00;M30;687;29,01;75,30
1028;08/09/2025 22:00:00;URB;218;24,35;82,50
1029;08/09/2025 22:00:00;URB;224;31,83;79,30
1030;08/09/2025 22:00:00;URB;194;32,10;73,30
1001;08/09/2025 23:00:00;M30;434;22,50;80,40
1002;08/09/2025 23:00:00;URB;186;22,18;76,90
1003;08/09/2025 23:00:00;M30;469;16,38;87,90
1004;08/09/2025 23:00:00;M30;543;24,06;83,40
1005;08/09/2025 23:00:00;M30;394;18,85;87,90
1006;08/09/2025 23:00:00;M30;496;22,08;-1,00
1007;08/09/2025 23:00:00;M30;452;24,36;89,70
1008;08/09/2025 23:00:00;URB;169;19,09;78,60
1009;08/09/2025 23:00:00;M30;415;15,12;85,80
1010;08/09/2025 23:00:00;URB;149;20,94;78,00
1011;08/09/2025 23:00:00;URB;153;22,84;-1,00
1012;08/09/2025 23:00:00;M30;460;23,46;83,60
1013;08/09/2025 23:00:00;URB;156;20,63;86,00
1014;08/09/2025 23:00:00;URB;142;15,76;85,80
1015;08/09/2025 23:00:00;M30;462;20,55;-1,00
1016;08/09/2025 23:00:00;URB;162;22,59;80,00
1017;08/09/2025 23:00:00;URB;202;23,95;85,80
1018;08/09/2025 23:00:00;URB;141;17,45;82,60
1019;08/09/2025 23:00:00;M30;515;20,61;88,40
1020;08/09/2025 23:00:00;URB;174;22,34;84,80
1021;08/09/2025 23:00:00;M30;472;22,06;74,80
1022;08/09/2025 23:00:00;URB;142;22,53;83,80
1023;08/09/2025 23:00:00;URB;148;14,99;90,90
1024;08/09/2025 23:00:00;URB;167;21,70;82,40
1025;08/09/2025 23:00:00;M30;512;22,55;83,10
1026;08/09/2025 23:00:00;URB;164;23,00;85,50
1027;08/09/2025 23:00:00;M30;513;21,46;79,60
1028;08/09/2025 23:00:00;URB;174;20,60;86,50
1029;08/09/2025 23:00:00;URB;196;22,14;80,30
1030;08/09/2025 23:00:00;URB;157;19,58;92,40
1001;09/09/2025 00:00:00;M30;407;13,79;84,20
1002;09/09/2025 00:00:00;URB;123;14,58;87,30
1003;09/09/2025 00:00:00;M30;331;8,96;88,40
1004;09/09/2025 00:00:00;M30;263;7,59;91,50
1005;09/09/2025 00:00:00;M30;320;16,24;-1,00
1006;09/09/2025 00:00:00;M30;277;12,94;93,60
1007;09/09/2025 00:00:00;M30;314;9,72;88,90
1008;09/09/2025 00:00:00;URB;123;13,71;84,00
1009;09/09/2025 00:00:00;M30;346;14,15;-1,00
1010;09/09/2025 00:00:00;URB;116;15,58;-1,00
1011;09/09/2025 00:00:00;URB;86;13,02;-1,00
1012;09/09/2025 00:00:00;M30;344;12,41;83,90
1013;09/09/2025 00:00:00;URB;125;11,74;91,40
1014;09/09/2025 00:00:00;URB;116;13,92;87,90
1015;09/09/2025 00:00:00;M30;321;12,24;-1,00
1016;09/09/2025 00:00:00;URB;120;16,75;91,10
1017;09/09/2025 00:00:00;URB;115;13,60;86,00
1018;09/09/2025 00:00:00;URB;128;14,09;97,50
1019;09/09/2025 00:00:00;M30;317;13,10;-1,00
1020;09/09/2025 00:00:00;URB;103;13,41;85,20
1021;09/09/2025 00:00:00;M30;300;14,73;91,00
1022;09/09/2025 00:00:00;URB;109;11,25;90,80
1023;09/09/2025 00:00:00;URB;116;16,17;84,80
1024;09/09/2025 00:00:00;URB;107;16,78;88,00
1025;09/09/2025 00:00:00;M30;326;14,82;87,80
1026;09/09/2025 00:00:00;URB;94;13,53;87,80
1027;09/09/2025 00:00:00;M30;311;19,84;87,30
1028;09/09/2025 00:00:00;URB;130;12,13;85,70
1029;09/09/2025 00:00:00;URB;113;15,49;86,80
1030;09/09/2025 00:00:00;URB;132;21,72;-1,00
1001;09/09/2025 01:00:00;M30;360;16,24;85,30
1002;09/09/2025 01:00:00;URB;100;11,69;88,00
1003;09/09/2025 01:00:00;M30;338;17,19;85,40
1004;09/09/2025 01:00:00;M30;317;13,99;91,40
1005;09/09/2025 01:00:00;M30;294;18,75;84,90
1006;09/09/2025 01:00:00;M30;309;10,35;91,20
1007;09/09/2025 01:00:00;M30;340;16,47;89,00
1008;09/09/2025 01:00:00;URB;125;14,38;87,70
1009;09/09/2025 01:00:00;M30;271;13,87;88,70
1010;09/09/2025 01:00:00;URB;117;19,36;83,20
1011;09/09/2025 01:00:00;URB;113;15,80;85,70
1012;09/09/2025 01:00:00;M30;281;9,77;86,80
1013;09/09/2025 01:00:00;URB;116;17,60;91,40
1014;09/09/2025 01:00:00;URB;92;15,29;89,10
1015;09/09/2025 01:00:00;M30;305;13,91;-1,00
1016;09/09/2025 01:00:00;URB;111;12,77;-1,00
1017;09/09/2025 01:00:00;URB;118;19,15;84,70
1018;09/09/2025 01:00:00;URB;114;14,32;-1,00
1019;09/09/2025 01:00:00;M30;282;11,52;91,40
1020;09/09/2025 01:00:00;URB;123;14,93;86,00
1021;09/09/2025 01:00:00;M30;282;11,94;-1,00
1022;09/09/2025 01:00:00;URB;129;10,99;91,50
1023;09/09/2025 01:00:00;URB;116;18,04;-1,00
1024;09/09/2025 01:00:00;URB;125;14,98;92,30
1025;09/09/2025 01:00:00;M30;347;17,61;84,10
1026;09/09/2025 01:00:00;URB;142;25,27;-1,00
1027;09/09/2025 01:00:00;M30;351;13,90;93,30
1028;09/09/2025 01:00:00;URB;113;13,87;91,20
1029;09/09/2025 01:00:00;URB;117;23,17;88,30
1030;09/09/2025 01:00:00;URB;111;15,06;79,90
1001;09/09/2025 02:00:00;M30;321;16,11;85,00
1002;09/09/2025 02:00:00;URB;95;11,54;-1,00
1003;09/09/2025 02:00:00;M30;318;17,15;81,20
1004;09/09/2025 02:00:00;M30;312;8,76;87,00
1005;09/09/2025 02:00:00;M30;294;18,47;80,10
1006;09/09/2025 02:00:00;M30;324;12,70;91,50
1007;09/09/2025 02:00:00;M30;252;9,66;87,60
1008;09/09/2025 02:00:00;URB;96;14,49;86,70
1009;09/09/2025 02:00:00;M30;299;14,86;-1,00
1010;09/09/2025 02:00:00;URB;111;14,52;83,60
1011;09/09/2025 02:00:00;URB;116;19,47;87,60
1012;09/09/2025 02:00:00;M30;304;19,80;77,90
1013;09/09/2025 02:00:00;URB;113;12,14;90,20
1014;09/09/2025 02:00:00;URB;91;13,03;91,30
1015;09/09/2025 02:00:00;M30;331;14,24;83,60
1016;09/09/2025 02:00:00;URB;121;12,57;89,40
1017;09/09/2025 02:00:00;URB;116;12,41;90,80
1018;09/09/2025 02:00:00;URB;136;17,32;-1,00
1019;09/09/2025 02:00:00;M30;354;14,24;86,90
1020;09/09/2025 02:00:00;URB;122;17,74;78,50
1021;09/09/2025 02:00:00;M30;333;17,84;-1,00
1022;09/09/2025 02:00:00;URB;99;12,36;84,90
1023;09/09/2025 02:00:00;URB;116;17,01;89,40
1024;09/09/2025 02:00:00;URB;114;16,00;90,30
1025;09/09/2025 02:00:00;M30;250;11,58;82,50
1026;09/09/2025 02:00:00;URB;119;14,25;88,70
1027;09/09/2025 02:00:00;M30;330;11,99;-1,00
1028;09/09/2025 02:00:00;URB;108;16,54;87,70
1029;09/09/2025 02:00:00;URB;106;17,71;81,60
1030;09/09/2025 02:00:00;URB;104;13,75;90,80
1001;09/09/2025 03:00:00;M30;310;7,54;87,60
1002;09/09/2025 03:00:00;URB;122;14,13;86,80
1003;09/09/2025 03:00:00;M30;300;13,83;90,60
1004;09/09/2025 03:00:00;M30;373;19,25;86,60
1005;09/09/2025 03:00:00;M30;372;13,63;84,50
1006;09/09/2025 03:00:00;M30;347;13,25;88,30
1007;09/09/2025 03:00:00;M30;270;16,41;85,30
1008;09/09/2025 03:00:00;URB;123;23,79;79,10
1009;09/09/2025 03:00:00;M30;333;13,63;87,90
1010;09/09/2025 03:00:00;URB;112;12,70;89,90
1011;09/09/2025 03:00:00;URB;120;13,29;86,40
1012;09/09/2025 03:00:00;M30;336;12,99;90,90
1013;09/09/2025 03:00:00;URB;125;16,11;88,90
1014;09/09/2025 03:00:00;URB;114;13,13;90,00
1015;09/09/2025 03:00:00;M30;313;11,35;91,30
1016;09/09/2025 03:00:00;URB;94;13,76;-1,00
1017;09/09/2025 03:00:00;URB;128;14,68;86,20
1018;09/09/2025 03:00:00;URB;109;16,05;81,70
1019;09/09/2025 03:00:00;M30;347;15,11;85,50
1020;09/09/2025 03:00:00;URB;129;18,73;81,60
1021;09/09/2025 03:00:00;M30;391;19,61;89,90
1022;09/09/2025 03:00:00;URB;124;15,51;85,10
1023;09/09/2025 03:00:00;URB;117;21,18;-1,00
1024;09/09/2025 03:00:00;URB;119;19,47;83,60
1025;09/09/2025 03:00:00;M30;327;17,79;85,00
1026;09/09/2025 03:00:00;URB;93;12,19;90,80
1027;09/09/2025 03:00:00;M30;321;18,02;77,10
1028;09/09/2025 03:00:00;URB;119;13,03;88,40
1029;09/09/2025 03:00:00;URB;109;20,23;82,30
1030;09/09/2025 03:00:00;URB;119;15,29;86,50
1001;09/09/2025 04:00:00;M30;359;16,50;88,10
1002;09/09/2025 04:00:00;URB;123;16,59;-1,00
1003;09/09/2025 04:00:00;M30;345;15,57;80,90
1004;09/09/2025 04:00:00;M30;368;21,70;84,90
1005;09/09/2025 04:00:00;M30;348;18,33;86,10
1006;09/09/2025 04:00:00;M30;418;18,49;-1,00
1007;09/09/2025 04:00:00;M30;370;19,68;85,60
1008;09/09/2025 04:00:00;URB;137;19,45;82,60
1009;09/09/2025 04:00:00;M30;394;15,23;88,60
1010;09/09/2025 04:00:00;URB;121;17,72;84,10
1011;09/09/2025 04:00:00;URB;120;14,93;-1,00
1012;09/09/2025 04:00:00;M30;475;27,75;-1,00
1013;09/09/2025 04:00:00;URB;143;22,91;86,60
1014;09/09/2025 04:00:00;URB;125;18,61;79,00
1015;09/09/2025 04:00:00;M30;390;23,04;-1,00
1016;09/09/2025 04:00:00;URB;136;16,94;81,80
1017;09/09/2025 04:00:00;URB;154;18,71;86,00
1018;09/09/2025 04:00:00;URB;131;11,35;-1,00
1019;09/09/2025 04:00:00;M30;402;15,95;81,70
1020;09/09/2025 04:00:00;URB;141;20,51;79,90
1021;09/09/2025 04:00:00;M30;344;20,17;90,80
1022;09/09/2025 04:00:00;URB;107;11,36;84,80
1023;09/09/2025 04:00:00;URB;134;19,56;82,10
1024;09/09/2025 04:00:00;URB;118;15,36;83,50
1025;09/09/2025 04:00:00;M30;392;16,14;76,30
1026;09/09/2025 04:00:00;URB;140;22,55;-1,00
1027;09/09/2025 04:00:00;M30;367;17,57;88,50
1028;09/09/2025 04:00:00;URB;130;15,60;88,40
1029;09/09/2025 04:00:00;URB;136;20,34;-1,00
1030;09/09/2025 04:00:00;URB;122;14,23;96,90
1001;09/09/2025 05:00:00;M30;469;17,98;93,50
1002;09/09/2025 05:00:00;URB;134;14,27;76,70
1003;09/09/2025 05:00:00;M30;501;21,05;91,10
1004;09/09/2025 05:00:00;M30;462;22,07;88,30
1005;09/09/2025 05:00:00;M30;413;18,51;76,40
1006;09/09/2025 05:00:00;M30;395;19,21;87,60
1007;09/09/2025 05:00:00;M30;421;15,60;83,50
1008;09/09/2025 05:00:00;URB;171;26,08;82,70
1009;09/09/2025 05:00:00;M30;421;19,83;90,40
1010;09/09/2025 05:00:00;URB;167;24,21;81,10
1011;09/09/2025 05:00:00;URB;141;21,77;87,20
1012;09/09/2025 05:00:00;M30;425;18,02;88,70
1013;09/09/2025 05:00:00;URB;170;22,37;84,60
1014;09/09/2025 05:00:00;URB;147;17,91;88,90
1015;09/09/2025 05:00:00;M30;492;22,76;83,40
1016;09/09/2025 05:00:00;URB;184;18,95;79,40
1017;09/09/2025 05:00:00;URB;182;25,88;83,40
1018;09/09/2025 05:00:00;URB;174;22,27;83,40
1019;09/09/2025 05:00:00;M30;395;12,70;87,90
1020;09/09/2025 05:00:00;URB;188;26,27;81,50
1021;09/09/2025 05:00:00;M30;453;19,86;89,40
1022;09/09/2025 05:00:00;URB;174;26,28;82,00
1023;09/09/2025 05:00:00;URB;169;20,26;90,00
1024;09/09/2025 05:00:00;URB;157;21,76;82,20
1025;09/09/2025 05:00:00;M30;482;25,13;83,00
1026;09/09/2025 05:00:00;URB;136;16,36;87,50
1027;09/09/2025 05:00:00;M30;441;18,35;85,10
1028;09/09/2025 05:00:00;URB;137;16,45;78,60
1029;09/09/2025 05:00:00;URB;143;19,40;93,20
1030;09/09/2025 05:00:00;URB;174;24,35;81,00
1001;09/09/2025 06:00:00;M30;471;20,69;80,70
1002;09/09/2025 06:00:00;URB;200;32,89;70,70
1003;09/09/2025 06:00:00;M30;579;30,68;79,60
1004;09/09/2025 06:00:00;M30;423;19,90;82,20
1005;09/09/2025 06:00:00;M30;466;21,74;82,60
1006;09/09/2025 06:00:00;M30;550;26,00;-1,00
1007;09/09/2025 06:00:00;M30;547;24,08;77,70
1008;09/09/2025 06:00:00;URB;218;30,10;76,60
1009;09/09/2025 06:00:00;M30;646;26,82;71,90
1010;09/09/2025 06:00:00;URB;225;29,49;83,90
1011;09/09/2025 06:00:00;URB;165;22,55;-1,00
1012;09/09/2025 06:00:00;M30;515;24,52;79,00
1013;09/09/2025 06:00:00;URB;209;28,40;84,00
1014;09/09/2025 06:00:00;URB;210;30,50;72,50
1015;09/09/2025 06:00:00;M30;648;33,81;74,80
1016;09/09/2025 06:00:00;URB;169;16,45;85,60
1017;09/09/2025 06:00:00;URB;222;19,83;-1,00
1018;09/09/2025 06:00:00;URB;224;34,01;77,20
1019;09/09/2025 06:00:00;M30;529;24,88;81,80
1020;09/09/2025 06:00:00;URB;215;28,08;77,50
1021;09/09/2025 06:00:00;M30;628;32,42;78,00
1022;09/09/2025 06:00:00;URB;231;28,71;76,10
1023;09/09/2025 06:00:00;URB;211;19,16;83,70
1024;09/09/2025 06:00:00;URB;219;34,52;72,70
1025;09/09/2025 06:00:00;M30;582;22,87;82,70
1026;09/09/2025 06:00:00;URB;224;29,77;78,70
1027;09/09/2025 06:00:00;M30;620;24,88;82,00
1028;09/09/2025 06:00:00;URB;240;34,65;80,10
1029;09/09/2025 06:00:00;URB;232;24,63;89,90
1030;09/09/2025 06:00:00;URB;200;32,90;79,90
1001;09/09/2025 07:00:00;M30;721;31,81;74,70
1002;09/09/2025 07:00:00;URB;272;44,63;68,20
1003;09/09/2025 07:00:00;M30;647;28,52;77,20
1004;09/09/2025 07:00:00;M30;748;34,69;67,60
1005;09/09/2025 07:00:00;M30;764;40,68;70,50
1006;09/09/2025 07:00:00;M30;700;37,48;76,20
1007;09/09/2025 07:00:00;M30;739;37,74;-1,00
1008;09/09/2025 07:00:00;URB;201;22,72;83,50
1009;09/09/2025 07:00:00;M30;640;25,19;81,80
1010;09/09/2025 07:00:00;URB;249;34,12;-1,00
1011;09/09/2025 07:00:00;URB;282;36,07;73,30
1012;09/09/2025 07:00:00;M30;944;51,38;67,00
1013;09/09/2025 07:00:00;URB;273;34,75;78,60
1014;09/09/2025 07:00:00;URB;289;32,22;79,10
1015;09/09/2025 07:00:00;M30;792;52,11;66,20
1016;09/09/2025 07:00:00;URB;263;31,64;74,30
1017;09/09/2025 07:00:00;URB;282;41,75;-1,00
1018;09/09/2025 07:00:00;URB;272;34,44;74,80
1019;09/09/2025 07:00:00;M30;754;39,67;69,00
1020;09/09/2025 07:00:00;URB;255;37,50;72,10
1021;09/09/2025 07:00:00;M30;760;36,19;71,80
1022;09/09/2025 07:00:00;URB;222;34,83;80,10
1023;09/09/2025 07:00:00;URB;318;38,58;76,00
1024;09/09/2025 07:00:00;URB;274;33,41;78,80
1025;09/09/2025 07:00:00;M30;733;38,82;80,80
1026;09/09/2025 07:00:00;URB;284;44,06;66,40
1027;09/09/2025 07:00:00;M30;757;39,38;77,10
1028;09/09/2025 07:00:00;URB;261;36,32;67,80
1029;09/09/2025 07:00:00;URB;314;46,53;75,20
1030;09/09/2025 07:00:00;URB;262;31,90;-1,00
1001;09/09/2025 08:00:00;M30;881;41,45;75,30
1002;09/09/2025 08:00:00;URB;329;34,77;79,40
1003;09/09/2025 08:00:00;M30;1.010;45,25;73,50
1004;09/09/2025 08:00:00;M30;889;45,72;69,40
1005;09/09/2025 08:00:00;M30;916;39,56;69,30
1006;09/09/2025 08:00:00;M30;895;43,81;67,70
1007;09/09/2025 08:00:00;M30;775;19,60;88,30
1008;09/09/2025 08:00:00;URB;339;47,31;66,10
1009;09/09/2025 08:00:00;M30;956;50,06;65,40
1010;09/09/2025 08:00:00;URB;284;25,99;83,50
1011;09/09/2025 08:00:00;URB;327;30,29;-1,00
1012;09/09/2025 08:00:00;M30;738;30,95;77,20
1013;09/09/2025 08:00:00;URB;333;50,09;66,20
1014;09/09/2025 08:00:00;URB;367;37,48;69,50
1015;09/09/2025 08:00:00;M30;892;32,37;75,40
1016;09/09/2025 08:00:00;URB;311;43,77;68,90
1017;09/09/2025 08:00:00;URB;385;46,84;73,90
1018;09/09/2025 08:00:00;URB;347;37,19;-1,00
1019;09/09/2025 08:00:00;M30;949;41,45;69,00
1020;09/09/2025 08:00:00;URB;241;46,10;74,10
1021;09/09/2025 08:00:00;M30;830;36,46;78,30
1022;09/09/2025 08:00:00;URB;287;38,87;78,20
1023;09/09/2025 08:00:00;URB;263;25,60;-1,00
1024;09/09/2025 08:00:00;URB;345;39,59;78,10
1025;09/09/2025 08:00:00;M30;979;47,68;77,20
1026;09/09/2025 08:00:00;URB;343;39,75;74,60
1027;09/09/2025 08:00:00;M30;946;37,51;74,70
1028;09/09/2025 08:00:00;URB;346;47,72;66,80
1029;09/09/2025 08:00:00;URB;283;37,63;82,60
1030;09/09/2025 08:00:00;URB;336;52,15;65,00
1001;09/09/2025 09:00:00;M30;695;26,69;77,30
1002;09/09/2025 09:00:00;URB;302;40,90;-1,00
1003;09/09/2025 09:00:00;M30;790;38,70;73,50
1004;09/09/2025 09:00:00;M30;967;48,43;74,60
1005;09/09/2025 09:00:00;M30;1.063;56,90;58,60
1006;09/09/2025 09:00:00;M30;958;51,30;61,30
1007;09/09/2025 09:00:00;M30;961;47,17;67,30
1008;09/09/2025 09:00:00;URB;330;39,55;79,70
1009;09/09/2025 09:00:00;M30;896;29,29;77,40
1010;09/09/2025 09:00:00;URB;283;31,41;77,70
1011;09/09/2025 09:00:00;URB;271;32,91;75,90
1012;09/09/2025 09:00:00;M30;937;39,50;75,90
1013;09/09/2025 09:00:00;URB;369;49,12;69,90
1014;09/09/2025 09:00:00;URB;297;34,33;76,80
1015;09/09/2025 09:00:00;M30;1.030;40,21;-1,00
1016;09/09/2025 09:00:00;URB;325;35,97;75,20
1017;09/09/2025 09:00:00;URB;334;44,34;72,80
1018;09/09/2025 09:00:00;URB;285;28,77;-1,00
1019;09/09/2025 09:00:00;M30;987;59,34;63,20
1020;09/09/2025 09:00:00;URB;389;51,58;-1,00
1021;09/09/2025 09:00:00;M30;919;36,69;77,40
1022;09/09/2025 09:00:00;URB;275;37,96;77,20
1023;09/09/2025 09:00:00;URB;286;38,40;74,20
1024;09/09/2025 09:00:00;URB;284;42,25;70,00
1025;09/09/2025 09:00:00;M30;954;36,21;73,40
1026;09/09/2025 09:00:00;URB;288;33,05;-1,00
1027;09/09/2025 09:00:00;M30;738;33,32;76,60
1028;09/09/2025 09:00:00;URB;309;41,85;-1,00
1029;09/09/2025 09:00:00;URB;353;48,62;61,40
1030;09/09/2025 09:00:00;URB;315;47,01;65,10
1001;09/09/2025 10:00:00;M30;793;39,66;69,60
1002;09/09/2025 10:00:00;URB;256;31,18;73,40
1003;09/09/2025 10:00:00;M30;733;33,64;72,60
1004;09/09/2025 10:00:00;M30;680;35,56;78,40
1005;09/09/2025 10:00:00;M30;748;41,17;77,30
1006;09/09/2025 10:00:00;M30;681;27,15;83,10
1007;09/09/2025 10:00:00;M30;839;47,41;68,70
1008;09/09/2025 10:00:00;URB;270;24,33;81,40
1009;09/09/2025 10:00:00;M30;776;29,48;83,30
1010;09/09/2025 10:00:00;URB;284;40,99;72,70
1011;09/09/2025 10:00:00;URB;229;28,20;83,30
1012;09/09/2025 10:00:00;M30;883;25,19;78,60
1013;09/09/2025 10:00:00;URB;265;27,72;-1,00
1014;09/09/2025 10:00:00;URB;284;32,85;77,00
1015;09/09/2025 10:00:00;M30;698;32,41;69,60
1016;09/09/2025 10:00:00;URB;265;42,42;64,80
1017;09/09/2025 10:00:00;URB;265;29,93;-1,00
1018;09/09/2025 10:00:00;URB;226;33,82;70,40
1019;09/09/2025 10:00:00;M30;797;32,81;74,80
1020;09/09/2025 10:00:00;URB;310;39,89;67,00
1021;09/09/2025 10:00:00;M30;828;36,95;72,50
1022;09/09/2025 10:00:00;URB;255;30,10;81,90
1023;09/09/2025 10:00:00;URB;263;34,17;77,50
1024;09/09/2025 10:00:00;URB;265;41,13;68,90
1025;09/09/2025 10:00:00;M30;864;46,48;71,30
1026;09/09/2025 10:00:00;URB;289;26,57;84,10
1027;09/09/2025 10:00:00;M30;688;32,95;77,60
1028;09/09/2025 10:00:00;URB;270;31,54;78,50
1029;09/09/2025 10:00:00;URB;265;36,82;80,30
1030;09/09/2025 10:00:00;URB;299;27,23;76,70
1001;09/09/2025 11:00:00;M30;578;27,97;-1,00
1002;09/09/2025 11:00:00;URB;208;24,60;85,20
1003;09/09/2025 11:00:00;M30;506;26,46;80,10
1004;09/09/2025 11:00:00;M30;613;36,28;72,60
1005;09/09/2025 11:00:00;M30;593;33,36;72,60
1006;09/09/2025 11:00:00;M30;549;25,99;85,50
1007;09/09/2025 11:00:00;M30;540;28,65;-1,00
1008;09/09/2025 11:00:00;URB;222;32,37;85,70
1009;09/09/2025 11:00:00;M30;621;29,68;76,70
1010;09/09/2025 11:00:00;URB;174;29,90;71,80
1011;09/09/2025 11:00:00;URB;167;24,41;83,90
1012;09/09/2025 11:00:00;M30;661;26,44;80,70
1013;09/09/2025 11:00:00;URB;224;25,11;84,60
1014;09/09/2025 11:00:00;URB;193;25,27;82,40
1015;09/09/2025 11:00:00;M30;673;38,80;75,20
1016;09/09/2025 11:00:00;URB;239;28,32;76,10
1017;09/09/2025 11:00:00;URB;170;18,77;81,10
1018;09/09/2025 11:00:00;URB;204;21,78;91,40
1019;09/09/2025 11:00:00;M30;644;37,72;72,00
1020;09/09/2025 11:00:00;URB;218;29,24;73,00
1021;09/09/2025 11:00:00;M30;609;35,51;74,90
1022;09/09/2025 11:00:00;URB;218;23,36;88,60
1023;09/09/2025 11:00:00;URB;173;25,26;83,90
1024;09/09/2025 11:00:00;URB;225;32,93;-1,00
1025;09/09/2025 11:00:00;M30;570;23,99;80,30
1026;09/09/2025 11:00:00;URB;210;20,64;83,00
1027;09/09/2025 11:00:00;M30;544;30,26;85,90
1028;09/09/2025 11:00:00;URB;200;27,36;71,60
1029;09/09/2025 11:00:00;URB;206;28,85;81,40
1030;09/09/2025 11:00:00;URB;195;20,88;92,00
1001;09/09/2025 12:00:00;M30;449;13,09;89,00
1002;09/09/2025 12:00:00;URB;161;19,66;89,30
1003;09/09/2025 12:00:00;M30;500;19,27;-1,00
1004;09/09/2025 12:00:00;M30;353;12,86;86,30
1005;09/09/2025 12:00:00;M30;399;20,91;80,40
1006;09/09/2025 12:00:00;M30;433;17,13;82,00
1007;09/09/2025 12:00:00;M30;480;27,75;75,90
1008;09/09/2025 12:00:00;URB;162;22,52;80,70
1009;09/09/2025 12:00:00;M30;446;25,65;77,90
1010;09/09/2025 12:00:00;URB;168;25,93;85,40
1011;09/09/2025 12:00:00;URB;152;19,52;85,30
1012;09/09/2025 12:00:00;M30;473;17,18;-1,00
1013;09/09/2025 12:00:00;URB;165;17,48;83,10
1014;09/09/2025 12:00:00;URB;141;16,47;82,80
1015;09/09/2025 12:00:00;M30;423;18,02;74,10
1016;09/09/2025 12:00:00;URB;194;20,85;86,40
1017;09/09/2025 12:00:00;URB;165;25,39;79,30
1018;09/09/2025 12:00:00;URB;164;20,31;89,90
1019;09/09/2025 12:00:00;M30;524;15,37;88,40
1020;09/09/2025 12:00:00;URB;164;21,84;86,60
1021;09/09/2025 12:00:00;M30;430;14,80;85,00
1022;09/09/2025 12:00:00;URB;165;23,43;-1,00
1023;09/09/2025 12:00:00;URB;159;16,23;87,00
1024;09/09/2025 12:00:00;URB;150;17,19;82,00
1025;09/09/2025 12:00:00;M30;435;18,42;86,90
1026;09/09/2025 12:00:00;URB;128;14,89;89,80
1027;09/09/2025 12:00:00;M30;330;17,54;79,50
1028;09/09/2025 12:00:00;URB;177;25,59;80,30
1029;09/09/2025 12:00:00;URB;152;18,66;83,90
1030;09/09/2025 12:00:00;URB;142;23,74;85,20
1001;09/09/2025 13:00:00;M30;368;16,91;82,70
1002;09/09/2025 13:00:00;URB;154;12,22;-1,00
1003;09/09/2025 13:00:00;M30;391;21,74;83,10
1004;09/09/2025 13:00:00;M30;332;8,94;89,80
1005;09/09/2025 13:00:00;M30;430;14,20;84,60
1006;09/09/2025 13:00:00;M30;288;12,59;84,40
1007;09/09/2025 13:00:00;M30;432;23,44;85,70
1008;09/09/2025 13:00:00;URB;149;26,40;80,00
1009;09/09/2025 13:00:00;M30;377;23,56;92,80
1010;09/09/2025 13:00:00;URB;131;15,35;86,20
1011;09/09/2025 13:00:00;URB;142;22,86;73,90
1012;09/09/2025 13:00:00;M30;346;12,67;93,80
1013;09/09/2025 13:00:00;URB;143;14,14;-1,00
1014;09/09/2025 13:00:00;URB;159;24,88;81,90
1015;09/09/2025 13:00:00;M30;370;13,99;92,30
1016;09/09/2025 13:00:00;URB;122;10,94;90,70
1017;09/09/2025 13:00:00;URB;167;26,91;79,00
1018;09/09/2025 13:00:00;URB;143;13,31;86,50
1019;09/09/2025 13:00:00;M30;430;22,87;81,30
1020;09/09/2025 13:00:00;URB;150;19,13;88,70
1021;09/09/2025 13:00:00;M30;356;15,12;89,90
1022;09/09/2025 13:00:00;URB;148;19,25;-1,00
1023;09/09/2025 13:00:00;URB;126;13,69;90,80
1024;09/09/2025 13:00:00;URB;121;14,86;84,50
1025;09/09/2025 13:00:00;M30;430;27,99;84,60
1026;09/09/2025 13:00:00;URB;132;20,89;-1,00
1027;09/09/2025 13:00:00;M30;401;22,65;88,90
1028;09/09/2025 13:00:00;URB;153;15,53;82,90
1029;09/09/2025 13:00:00;URB;119;12,92;86,50
1030;09/09/2025 13:00:00;URB;131;17,37;82,20
1001;09/09/2025 14:00:00;M30;390;17,08;85,60
1002;09/09/2025 14:00:00;URB;152;21,20;83,40
1003;09/09/2025 14:00:00;M30;392;14,10;87,90
1004;09/09/2025 14:00:00;M30;364;16,45;80,10
1005;09/09/2025 14:00:00;M30;387;16,87;85,30
1006;09/09/2025 14:00:00;M30;404;24,95;82,00
1007;09/09/2025 14:00:00;M30;379;9,75;90,60
1008;09/09/2025 14:00:00;URB;153;24,64;86,80
1009;09/09/2025 14:00:00;M30;382;20,37;79,70
1010;09/09/2025 14:00:00;URB;169;23,04;85,90
1011;09/09/2025 14:00:00;URB;157;24,52;83,20
1012;09/09/2025 14:00:00;M30;379;18,94;84,70
1013;09/09/2025 14:00:00;URB;164;26,18;86,10
1014;09/09/2025 14:00:00;URB;145;16,18;83,20
1015;09/09/2025 14:00:00;M30;314;15,91;86,40
1016;09/09/2025 14:00:00;URB;134;16,21;84,10
1017;09/09/2025 14:00:00;URB;114;12,72;84,30
1018;09/09/2025 14:00:00;URB;138;19,25;89,50
1019;09/09/2025 14:00:00;M30;354;14,09;-1,00
1020;09/09/2025 14:00:00;URB;156;20,35;88,20
1021;09/09/2025 14:00:00;M30;415;12,02;89,60
1022;09/09/2025 14:00:00;URB;148;21,98;-1,00
1023;09/09/2025 14:00:00;URB;114;14,18;88,40
1024;09/09/2025 14:00:00;URB;149;26,10;-1,00
1025;09/09/2025 14:00:00;M30;448;20,77;77,00
1026;09/09/2025 14:00:00;URB;157;20,61;81,50
1027;09/09/2025 14:00:00;M30;413;15,66;86,60
1028;09/09/2025 14:00:00;URB;136;14,74;78,90
1029;09/09/2025 14:00:00;URB;168;19,17;85,20
1030;09/09/2025 14:00:00;URB;135;17,55;88,20
1001;09/09/2025 15:00:00;M30;438;21,46;77,00
1002;09/09/2025 15:00:00;URB;151;17,37;88,40
1003;09/09/2025 15:00:00;M30;468;20,46;81,80
1004;09/09/2025 15:00:00;M30;435;14,06;85,30
1005;09/09/2025 15:00:00;M30;550;19,31;80,90
1006;09/09/2025 15:00:00;M30;437;17,74;83,50
1007;09/09/2025 15:00:00;M30;479;22,29;79,40
1008;09/09/2025 15:00:00;URB;159;15,63;87,40
1009;09/09/2025 15:00:00;M30;467;22,32;81,70
1010;09/09/2025 15:00:00;URB;152;21,20;80,00
1011;09/09/2025 15:00:00;URB;172;23,73;75,50
1012;09/09/2025 15:00:00;M30;511;17,74;84,80
1013;09/09/2025 15:00:00;URB;174;22,37;73,30
1014;09/09/2025 15:00:00;URB;162;21,98;88,80
1015;09/09/2025 15:00:00;M30;442;16,32;79,00
1016;09/09/2025 15:00:00;URB;141;16,92;89,20
1017;09/09/2025 15:00:00;URB;155;18,55;86,20
1018;09/09/2025 15:00:00;URB;153;23,07;82,10
1019;09/09/2025 15:00:00;M30;450;22,42;90,20
1020;09/09/2025 15:00:00;URB;189;26,31;76,50
1021;09/09/2025 15:00:00;M30;461;29,14;83,20
1022;09/09/2025 15:00:00;URB;142;15,33;88,30
1023;09/09/2025 15:00:00;URB;129;12,85;85,20
1024;09/09/2025 15:00:00;URB;161;17,27;87,00
1025;09/09/2025 15:00:00;M30;354;16,36;94,10
1026;09/09/2025 15:00:00;URB;167;21,17;83,70
1027;09/09/2025 15:00:00;M30;413;18,56;86,60
1028;09/09/2025 15:00:00;URB;167;22,58;92,30
1029;09/09/2025 15:00:00;URB;173;20,89;74,50
1030;09/09/2025 15:00:00;URB;159;24,07;-1,00
1001;09/09/2025 16:00:00;M30;622;30,76;81,80
1002;09/09/2025 16:00:00;URB;206;12,65;-1,00
1003;09/09/2025 16:00:00;M30;573;29,76;76,90
1004;09/09/2025 16:00:00;M30;633;28,63;76,30
1005;09/09/2025 16:00:00;M30;566;23,13;84,20
1006;09/09/2025 16:00:00;M30;487;19,91;86,30
1007;09/09/2025 16:00:00;M30;510;21,82;-1,00
1008;09/09/2025 16:00:00;URB;220;27,70;74,00
1009;09/09/2025 16:00:00;M30;584;26,99;80,50
1010;09/09/2025 16:00:00;URB;214;28,67;77,70
1011;09/09/2025 16:00:00;URB;231;20,17;88,50
1012;09/09/2025 16:00:00;M30;619;28,39;79,90
1013;09/09/2025 16:00:00;URB;216;24,71;75,60
1014;09/09/2025 16:00:00;URB;269;37,41;70,80
1015;09/09/2025 16:00:00;M30;615;25,48;-1,00
1016;09/09/2025 16:00:00;URB;189;28,95;70,00
1017;09/09/2025 16:00:00;URB;204;37,95;75,80
1018;09/09/2025 16:00:00;URB;224;36,28;77,10
1019;09/09/2025 16:00:00;M30;502;25,70;77,80
1020;09/09/2025 16:00:00;URB;226;36,55;77,40
1021;09/09/2025 16:00:00;M30;600;29,63;77,70
1022;09/09/2025 16:00:00;URB;208;32,19;76,70
1023;09/09/2025 16:00:00;URB;222;21,81;86,30
1024;09/09/2025 16:00:00;URB;217;26,48;81,80
1025;09/09/2025 16:00:00;M30;660;34,05;73,20
1026;09/09/2025 16:00:00;URB;216;35,49;79,80
1027;09/09/2025 16:00:00;M30;535;24,10;81,90
1028;09/09/2025 16:00:00;URB;242;30,84;75,80
1029;09/09/2025 16:00:00;URB;192;18,39;84,90
1030;09/09/2025 16:00:00;URB;221;23,74;88,00
1001;09/09/2025 17:00:00;M30;685;29,61;80,10
1002;09/09/2025 17:00:00;URB;280;35,00;77,70
1003;09/09/2025 17:00:00;M30;916;40,22;-1,00
1004;09/09/2025 17:00:00;M30;855;38,21;72,70
1005;09/09/2025 17:00:00;M30;889;48,78;74,60
1006;09/09/2025 17:00:00;M30;761;31,67;81,80
1007;09/09/2025 17:00:00;M30;657;43,05;69,20
1008;09/09/2025 17:00:00;URB;245;34,19;-1,00
1009;09/09/2025 17:00:00;M30;812;44,31;74,10
1010;09/09/2025 17:00:00;URB;299;38,64;78,20
1011;09/09/2025 17:00:00;URB;252;41,88;72,40
1012;09/09/2025 17:00:00;M30;794;41,99;-1,00
1013;09/09/2025 17:00:00;URB;280;29,38;74,00
1014;09/09/2025 17:00:00;URB;255;25,42;81,60
1015;09/09/2025 17:00:00;M30;824;40,54;76,80
1016;09/09/2025 17:00:00;URB;249;42,89;75,90
1017;09/09/2025 17:00:00;URB;243;36,84;80,20
1018;09/09/2025 17:00:00;URB;278;37,99;76,90
1019;09/09/2025 17:00:00;M30;847;37,80;66,40
1020;09/09/2025 17:00:00;URB;257;37,09;74,20
1021;09/09/2025 17:00:00;M30;958;54,71;62,30
1022;09/09/2025 17:00:00;URB;317;35,65;73,00
1023;09/09/2025 17:00:00;URB;257;43,71;76,30
1024;09/09/2025 17:00:00;URB;284;38,05;71,50
1025;09/09/2025 17:00:00;M30;800;34,86;78,60
1026;09/09/2025 17:00:00;URB;277;37,64;71,50
1027;09/09/2025 17:00:00;M30;775;42,29;72,20
1028;09/09/2025 17:00:00;URB;323;40,84;-1,00
1029;09/09/2025 17:00:00;URB;259;36,39;71,60
1030;09/09/2025 17:00:00;URB;260;31,73;81,00
1001;09/09/2025 18:00:00;M30;1.008;41,99;72,00
1002;09/09/2025 18:00:00;URB;272;27,86;76,00
1003;09/09/2025 18:00:00;M30;931;36,45;84,80
1004;09/09/2025 18:00:00;M30;885;35,85;-1,00
1005;09/09/2025 18:00:00;M30;1.002;39,49;77,00
1006;09/09/2025 18:00:00;M30;963;60,20;64,80
1007;09/09/2025 18:00:00;M30;1.063;56,31;64,40
1008;09/09/2025 18:00:00;URB;292;44,79;-1,00
1009;09/09/2025 18:00:00;M30;931;38,49;65,90
1010;09/09/2025 18:00:00;URB;395;41,64;71,20
1011;09/09/2025 18:00:00;URB;336;46,46;73,30
1012;09/09/2025 18:00:00;M30;934;40,78;73,50
1013;09/09/2025 18:00:00;URB;312;40,10;72,10
1014;09/09/2025 18:00:00;URB;359;56,89;62,40
1015;09/09/2025 18:00:00;M30;1.033;56,99;62,60
1016;09/09/2025 18:00:00;URB;320;57,59;56,90
1017;09/09/2025 18:00:00;URB;322;30,42;78,30
1018;09/09/2025 18:00:00;URB;321;34,10;72,00
1019;09/09/2025 18:00:00;M30;1.013;32,29;-1,00
1020;09/09/2025 18:00:00;URB;396;40,46;72,40
1021;09/09/2025 18:00:00;M30;919;32,54;73,50
1022;09/09/2025 18:00:00;URB;373;43,22;65,20
1023;09/09/2025 18:00:00;URB;367;52,39;66,40
1024;09/09/2025 18:00:00;URB;335;60,43;66,50
1025;09/09/2025 18:00:00;M30;1.013;42,62;-1,00
1026;09/09/2025 18:00:00;URB;313;40,27;-1,00
1027;09/09/2025 18:00:00;M30;945;36,49;72,10
1028;09/09/2025 18:00:00;URB;348;59,89;70,00
1029;09/09/2025 18:00:00;URB;328;51,05;65,00
1030;09/09/2025 18:00:00;URB;319;39,09;74,70
1001;09/09/2025 19:00:00;M30;901;30,36;78,30
1002;09/09/2025 19:00:00;URB;414;54,75;61,10
1003;09/09/2025 19:00:00;M30;1.010;47,01;-1,00
1004;09/09/2025 19:00:00;M30;1.021;60,13;58,70
1005;09/09/2025 19:00:00;M30;943;37,11;79,00
1006;09/09/2025 19:00:00;M30;1.418;64,21;64,60
1007;09/09/2025 19:00:00;M30;1.025;41,59;74,70
1008;09/09/2025 19:00:00;URB;336;50,06;70,70
1009;09/09/2025 19:00:00;M30;1.132;63,41;58,50
1010;09/09/2025 19:00:00;URB;378;50,52;66,40
1011;09/09/2025 19:00:00;URB;365;39,04;73,80
1012;09/09/2025 19:00:00;M30;961;40,66;77,90
1013;09/09/2025 19:00:00;URB;359;45,57;73,20
1014;09/09/2025 19:00:00;URB;359;53,85;69,70
1015;09/09/2025 19:00:00;M30;912;39,32;62,70
1016;09/09/2025 19:00:00;URB;461;61,24;62,40
1017;09/09/2025 19:00:00;URB;418;53,97;62,40
1018;09/09/2025 19:00:00;URB;292;29,87;83,00
1019;09/09/2025 19:00:00;M30;942;58,60;56,90
1020;09/09/2025 19:00:00;URB;355;44,02;73,90
1021;09/09/2025 19:00:00;M30;873;29,88;79,50
1022;09/09/2025 19:00:00;URB;396;55,58;68,80
1023;09/09/2025 19:00:00;URB;333;51,73;-1,00
1024;09/09/2025 19:00:00;URB;381;57,21;69,40
1025;09/09/2025 19:00:00;M30;958;45,72;61,70
1026;09/09/2025 19:00:00;URB;336;49,53;74,10
1027;09/09/2025 19:00:00;M30;1.047;56,78;68,70
1028;09/09/2025 19:00:00;URB;403;65,82;-1,00
1029;09/09/2025 19:00:00;URB;333;52,92;68,90
1030;09/09/2025 19:00:00;URB;409;59,20;61,70
1001;09/09/2025 20:00:00;M30;1.087;55,56;63,00
1002;09/09/2025 20:00:00;URB;291;32,52;77,20
1003;09/09/2025 20:00:00;M30;974;49,36;61,80
1004;09/09/2025 20:00:00;M30;880;56,97;67,40
1005;09/09/2025 20:00:00;M30;1.127;49,03;69,10
1006;09/09/2025 20:00:00;M30;870;34,00;-1,00
1007;09/09/2025 20:00:00;M30;830;41,38;67,20
1008;09/09/2025 20:00:00;URB;334;35,95;72,20
1009;09/09/2025 20:00:00;M30;959;49,90;67,90
1010;09/09/2025 20:00:00;URB;324;41,09;68,30
1011;09/09/2025 20:00:00;URB;420;45,23;-1,00
1012;09/09/2025 20:00:00;M30;911;52,85;67,50
1013;09/09/2025 20:00:00;URB;325;41,59;69,70
1014;09/09/2025 20:00:00;URB;364;62,20;49,40
1015;09/09/2025 20:00:00;M30;1.106;47,58;69,90
1016;09/09/2025 20:00:00;URB;339;49,67;67,20
1017;09/09/2025 20:00:00;URB;333;40,13;73,60
1018;09/09/2025 20:00:00;URB;371;48,08;71,80
1019;09/09/2025 20:00:00;M30;905;50,68;66,30
1020;09/09/2025 20:00:00;URB;322;51,28;-1,00
1021;09/09/2025 20:00:00;M30;941;47,44;74,70
1022;09/09/2025 20:00:00;URB;338;54,37;66,50
1023;09/09/2025 20:00:00;URB;342;63,23;59,20
1024;09/09/2025 20:00:00;URB;307;34,08;78,30
1025;09/09/2025 20:00:00;M30;759;33,80;80,20
1026;09/09/2025 20:00:00;URB;328;20,70;80,90
1027;09/09/2025 20:00:00;M30;1.087;62,65;57,60
1028;09/09/2025 20:00:00;URB;298;36,06;79,20
1029;09/09/2025 20:00:00;URB;379;41,41;68,20
1030;09/09/2025 20:00:00;URB;307;37,91;74,90
1001;09/09/2025 21:00:00;M30;796;41,58;78,30
1002;09/09/2025 21:00:00;URB;290;27,36;81,30
1003;09/09/2025 21:00:00;M30;814;38,56;74,10
1004;09/09/2025 21:00:00;M30;865;39,49;73,20
1005;09/09/2025 21:00:00;M30;938;43,58;70,60
1006;09/09/2025 21:00:00;M30;763;40,57;62,30
1007;09/09/2025 21:00:00;M30;797;40,80;71,70
1008;09/09/2025 21:00:00;URB;282;39,73;77,50
1009;09/09/2025 21:00:00;M30;775;34,98;77,30
1010;09/09/2025 21:00:00;URB;250;40,00;75,30
1011;09/09/2025 21:00:00;URB;246;25,69;85,00
1012;09/09/2025 21:00:00;M30;723;34,42;69,10
1013;09/09/2025 21:00:00;URB;296;41,21;76,20
1014;09/09/2025 21:00:00;URB;285;25,89;-1,00
1015;09/09/2025 21:00:00;M30;790;31,80;77,80
1016;09/09/2025 21:00:00;URB;302;31,91;76,10
1017;09/09/2025 21:00:00;URB;270;30,88;-1,00
1018;09/09/2025 21:00:00;URB;232;21,53;77,30
1019;09/09/2025 21:00:00;M30;692;31,43;-1,00
1020;09/09/2025 21:00:00;URB;331;26,56;-1,00
1021;09/09/2025 21:00:00;M30;857;38,03;66,20
1022;09/09/2025 21:00:00;URB;240;38,67;78,00
1023;09/09/2025 21:00:00;URB;299;44,99;-1,00
1024;09/09/2025 21:00:00;URB;303;35,96;69,60
1025;09/09/2025 21:00:00;M30;780;40,22;71,40
1026;09/09/2025 21:00:00;URB;333;43,64;72,90
1027;09/09/2025 21:00:00;M30;826;45,32;77,60
1028;09/09/2025 21:00:00;URB;290;45,99;71,80
1029;09/09/2025 21:00:00;URB;253;34,73;75,10
1030;09/09/2025 21:00:00;URB;272;23,63;73,30
1001;09/09/2025 22:00:00;M30;615;32,76;78,10
1002;09/09/2025 22:00:00;URB;199;26,10;80,50
1003;09/09/2025 22:00:00;M30;570;24,81;81,90
1004;09/09/2025 22:00:00;M30;650;37,98;77,40
1005;09/09/2025 22:00:00;M30;579;28,72;74,30
1006;09/09/2025 22:00:00;M30;719;40,93;72,20
1007;09/09/2025 22:00:00;M30;550;30,11;79,70
1008;09/09/2025 22:00:00;URB;216;31,81;82,90
1009;09/09/2025 22:00:00;M30;671;26,78;82,50
1010;09/09/2025 22:00:00;URB;179;28,53;76,40
1011;09/09/2025 22:00:00;URB;195;23,88;83,40
1012;09/09/2025 22:00:00;M30;813;47,76;69,90
1013;09/09/2025 22:00:00;URB;214;24,46;79,10
1014;09/09/2025 22:00:00;URB;211;21,52;80,50
1015;09/09/2025 22:00:00;M30;499;28,79;-1,00
1016;09/09/2025 22:00:00;URB;190;26,08;82,10
1017;09/09/2025 22:00:00;URB;202;22,54;81,30
1018;09/09/2025 22:00:00;URB;242;31,68;76,20
1019;09/09/2025 22:00:00;M30;646;30,85;69,50
1020;09/09/2025 22:00:00;URB;232;28,64;76,70
1021;09/09/2025 22:00:00;M30;626;26,52;75,10
1022;09/09/2025 22:00:00;URB;229;34,31;81,10
1023;09/09/2025 22:00:00;URB;199;26,97;76,60
1024;09/09/2025 22:00:00;URB;228;24,09;-1,00
1025;09/09/2025 22:00:00;M30;599;19,40;80,20
1026;09/09/2025 22:00:00;URB;245;33,14;80,50
1027;09/09/2025 22:00:00;M30;583;28,25;76,30
1028;09/09/2025 22:00:00;URB;212;34,00;75,50
1029;09/09/2025 22:00:00;URB;189;30,24;85,00
1030;09/09/2025 22:00:00;URB;199;26,14;81,70
1001;09/09/2025 23:00:00;M30;468;19,34;79,90
1002;09/09/2025 23:00:00;URB;139;6,92;89,60
1003;09/09/2025 23:00:00;M30;529;16,61;87,20
1004;09/09/2025 23:00:00;M30;529;22,95;92,70
1005;09/09/2025 23:00:00;M30;444;17,33;85,60
1006;09/09/2025 23:00:00;M30;452;23,86;84,70
1007;09/09/2025 23:00:00;M30;462;24,10;-1,00
1008;09/09/2025 23:00:00;URB;156;13,06;87,10
1009;09/09/2025 23:00:00;M30;367;17,95;87,90
1010;09/09/2025 23:00:00;URB;140;19,56;-1,00
1011;09/09/2025 23:00:00;URB;167;24,94;77,00
1012;09/09/2025 23:00:00;M30;421;21,02;-1,00
1013;09/09/2025 23:00:00;URB;180;18,99;86,40
1014;09/09/2025 23:00:00;URB;138;15,11;-1,00
1015;09/09/2025 23:00:00;M30;390;17,12;85,40
1016;09/09/2025 23:00:00;URB;174;20,79;84,20
1017;09/09/2025 23:00:00;URB;170;23,16;80,40
1018;09/09/2025 23:00:00;URB;167;18,10;85,10
1019;09/09/2025 23:00:00;M30;468;25,39;79,30
1020;09/09/2025 23:00:00;URB;154;19,05;83,70
1021;09/09/2025 23:00:00;M30;459;22,76;87,50
1022;09/09/2025 23:00:00;URB;161;9,07;89,20
1023;09/09/2025 23:00:00;URB;172;23,68;81,50
1024;09/09/2025 23:00:00;URB;170;18,81;-1,00
1025;09/09/2025 23:00:00;M30;459;19,53;83,70
1026;09/09/2025 23:00:00;URB;146;17,31;-1,00
1027;09/09/2025 23:00:00;M30;474;22,17;80,80
1028;09/09/2025 23:00:00;URB;182;27,28;78,50
1029;09/09/2025 23:00:00;URB;177;24,95;79,20
1030;09/09/2025 23:00:00;URB;153;22,29;89,60
1001;10/09/2025 00:00:00;M30;320;12,46;89,90
1002;10/09/2025 00:00:00;URB;122;13,57;88,10
1003;10/09/2025 00:00:00;M30;346;18,10;82,50
1004;10/09/2025 00:00:00;M30;279;13,11;93,30
1005;10/09/2025 00:00:00;M30;308;13,60;80,10
1006;10/09/2025 00:00:00;M30;298;16,80;84,70
1007;10/09/2025 00:00:00;M30;297;7,14;85,20
1008;10/09/2025 00:00:00;URB;141;10,39;80,80
1009;10/09/2025 00:00:00;M30;347;19,37;85,80
1010;10/09/2025 00:00:00;URB;129;19,24;93,00
1011;10/09/2025 00:00:00;URB;102;18,02;87,20
1012;10/09/2025 00:00:00;M30;250;14,23;91,50
1013;10/09/2025 00:00:00;URB;103;16,55;83,00
1014;10/09/2025 00:00:00;URB;129;8,62;94,30
1015;10/09/2025 00:00:00;M30;331;17,49;86,30
1016;10/09/2025 00:00:00;URB;117;13,60;91,30
1017;10/09/2025 00:00:00;URB;98;13,92;87,20
1018;10/09/2025 00:00:00;URB;115;12,69;85,60
1019;10/09/2025 00:00:00;M30;299;13,16;85,10
1020;10/09/2025 00:00:00;URB;105;10,05;84,30
1021;10/09/2025 00:00:00;M30;350;14,17;90,60
1022;10/09/2025 00:00:00;URB;105;19,13;86,30
1023;10/09/2025 00:00:00;URB;127;16,03;84,00
1024;10/09/2025 00:00:00;URB;101;12,23;86,80
1025;10/09/2025 00:00:00;M30;286;11,53;88,60
1026;10/09/2025 00:00:00;URB;107;11,07;84,60
1027;10/09/2025 00:00:00;M30;342;14,62;86,40
1028;10/09/2025 00:00:00;URB;115;12,18;80,80
1029;10/09/2025 00:00:00;URB;103;12,82;85,60
1030;10/09/2025 00:00:00;URB;135;18,97;90,70
1001;10/09/2025 01:00:00;M30;309;13,58;87,20
1002;10/09/2025 01:00:00;URB;121;22,81;80,30
1003;10/09/2025 01:00:00;M30;299;12,29;87,10
1004;10/09/2025 01:00:00;M30;296;12,11;85,90
1005;10/09/2025 01:00:00;M30;311;16,02;91,80
1006;10/09/2025 01:00:00;M30;325;17,81;88,60
1007;10/09/2025 01:00:00;M30;319;12,45;83,50
1008;10/09/2025 01:00:00;URB;135;17,73;88,10
1009;10/09/2025 01:00:00;M30;402;14,21;90,10
1010;10/09/2025 01:00:00;URB;111;11,46;91,90
1011;10/09/2025 01:00:00;URB;116;14,35;93,90
1012;10/09/2025 01:00:00;M30;354;18,54;84,30
1013;10/09/2025 01:00:00;URB;121;17,75;84,70
1014;10/09/2025 01:00:00;URB;116;12,34;84,00
1015;10/09/2025 01:00:00;M30;310;11,19;-1,00
1016;10/09/2025 01:00:00;URB;100;13,23;87,50
1017;10/09/2025 01:00:00;URB;93;12,71;91,00
1018;10/09/2025 01:00:00;URB;118;13,29;87,30
1019;10/09/2025 01:00:00;M30;314;12,50;87,60
1020;10/09/2025 01:00:00;URB;136;11,89;86,20
1021;10/09/2025 01:00:00;M30;246;11,87;80,90
1022;10/09/2025 01:00:00;URB;122;17,04;90,90
1023;10/09/2025 01:00:00;URB;92;12,87;-1,00
1024;10/09/2025 01:00:00;URB;118;16,78;88,50
1025;10/09/2025 01:00:00;M30;343;9,36;87,30
1026;10/09/2025 01:00:00;URB;116;16,83;90,90
1027;10/09/2025 01:00:00;M30;316;14,52;-1,00
1028;10/09/2025 01:00:00;URB;108;14,08;92,70
1029;10/09/2025 01:00:00;URB;107;14,11;88,60
1030;10/09/2025 01:00:00;URB;75;9,18;91,30
1001;10/09/2025 02:00:00;M30;361;15,88;85,30
1002;10/09/2025 02:00:00;URB;110;16,19;83,60
1003;10/09/2025 02:00:00;M30;382;18,90;87,30
1004;10/09/2025 02:00:00;M30;315;12,81;90,20
1005;10/09/2025 02:00:00;M30;276;8,82;92,90
1006;10/09/2025 02:00:00;M30;351;16,42;86,40
1007;10/09/2025 02:00:00;M30;339;17,89;-1,00
1008;10/09/2025 02:00:00;URB;132;15,70;81,10
1009;10/09/2025 02:00:00;M30;330;13,96;85,80
1010;10/09/2025 02:00:00;URB;146;22,49;88,80
1011;10/09/2025 02:00:00;URB;113;16,81;91,20
1012;10/09/2025 02:00:00;M30;342;17,57;80,10
1013;10/09/2025 02:00:00;URB;123;18,74;82,80
1014;10/09/2025 02:00:00;URB;109;14,82;84,00
1015;10/09/2025 02:00:00;M30;334;17,66;85,00
1016;10/09/2025 02:00:00;URB;120;12,71;88,30
1017;10/09/2025 02:00:00;URB;96;12,83;-1,00
1018;10/09/2025 02:00:00;URB;110;13,06;-1,00
1019;10/09/2025 02:00:00;M30;349;16,94;85,10
1020;10/09/2025 02:00:00;URB;113;17,55;89,70
1021;10/09/2025 02:00:00;M30;285;15,50;-1,00
1022;10/09/2025 02:00:00;URB;103;12,59;87,60
1023;10/09/2025 02:00:00;URB;108;15,65;96,20
1024;10/09/2025 02:00:00;URB;116;17,26;83,90
1025;10/09/2025 02:00:00;M30;319;14,82;89,70
1026;10/09/2025 02:00:00;URB;103;15,01;-1,00
1027;10/09/2025 02:00:00;M30;348;19,97;-1,00
1028;10/09/2025 02:00:00;URB;118;14,71;91,30
1029;10/09/2025 02:00:00;URB;98;13,61;81,60
1030;10/09/2025 02:00:00;URB;123;12,75;90,40
1001;10/09/2025 03:00:00;M30;348;14,44;84,30
1002;10/09/2025 03:00:00;URB;129;12,80;87,60
1003;10/09/2025 03:00:00;M30;373;19,02;81,40
1004;10/09/2025 03:00:00;M30;285;11,50;87,20
1005;10/09/2025 03:00:00;M30;314;11,91;91,00
1006;10/09/2025 03:00:00;M30;292;11,94;87,80
1007;10/09/2025 03:00:00;M30;315;14,43;86,70
1008;10/09/2025 03:00:00;URB;119;17,75;86,50
1009;10/09/2025 03:00:00;M30;320;15,20;86,90
1010;10/09/2025 03:00:00;URB;132;17,33;79,70
1011;10/09/2025 03:00:00;URB;117;16,52;-1,00
1012;10/09/2025 03:00:00;M30;397;15,66;89,70
1013;10/09/2025 03:00:00;URB;103;12,65;90,80
1014;10/09/2025 03:00:00;URB;119;16,45;88,80
1015;10/09/2025 03:00:00;M30;309;16,15;78,00
1016;10/09/2025 03:00:00;URB;119;14,19;-1,00
1017;10/09/2025 03:00:00;URB;107;13,14;87,10
1018;10/09/2025 03:00:00;URB;144;19,83;-1,00
1019;10/09/2025 03:00:00;M30;300;10,70;89,40
1020;10/09/2025 03:00:00;URB;97;17,00;83,40
1021;10/09/2025 03:00:00;M30;318;17,67;89,70
1022;10/09/2025 03:00:00;URB;113;12,00;88,30
1023;10/09/2025 03:00:00;URB;106;16,46;83,60
1024;10/09/2025 03:00:00;URB;142;19,80;-1,00
1025;10/09/2025 03:00:00;M30;369;19,05;78,80
1026;10/09/2025 03:00:00;URB;128;11,77;87,00
1027;10/09/2025 03:00:00;M30;309;16,28;92,10
1028;10/09/2025 03:00:00;URB;118;13,90;84,50
1029;10/09/2025 03:00:00;URB;121;15,95;91,40
1030;10/09/2025 03:00:00;URB;126;15,19;84,40
1001;10/09/2025 04:00:00;M30;406;24,84;80,10
1002;10/09/2025 04:00:00;URB;133;15,42;85,80
1003;10/09/2025 04:00:00;M30;388;18,82;83,50
1004;10/09/2025 04:00:00;M30;335;12,65;86,50
1005;10/09/2025 04:00:00;M30;365;18,44;86,80
1006;10/09/2025 04:00:00;M30;388;20,09;89,60
1007;10/09/2025 04:00:00;M30;370;22,68;84,30
1008;10/09/2025 04:00:00;URB;119;13,48;82,20
1009;10/09/2025 04:00:00;M30;320;11,48;86,40
1010;10/09/2025 04:00:00;URB;142;17,77;93,00
1011;10/09/2025 04:00:00;URB;118;20,49;80,70
1012;10/09/2025 04:00:00;M30;344;17,27;81,70
1013;10/09/2025 04:00:00;URB;130;16,72;81,70
1014;10/09/2025 04:00:00;URB;129;16,17;94,90
1015;10/09/2025 04:00:00;M30;397;19,64;82,90
1016;10/09/2025 04:00:00;URB;121;19,46;87,40
1017;10/09/2025 04:00:00;URB;133;18,04;88,40
1018;10/09/2025 04:00:00;URB;148;10,40;96,80
1019;10/09/2025 04:00:00;M30;364;20,05;83,20
1020;10/09/2025 04:00:00;URB;113;16,15;89,00
1021;10/09/2025 04:00:00;M30;364;11,97;87,10
1022;10/09/2025 04:00:00;URB;126;18,01;86,90
1023;10/09/2025 04:00:00;URB;144;16,31;84,20
1024;10/09/2025 04:00:00;URB;136;13,21;89,20
1025;10/09/2025 04:00:00;M30;324;13,93;84,00
1026;10/09/2025 04:00:00;URB;141;15,16;77,10
1027;10/09/2025 04:00:00;M30;353;17,58;90,00
1028;10/09/2025 04:00:00;URB;107;14,10;88,20
1029;10/09/2025 04:00:00;URB;130;17,58;84,50
1030;10/09/2025 04:00:00;URB;128;17,13;89,90
1001;10/09/2025 05:00:00;M30;451;23,37;85,80
1002;10/09/2025 05:00:00;URB;169;20,30;78,20
1003;10/09/2025 05:00:00;M30;418;21,39;79,00
1004;10/09/2025 05:00:00;M30;444;18,86;84,80
1005;10/09/2025 05:00:00;M30;436;21,42;75,40
1006;10/09/2025 05:00:00;M30;399;11,61;96,00
1007;10/09/2025 05:00:00;M30;490;24,06;87,30
1008;10/09/2025 05:00:00;URB;164;22,43;82,00
1009;10/09/2025 05:00:00;M30;496;25,98;84,30
1010;10/09/2025 05:00:00;URB;162;21,33;90,20
1011;10/09/2025 05:00:00;URB;129;20,47;81,70
1012;10/09/2025 05:00:00;M30;392;15,50;87,70
1013;10/09/2025 05:00:00;URB;169;25,35;81,30
1014;10/09/2025 05:00:00;URB;168;22,50;88,10
1015;10/09/2025 05:00:00;M30;422;23,95;73,10
1016;10/09/2025 05:00:00;URB;150;21,55;86,90
1017;10/09/2025 05:00:00;URB;160;28,54;78,50
1018;10/09/2025 05:00:00;URB;149;31,06;89,90
1019;10/09/2025 05:00:00;M30;463;27,13;88,10
1020;10/09/2025 05:00:00;URB;148;28,16;-1,00
1021;10/09/2025 05:00:00;M30;419;23,35;84,10
1022;10/09/2025 05:00:00;URB;196;29,31;80,10
1023;10/09/2025 05:00:00;URB;184;30,27;80,50
1024;10/09/2025 05:00:00;URB;153;24,16;78,80
1025;10/09/2025 05:00:00;M30;424;20,58;-1,00
1026;10/09/2025 05:00:00;URB;197;23,89;76,20
1027;10/09/2025 05:00:00;M30;415;15,30;-1,00
1028;10/09/2025 05:00:00;URB;169;18,49;73,10
1029;10/09/2025 05:00:00;URB;173;24,52;79,60
1030;10/09/2025 05:00:00;URB;136;21,13;83,20
1001;10/09/2025 06:00:00;M30;512;21,23;85,80
1002;10/09/2025 06:00:00;URB;229;30,24;82,90
1003;10/09/2025 06:00:00;M30;714;30,74;75,90
1004;10/09/2025 06:00:00;M30;549;22,24;87,50
1005;10/09/2025 06:00:00;M30;566;26,24;79,70
1006;10/09/2025 06:00:00;M30;618;27,90;82,00
1007;10/09/2025 06:00:00;M30;603;20,63;80,70
1008;10/09/2025 06:00:00;URB;221;33,08;79,60
1009;10/09/2025 06:00:00;M30;640;35,59;73,80
1010;10/09/2025 06:00:00;URB;207;22,53;85,20
1011;10/09/2025 06:00:00;URB;202;23,21;84,80
1012;10/09/2025 06:00:00;M30;666;33,88;77,60
1013;10/09/2025 06:00:00;URB;190;33,07;69,50
1014;10/09/2025 06:00:00;URB;184;20,88;88,00
1015;10/09/2025 06:00:00;M30;658;30,23;81,90
1016;10/09/2025 06:00:00;URB;198;16,42;82,20
1017;10/09/2025 06:00:00;URB;219;28,60;80,60
1018;10/09/2025 06:00:00;URB;258;27,19;85,60
1019;10/09/2025 06:00:00;M30;579;31,08;78,90
1020;10/09/2025 06:00:00;URB;186;27,16;83,10
1021;10/09/2025 06:00:00;M30;549;30,38;75,90
1022;10/09/2025 06:00:00;URB;237;18,26;81,90
1023;10/09/2025 06:00:00;URB;216;24,37;77,50
1024;10/09/2025 06:00:00;URB;209;16,93;88,80
1025;10/09/2025 06:00:00;M30;614;30,68;83,60
1026;10/09/2025 06:00:00;URB;235;25,43;85,40
1027;10/09/2025 06:00:00;M30;588;29,62;77,80
1028;10/09/2025 06:00:00;URB;247;28,99;83,50
1029;10/09/2025 06:00:00;URB;185;20,72;84,70
1030;10/09/2025 06:00:00;URB;206;29,47;77,00
1001;10/09/2025 07:00:00;M30;723;35,58;78,70
1002;10/09/2025 07:00:00;URB;275;39,82;70,50
1003;10/09/2025 07:00:00;M30;599;34,21;-1,00
1004;10/09/2025 07:00:00;M30;726;19,14;86,60
1005;10/09/2025 07:00:00;M30;745;30,71;-1,00
1006;10/09/2025 07:00:00;M30;699;33,64;74,90
1007;10/09/2025 07:00:00;M30;721;39,65;71,40
1008;10/09/2025 07:00:00;URB;345;43,60;75,30
1009;10/09/2025 07:00:00;M30;734;35,76;80,70
1010;10/09/2025 07:00:00;URB;298;37,07;65,30
1011;10/09/2025 07:00:00;URB;281;37,07;66,60
1012;10/09/2025 07:00:00;M30;710;28,01;76,30
1013;10/09/2025 07:00:00;URB;254;29,32;77,20
1014;10/09/2025 07:00:00;URB;285;51,32;59,80
1015;10/09/2025 07:00:00;M30;850;43,41;70,40
1016;10/09/2025 07:00:00;URB;227;43,34;66,20
1017;10/09/2025 07:00:00;URB;218;34,23;78,80
1018;10/09/2025 07:00:00;URB;299;43,04;64,40
1019;10/09/2025 07:00:00;M30;713;31,91;77,80
1020;10/09/2025 07:00:00;URB;290;30,61;82,50
1021;10/09/2025 07:00:00;M30;907;31,85;75,90
1022;10/09/2025 07:00:00;URB;277;27,89;72,70
1023;10/09/2025 07:00:00;URB;271;33,69;75,10
1024;10/09/2025 07:00:00;URB;326;40,43;-1,00
1025;10/09/2025 07:00:00;M30;766;29,43;78,70
1026;10/09/2025 07:00:00;URB;256;30,49;75,10
1027;10/09/2025 07:00:00;M30;655;41,86;66,00
1028;10/09/2025 07:00:00;URB;280;43,34;74,10
1029;10/09/2025 07:00:00;URB;273;33,92;-1,00
1030;10/09/2025 07:00:00;URB;269;34,61;76,80
1001;10/09/2025 08:00:00;M30;863;48,60;75,60
1002;10/09/2025 08:00:00;URB;346;46,28;-1,00
1003;10/09/2025 08:00:00;M30;895;40,99;71,50
1004;10/09/2025 08:00:00;M30;981;58,60;58,00
1005;10/09/2025 08:00:00;M30;878;39,27;67,80
1006;10/09/2025 08:00:00;M30;801;38,49;74,60
1007;10/09/2025 08:00:00;M30;791;44,07;71,90
1008;10/09/2025 08:00:00;URB;329;43,11;69,30
1009;10/09/2025 08:00:00;M30;946;59,81;61,10
1010;10/09/2025 08:00:00;URB;347;50,33;66,20
1011;10/09/2025 08:00:00;URB;321;41,39;69,50
1012;10/09/2025 08:00:00;M30;806;25,78;88,90
1013;10/09/2025 08:00:00;URB;356;45,76;73,90
1014;10/09/2025 08:00:00;URB;345;56,75;62,00
1015;10/09/2025 08:00:00;M30;959;50,37;-1,00
1016;10/09/2025 08:00:00;URB;299;35,72;76,80
1017;10/09/2025 08:00:00;URB;317;35,81;74,20
1018;10/09/2025 08:00:00;URB;288;35,30;72,60
1019;10/09/2025 08:00:00;M30;979;53,45;65,00
1020;10/09/2025 08:00:00;URB;287;38,34;78,60
1021;10/09/2025 08:00:00;M30;865;37,70;71,50
1022;10/09/2025 08:00:00;URB;334;66,57;58,90
1023;10/09/2025 08:00:00;URB;322;34,07;71,50
1024;10/09/2025 08:00:00;URB;345;46,63;62,10
1025;10/09/2025 08:00:00;M30;942;54,97;-1,00
1026;10/09/2025 08:00:00;URB;309;46,41;67,40
1027;10/09/2025 08:00:00;M30;866;28,69;85,70
1028;10/09/2025 08:00:00;URB;331;34,42;77,80
1029;10/09/2025 08:00:00;URB;335;45,75;65,50
1030;10/09/2025 08:00:00;URB;321;34,55;76,90
1001;10/09/2025 09:00:00;M30;732;34,32;76,20
1002;10/09/2025 09:00:00;URB;277;26,77;85,20
1003;10/09/2025 09:00:00;M30;872;40,35;69,70
1004;10/09/2025 09:00:00;M30;885;36,46;77,70
1005;10/09/2025 09:00:00;M30;914;51,72;61,00
1006;10/09/2025 09:00:00;M30;813;42,91;-1,00
1007;10/09/2025 09:00:00;M30;926;48,00;70,10
1008;10/09/2025 09:00:00;URB;220;22,94;80,50
1009;10/09/2025 09:00:00;M30;948;43,33;77,30
1010;10/09/2025 09:00:00;URB;290;30,36;80,90
1011;10/09/2025 09:00:00;URB;275;38,41;75,20
1012;10/09/2025 09:00:00;M30;952;38,60;81,90
1013;10/09/2025 09:00:00;URB;379;35,23;79,90
1014;10/09/2025 09:00:00;URB;343;45,02;71,90
1015;10/09/2025 09:00:00;M30;907;37,48;75,00
1016;10/09/2025 09:00:00;URB;278;27,32;79,60
1017;10/09/2025 09:00:00;URB;349;46,61;67,10
1018;10/09/2025 09:00:00;URB;358;31,00;-1,00
1019;10/09/2025 09:00:00;M30;956;40,40;77,70
1020;10/09/2025 09:00:00;URB;302;40,56;73,50
1021;10/09/2025 09:00:00;M30;967;40,03;68,90
1022;10/09/2025 09:00:00;URB;332;42,27;69,60
1023;10/09/2025 09:00:00;URB;364;51,82;69,00
1024;10/09/2025 09:00:00;URB;283;40,43;66,70
1025;10/09/2025 09:00:00;M30;763;32,54;81,90
1026;10/09/2025 09:00:00;URB;301;43,91;70,40
1027;10/09/2025 09:00:00;M30;981;45,73;68,90
1028;10/09/2025 09:00:00;URB;314;44,03;69,50
1029;10/09/2025 09:00:00;URB;286;48,83;62,40
1030;10/09/2025 09:00:00;URB;328;41,38;73,80
1001;10/09/2025 10:00:00;M30;637;32,50;72,90
1002;10/09/2025 10:00:00;URB;255;30,71;79,40
1003;10/09/2025 10:00:00;M30;657;27,03;79,90
1004;10/09/2025 10:00:00;M30;793;38,61;64,80
1005;10/09/2025 10:00:00;M30;711;42,06;73,10
1006;10/09/2025 10:00:00;M30;865;44,18;66,90
1007;10/09/2025 10:00:00;M30;868;34,76;80,70
1008;10/09/2025 10:00:00;URB;289;30,65;78,70
1009;10/09/2025 10:00:00;M30;898;24,46;80,90
1010;10/09/2025 10:00:00;URB;274;50,30;69,70
1011;10/09/2025 10:00:00;URB;272;38,17;-1,00
1012;10/09/2025 10:00:00;M30;797;30,49;81,10
1013;10/09/2025 10:00:00;URB;280;32,28;72,90
1014;10/09/2025 10:00:00;URB;260;32,05;73,40
1015;10/09/2025 10:00:00;M30;661;28,89;-1,00
1016;10/09/2025 10:00:00;URB;287;45,32;-1,00
1017;10/09/2025 10:00:00;URB;268;39,79;76,90
1018;10/09/2025 10:00:00;URB;266;31,19;77,80
1019;10/09/2025 10:00:00;M30;632;28,89;77,30
1020;10/09/2025 10:00:00;URB;263;39,43;69,10
1021;10/09/2025 10:00:00;M30;786;19,30;85,40
1022;10/09/2025 10:00:00;URB;252;27,91;79,60
1023;10/09/2025 10:00:00;URB;276;37,99;77,10
1024;10/09/2025 10:00:00;URB;219;35,45;75,20
1025;10/09/2025 10:00:00;M30;833;23,69;73,40
1026;10/09/2025 10:00:00;URB;259;28,79;79,00
1027;10/09/2025 10:00:00;M30;870;45,41;68,70
1028;10/09/2025 10:00:00;URB;284;37,52;72,70
1029;10/09/2025 10:00:00;URB;295;25,38;79,20
1030;10/09/2025 10:00:00;URB;307;45,62;74,50
1001;10/09/2025 11:00:00;M30;599;31,76;84,70
1002;10/09/2025 11:00:00;URB;195;28,80;77,80
1003;10/09/2025 11:00:00;M30;585;21,09;93,00
1004;10/09/2025 11:00:00;M30;582;24,11;75,70
1005;10/09/2025 11:00:00;M30;577;24,64;83,30
1006;10/09/2025 11:00:00;M30;584;29,57;76,80
1007;10/09/2025 11:00:00;M30;546;26,10;83,10
1008;10/09/2025 11:00:00;URB;208;28,83;83,10
1009;10/09/2025 11:00:00;M30;590;30,84;80,50
1010;10/09/2025 11:00:00;URB;180;28,29;79,00
1011;10/09/2025 11:00:00;URB;253;31,40;75,60
1012;10/09/2025 11:00:00;M30;568;22,75;85,40
1013;10/09/2025 11:00:00;URB;187;22,90;81,90
1014;10/09/2025 11:00:00;URB;199;26,08;77,30
1015;10/09/2025 11:00:00;M30;456;22,16;80,20
1016;10/09/2025 11:00:00;URB;223;31,19;76,40
1017;10/09/2025 11:00:00;URB;194;22,11;80,20
1018;10/09/2025 11:00:00;URB;225;40,41;78,00
1019;10/09/2025 11:00:00;M30;590;21,27;-1,00
1020;10/09/2025 11:00:00;URB;201;20,87;85,60
1021;10/09/2025 11:00:00;M30;520;27,15;76,40
1022;10/09/2025 11:00:00;URB;212;28,46;-1,00
1023;10/09/2025 11:00:00;URB;224;24,46;79,80
1024;10/09/2025 11:00:00;URB;208;23,54;79,50
1025;10/09/2025 11:00:00;M30;561;30,08;70,20
1026;10/09/2025 11:00:00;URB;188;18,22;81,70
1027;10/09/2025 11:00:00;M30;619;26,56;77,40
1028;10/09/2025 11:00:00;URB;193;19,76;86,60
1029;10/09/2025 11:00:00;URB;199;27,59;88,00
1030;10/09/2025 11:00:00;URB;220;23,03;84,90
1001;10/09/2025 12:00:00;M30;407;22,24;81,00
1002;10/09/2025 12:00:00;URB;144;18,09;84,60
1003;10/09/2025 12:00:00;M30;452;20,62;82,70
1004;10/09/2025 12:00:00;M30;408;17,57;85,30
1005;10/09/2025 12:00:00;M30;482;30,58;81,10
1006;10/09/2025 12:00:00;M30;490;19,67;82,80
1007;10/09/2025 12:00:00;M30;542;21,78;-1,00
1008;10/09/2025 12:00:00;URB;151;16,74;87,50
1009;10/09/2025 12:00:00;M30;513;16,92;84,20
1010;10/09/2025 12:00:00;URB;143;18,87;86,00
1011;10/09/2025 12:00:00;URB;162;16,39;92,00
1012;10/09/2025 12:00:00;M30;440;24,01;77,20
1013;10/09/2025 12:00:00;URB;163;19,83;82,10
1014;10/09/2025 12:00:00;URB;181;17,62;87,90
1015;10/09/2025 12:00:00;M30;402;17,84;85,30
1016;10/09/2025 12:00:00;URB;159;19,45;83,70
1017;10/09/2025 12:00:00;URB;149;19,24;-1,00
1018;10/09/2025 12:00:00;URB;159;21,20;85,50
1019;10/09/2025 12:00:00;M30;430;20,38;82,20
1020;10/09/2025 12:00:00;URB;156;23,03;86,30
1021;10/09/2025 12:00:00;M30;460;24,46;86,00
1022;10/09/2025 12:00:00;URB;145;21,28;-1,00
1023;10/09/2025 12:00:00;URB;161;23,68;82,90
1024;10/09/2025 12:00:00;URB;169;29,81;84,10
1025;10/09/2025 12:00:00;M30;418;25,43;84,00
1025;10/09/2025 12:00:00;M30;418;25,43;84,00
1026;10/09/2025 12:00:00;URB;167;24,45;82,30
1027;10/09/2025 12:00:00;M30;476;20,23;74,40
1028;10/09/2025 12:00:00;URB;151;25,84;77,70
1029;10/09/2025 12:00:00;URB;161;21,03;91,30
1030;10/09/2025 12:00:00;URB;171;18,45;84,00
1001;10/09/2025 13:00:00;M30;399;17,72;82,30
1002;10/09/2025 13:00:00;URB;144;21,93;85,10
1003;10/09/2025 13:00:00;M30;381;21,31;82,90
1004;10/09/2025 13:00:00;M30;497;25,98;78,00
1005;10/09/2025 13:00:00;M30;393;17,89;81,60
1006;10/09/2025 13:00:00;M30;470;20,88;81,30
1007;10/09/2025 13:00:00;M30;399;14,79;88,20
1008;10/09/2025 13:00:00;URB;134;18,05;88,60
1009;10/09/2025 13:00:00;M30;492;19,42;80,50
1010;10/09/2025 13:00:00;URB;114;12,39;-1,00
1011;10/09/2025 13:00:00;URB;126;23,19;87,50
1012;10/09/2025 13:00:00;M30;422;21,60;81,70
1013;10/09/2025 13:00:00;URB;113;14,30;80,30
1014;10/09/2025 13:00:00;URB;112;8,65;81,00
1015;10/09/2025 13:00:00;M30;354;18,82;90,00
1016;10/09/2025 13:00:00;URB;131;17,53;81,60
1017;10/09/2025 13:00:00;URB;147;22,02;82,20
1018;10/09/2025 13:00:00;URB;120;11,60;87,20
1019;10/09/2025 13:00:00;M30;385;11,75;85,20
1020;10/09/2025 13:00:00;URB;135;21,50;84,90
1021;10/09/2025 13:00:00;M30;393;19,42;82,70
1022;10/09/2025 13:00:00;URB;116;12,58;89,30
1023;10/09/2025 13:00:00;URB;112;12,05;81,80
1024;10/09/2025 13:00:00;URB;135;19,72;81,70
1025;10/09/2025 13:00:00;M30;399;17,99;82,00
1026;10/09/2025 13:00:00;URB;109;15,29;90,70
1027;10/09/2025 13:00:00;M30;399;17,22;86,60
1028;10/09/2025 13:00:00;URB;133;15,66;91,70
1029;10/09/2025 13:00:00;URB;145;17,96;85,30
1030;10/09/2025 13:00:00;URB;142;18,10;86,00
1001;10/09/2025 14:00:00;M30;402;15,28;-1,00
1002;10/09/2025 14:00:00;URB;146;16,87;77,80
1003;10/09/2025 14:00:00;M30;433;21,55;78,20
1004;10/09/2025 14:00:00;M30;354;13,92;83,90
1005;10/09/2025 14:00:00;M30;392;21,80;85,30
1006;10/09/2025 14:00:00;M30;371;18,64;86,20
1007;10/09/2025 14:00:00;M30;482;17,64;87,30
1008;10/09/2025 14:00:00;URB;130;18,00;87,10
1009;10/09/2025 14:00:00;M30;430;19,71;85,40
1010;10/09/2025 14:00:00;URB;124;14,56;89,90
1011;10/09/2025 14:00:00;URB;124;11,63;88,00
1012;10/09/2025 14:00:00;M30;355;19,46;85,50
1013;10/09/2025 14:00:00;URB;135;16,49;80,40
1014;10/09/2025 14:00:00;URB;137;19,00;76,00
1015;10/09/2025 14:00:00;M30;352;17,22;89,70
1016;10/09/2025 14:00:00;URB;151;20,95;-1,00
1017;10/09/2025 14:00:00;URB;128;18,17;89,40
1018;10/09/2025 14:00:00;URB;149;21,82;83,60
1019;10/09/2025 14:00:00;M30;425;25,41;77,60
1020;10/09/2025 14:00:00;URB;114;18,76;-1,00
1021;10/09/2025 14:00:00;M30;392;24,59;73,30
1022;10/09/2025 14:00:00;URB;140;21,89;81,80
1023;10/09/2025 14:00:00;URB;162;26,21;86,10
1024;10/09/2025 14:00:00;URB;156;21,12;-1,00
1025;10/09/2025 14:00:00;M30;405;21,86;85,80
1026;10/09/2025 14:00:00;URB;153;16,93;89,90
1027;10/09/2025 14:00:00;M30;377;15,76;82,50
1028;10/09/2025 14:00:00;URB;131;19,14;82,40
1029;10/09/2025 14:00:00;URB;154;20,28;84,10
1030;10/09/2025 14:00:00;URB;116;12,75;89,30
1001;10/09/2025 15:00:00;M30;500;22,96;87,30
1002;10/09/2025 15:00:00;URB;174;20,74;-1,00
1003;10/09/2025 15:00:00;M30;497;26,46;72,70
1004;10/09/2025 15:00:00;M30;502;26,16;-1,00
1005;10/09/2025 15:00:00;M30;524;26,27;-1,00
1006;10/09/2025 15:00:00;M30;434;19,72;89,10
1007;10/09/2025 15:00:00;M30;440;24,51;83,40
1008;10/09/2025 15:00:00;URB;184;15,68;77,40
1009;10/09/2025 15:00:00;M30;396;16,47;87,90
1010;10/09/2025 15:00:00;URB;165;25,65;76,50
1011;10/09/2025 15:00:00;URB;145;21,30;88,80
1012;10/09/2025 15:00:00;M30;554;31,43;80,40
1013;10/09/2025 15:00:00;URB;159;21,69;80,10
1014;10/09/2025 15:00:00;URB;175;17,68;85,90
1015;10/09/2025 15:00:00;M30;497;13,87;88,00
1016;10/09/2025 15:00:00;URB;197;29,31;84,40
1017;10/09/2025 15:00:00;URB;155;18,19;88,40
1018;10/09/2025 15:00:00;URB;169;25,77;82,30
1019;10/09/2025 15:00:00;M30;429;15,40;86,50
1020;10/09/2025 15:00:00;URB;149;19,43;-1,00
1021;10/09/2025 15:00:00;M30;465;16,11;-1,00
1022;10/09/2025 15:00:00;URB;165;23,00;83,20
1023;10/09/2025 15:00:00;URB;144;11,76;93,40
1024;10/09/2025 15:00:00;URB;163;15,68;83,40
1025;10/09/2025 15:00:00;M30;427;17,48;88,60
1026;10/09/2025 15:00:00;URB;146;17,79;83,40
1027;10/09/2025 15:00:00;M30;457;17,96;91,30
1028;10/09/2025 15:00:00;URB;130;15,48;87,50
1029;10/09/2025 15:00:00;URB;138;19,76;85,80
1030;10/09/2025 15:00:00;URB;179;15,85;84,30
1001;10/09/2025 16:00:00;M30;738;31,29;74,90
1002;10/09/2025 16:00:00;URB;259;34,11;75,40
1003;10/09/2025 16:00:00;M30;622;22,30;85,00
1004;10/09/2025 16:00:00;M30;585;23,28;81,30
1005;10/09/2025 16:00:00;M30;521;22,00;85,70
1006;10/09/2025 16:00:00;M30;553;34,56;-1,00
1007;10/09/2025 16:00:00;M30;691;37,56;79,90
1008;10/09/2025 16:00:00;URB;245;31,78;77,20
1009;10/09/2025 16:00:00;M30;535;21,66;86,20
1010;10/09/2025 16:00:00;URB;230;32,80;73,70
1011;10/09/2025 16:00:00;URB;259;32,42;75,00
1012;10/09/2025 16:00:00;M30;646;43,30;69,90
1013;10/09/2025 16:00:00;URB;193;28,15;81,20
1014;10/09/2025 16:00:00;URB;278;36,91;69,90
1015;10/09/2025 16:00:00;M30;649;28,91;81,30
1016;10/09/2025 16:00:00;URB;176;19,55;87,40
1017;10/09/2025 16:00:00;URB;257;34,45;77,00
1018;10/09/2025 16:00:00;URB;239;36,59;74,20
1019;10/09/2025 16:00:00;M30;531;21,56;83,50
1020;10/09/2025 16:00:00;URB;255;27,81;84,20
1021;10/09/2025 16:00:00;M30;539;24,47;75,50
1022;10/09/2025 16:00:00;URB;223;26,57;76,40
1023;10/09/2025 16:00:00;URB;195;33,52;74,80
1024;10/09/2025 16:00:00;URB;247;25,07;87,00
1025;10/09/2025 16:00:00;M30;618;34,26;-1,00
1026;10/09/2025 16:00:00;URB;212;31,92;70,90
1027;10/09/2025 16:00:00;M30;532;30,10;70,70
1028;10/09/2025 16:00:00;URB;263;29,62;81,70
1029;10/09/2025 16:00:00;URB;205;24,81;79,90
1030;10/09/2025 16:00:00;URB;220;24,22;83,80
1001;10/09/2025 17:00:00;M30;867;32,53;74,80
1002;10/09/2025 17:00:00;URB;276;45,43;71,20
1003;10/09/2025 17:00:00;M30;784;42,44;63,80
1004;10/09/2025 17:00:00;M30;819;31,85;80,10
1005;10/09/2025 17:00:00;M30;967;42,59;72,90
1006;10/09/2025 17:00:00;M30;794;42,85;73,30
1007;10/09/2025 17:00:00;M30;626;31,43;71,60
1008;10/09/2025 17:00:00;URB;329;36,38;81,30
1009;10/09/2025 17:00:00;M30;819;42,41;79,90
1010;10/09/2025 17:00:00;URB;240;28,24;-1,00
1011;10/09/2025 17:00:00;URB;284;50,21;67,30
1012;10/09/2025 17:00:00;M30;632;25,46;77,80
1013;10/09/2025 17:00:00;URB;259;37,54;68,10
1014;10/09/2025 17:00:00;URB;315;45,80;68,80
1015;10/09/2025 17:00:00;M30;685;34,48;82,50
1016;10/09/2025 17:00:00;URB;277;37,15;72,90
1017;10/09/2025 17:00:00;URB;274;30,25;-1,00
1018;10/09/2025 17:00:00;URB;317;44,69;73,10
1019;10/09/2025 17:00:00;M30;943;44,57;72,00
1020;10/09/2025 17:00:00;URB;248;37,55;73,30
1021;10/09/2025 17:00:00;M30;947;41,58;67,70
1022;10/09/2025 17:00:00;URB;265;36,45;79,10
1023;10/09/2025 17:00:00;URB;276;32,21;75,80
1024;10/09/2025 17:00:00;URB;276;31,48;80,70
1025;10/09/2025 17:00:00;M30;588;19,15;81,80
1026;10/09/2025 17:00:00;URB;268;35,74;77,70
1027;10/09/2025 17:00:00;M30;622;32,74;77,00
1028;10/09/2025 17:00:00;URB;338;43,50;70,60
1029;10/09/2025 17:00:00;URB;295;30,16;73,10
1030;10/09/2025 17:00:00;URB;315;46,59;-1,00
1001;10/09/2025 18:00:00;M30;951;44,30;73,80
1002;10/09/2025 18:00:00;URB;302;52,68;-1,00
1003;10/09/2025 18:00:00;M30;999;34,25;77,60
1004;10/09/2025 18:00:00;M30;994;68,93;51,10
1005;10/09/2025 18:00:00;M30;837;38,74;80,20
1006;10/09/2025 18:00:00;M30;938;38,98;75,00
1007;10/09/2025 18:00:00;M30;974;44,74;70,60
1008;10/09/2025 18:00:00;URB;314;37,43;70,50
1009;10/09/2025 18:00:00;M30;827;45,14;71,40
1010;10/09/2025 18:00:00;URB;357;47,06;57,70
1011;10/09/2025 18:00:00;URB;374;57,74;63,10
1012;10/09/2025 18:00:00;M30;935;57,21;67,60
1013;10/09/2025 18:00:00;URB;289;31,73;82,20
1014;10/09/2025 18:00:00;URB;347;50,07;68,50
1015;10/09/2025 18:00:00;M30;1.052;49,99;64,00
1016;10/09/2025 18:00:00;URB;385;59,34;65,90
1017;10/09/2025 18:00:00;URB;379;54,71;64,10
1018;10/09/2025 18:00:00;URB;325;48,94;-1,00
1019;10/09/2025 18:00:00;M30;1.010;46,47;66,20
1020;10/09/2025 18:00:00;URB;365;47,12;70,30
1021;10/09/2025 18:00:00;M30;1.036;52,64;69,10
1022;10/09/2025 18:00:00;URB;359;46,06;66,10
1023;10/09/2025 18:00:00;URB;340;50,31;62,60
1024;10/09/2025 18:00:00;URB;384;58,89;61,40
1025;10/09/2025 18:00:00;M30;995;37,98;74,90
1026;10/09/2025 18:00:00;URB;280;36,84;71,30
1027;10/09/2025 18:00:00;M30;976;44,53;78,70
1028;10/09/2025 18:00:00;URB;291;43,08;73,30
1029;10/09/2025 18:00:00;URB;272;25,88;76,20
1030;10/09/2025 18:00:00;URB;348;61,55;61,00
1001;10/09/2025 19:00:00;M30;1.005;47,33;72,10
1002;10/09/2025 19:00:00;URB;325;41,89;73,80
1003;10/09/2025 19:00:00;M30;1.051;38,44;71,70
1004;10/09/2025 19:00:00;M30;1.069;62,01;58,60
1005;10/09/2025 19:00:00;M30;1.114;52,28;69,20
1006;10/09/2025 19:00:00;M30;1.036;51,08;66,00
1007;10/09/2025 19:00:00;M30;1.147;46,14;64,60
1008;10/09/2025 19:00:00;URB;361;39,55;-1,00
1009;10/09/2025 19:00:00;M30;1.150;43,66;73,30
1010;10/09/2025 19:00:00;URB;343;53,18;-1,00
1011;10/09/2025 19:00:00;URB;354;59,66;63,60
1012;10/09/2025 19:00:00;M30;996;37,73;76,00
1013;10/09/2025 19:00:00;URB;346;41,18;75,50
1014;10/09/2025 19:00:00;URB;382;59,32;57,40
1015;10/09/2025 19:00:00;M30;1.111;46,95;77,10
1016;10/09/2025 19:00:00;URB;397;63,26;66,50
1017;10/09/2025 19:00:00;URB;401;45,77;71,50
1018;10/09/2025 19:00:00;URB;432;59,41;65,20
1019;10/09/2025 19:00:00;M30;1.131;49,04;67,20
1020;10/09/2025 19:00:00;URB;323;43,59;72,60
1021;10/09/2025 19:00:00;M30;994;59,66;60,90
1022;10/09/2025 19:00:00;URB;382;40,03;74,20
1023;10/09/2025 19:00:00;URB;406;54,19;-1,00
1024;10/09/2025 19:00:00;URB;412;54,37;-1,00
1025;10/09/2025 19:00:00;M30;948;32,05;79,20
1026;10/09/2025 19:00:00;URB;348;49,58;63,90
1027;10/09/2025 19:00:00;M30;1.267;72,64;62,30
1028;10/09/2025 19:00:00;URB;295;40,03;68,40
1029;10/09/2025 19:00:00;URB;374;39,40;74,40
1030;10/09/2025 19:00:00;URB;417;54,42;60,60
1001;10/09/2025 20:00:00;M30;859;40,72;79,10
1002;10/09/2025 20:00:00;URB;366;54,91;61,00
1003;10/09/2025 20:00:00;M30;1.178;44,22;72,30
1004;10/09/2025 20:00:00;M30;1.007;60,00;66,60
1005;10/09/2025 20:00:00;M30;1.026;50,58;71,00
1006;10/09/2025 20:00:00;M30;1.046;37,26;73,40
1007;10/09/2025 20:00:00;M30;833;33,66;71,70
1008;10/09/2025 20:00:00;URB;289;24,81;85,00
1009;10/09/2025 20:00:00;M30;856;46,20;-1,00
1010;10/09/2025 20:00:00;URB;354;36,02;82,80
1011;10/09/2025 20:00:00;URB;346;49,17;72,00
1012;10/09/2025 20:00:00;M30;951;47,02;65,40
1013;10/09/2025 20:00:00;URB;334;42,76;67,00
1014;10/09/2025 20:00:00;URB;372;51,37;63,40
1015;10/09/2025 20:00:00;M30;854;26,59;81,20
1016;10/09/2025 20:00:00;URB;296;38,27;78,00
1017;10/09/2025 20:00:00;URB;326;51,11;65,90
1018;10/09/2025 20:00:00;URB;338;26,56;88,70
1019;10/09/2025 20:00:00;M30;920;38,64;66,50
1020;10/09/2025 20:00:00;URB;357;37,88;72,80
1021;10/09/2025 20:00:00;M30;967;47,12;67,70
1022;10/09/2025 20:00:00;URB;275;31,55;78,70
1023;10/09/2025 20:00:00;URB;331;41,29;70,90
1024;10/09/2025 20:00:00;URB;370;35,55;73,90
1025;10/09/2025 20:00:00;M30;973;57,15;59,50
1026;10/09/2025 20:00:00;URB;371;36,05;70,70
1027;10/09/2025 20:00:00;M30;775;41,54;66,60
1028;10/09/2025 20:00:00;URB;432;61,70;57,00
1029;10/09/2025 20:00:00;URB;355;53,85;68,30
1030;10/09/2025 20:00:00;URB;321;46,53;64,20
1001;10/09/2025 21:00:00;M30;764;34,72;-1,00
1002;10/09/2025 21:00:00;URB;314;41,53;68,40
1003;10/09/2025 21:00:00;M30;929;41,33;71,20
1004;10/09/2025 21:00:00;M30;862;35,05;68,20
1005;10/09/2025 21:00:00;M30;879;35,72;75,80
1006;10/09/2025 21:00:00;M30;832;39,35;73,00
1007;10/09/2025 21:00:00;M30;794;30,49;73,30
1008;10/09/2025 21:00:00;URB;291;31,70;81,30
1009;10/09/2025 21:00:00;M30;748;37,05;78,10
1010;10/09/2025 21:00:00;URB;274;29,47;84,40
1011;10/09/2025 21:00:00;URB;249;31,41;-1,00
1012;10/09/2025 21:00:00;M30;721;40,37;65,00
1013;10/09/2025 21:00:00;URB;264;40,10;73,40
1014;10/09/2025 21:00:00;URB;252;32,11;72,80
1015;10/09/2025 21:00:00;M30;781;20,11;80,20
1016;10/09/2025 21:00:00;URB;258;38,27;79,20
1017;10/09/2025 21:00:00;URB;243;48,84;66,10
1018;10/09/2025 21:00:00;URB;272;29,82;-1,00
1019;10/09/2025 21:00:00;M30;732;33,36;78,10
1020;10/09/2025 21:00:00;URB;317;27,12;82,60
1021;10/09/2025 21:00:00;M30;808;35,83;-1,00
1022;10/09/2025 21:00:00;URB;278;31,98;78,80
1023;10/09/2025 21:00:00;URB;305;38,03;69,60
1024;10/09/2025 21:00:00;URB;293;19,09;83,50
1025;10/09/2025 21:00:00;M30;733;37,32;72,40
1026;10/09/2025 21:00:00;URB;300;46,00;70,40
1027;10/09/2025 21:00:00;M30;906;36,58;68,60
1028;10/09/2025 21:00:00;URB;300;36,53;82,40
1029;10/09/2025 21:00:00;URB;298;31,02;79,00
1030;10/09/2025 21:00:00;URB;276;37,76;72,10
1001;10/09/2025 22:00:00;M30;612;14,59;82,90
1002;10/09/2025 22:00:00;URB;219;23,17;76,10
1003;10/09/2025 22:00:00;M30;640;28,73;85,50
1004;10/09/2025 22:00:00;M30;624;16,88;86,60
1005;10/09/2025 22:00:00;M30;522;19,82;83,30
1006;10/09/2025 22:00:00;M30;542;24,16;-1,00
1007;10/09/2025 22:00:00;M30;762;33,78;78,30
1008;10/09/2025 22:00:00;URB;202;21,79;81,90
1009;10/09/2025 22:00:00;M30;510;23,99;84,30
1010;10/09/2025 22:00:00;URB;253;22,58;83,60
1011;10/09/2025 22:00:00;URB;187;25,33;-1,00
1012;10/09/2025 22:00:00;M30;634;34,65;77,20
1013;10/09/2025 22:00:00;URB;211;28,31;77,90
1014;10/09/2025 22:00:00;URB;191;24,39;-1,00
1015;10/09/2025 22:00:00;M30;621;29,27;-1,00
1016;10/09/2025 22:00:00;URB;225;30,96;79,50
1017;10/09/2025 22:00:00;URB;230;35,39;76,60
1018;10/09/2025 22:00:00;URB;204;21,03;83,90
1019;10/09/2025 22:00:00;M30;652;24,85;80,90
1020;10/09/2025 22:00:00;URB;187;16,90;86,10
1021;10/09/2025 22:00:00;M30;620;27,16;74,40
1022;10/09/2025 22:00:00;URB;252;25,93;87,60
1023;10/09/2025 22:00:00;URB;218;27,83;77,80
1024;10/09/2025 22:00:00;URB;173;21,68;81,20
1025;10/09/2025 22:00:00;M30;541;24,75;80,10
1026;10/09/2025 22:00:00;URB;223;25,97;-1,00
1027;10/09/2025 22:00:00;M30;510;22,90;90,90
1028;10/09/2025 22:00:00;URB;237;29,25;88,20
1029;10/09/2025 22:00:00;URB;235;17,21;82,90
1030;10/09/2025 22:00:00;URB;228;27,20;78,40
1001;10/09/2025 23:00:00;M30;481;23,04;77,00
1002;10/09/2025 23:00:00;URB;201;25,22;89,40
1003;10/09/2025 23:00:00;M30;477;23,51;85,60
1004;10/09/2025 23:00:00;M30;441;19,64;87,20
1005;10/09/2025 23:00:00;M30;438;18,66;84,40
1006;10/09/2025 23:00:00;M30;428;20,60;86,60
1007;10/09/2025 23:00:00;M30;434;23,99;73,90
1008;10/09/2025 23:00:00;URB;152;20,80;81,00
1009;10/09/2025 23:00:00;M30;410;13,73;90,10
1010;10/09/2025 23:00:00;URB;188;22,29;-1,00
1011;10/09/2025 23:00:00;URB;153;22,22;79,70
1012;10/09/2025 23:00:00;M30;510;20,27;87,40
1013;10/09/2025 23:00:00;URB;136;14,39;89,00
1014;10/09/2025 23:00:00;URB;154;16,46;86,10
1015;10/09/2025 23:00:00;M30;491;24,43;-1,00
1016;10/09/2025 23:00:00;URB;168;21,03;80,40
1017;10/09/2025 23:00:00;URB;167;16,86;80,50
1018;10/09/2025 23:00:00;URB;180;26,29;73,10
1019;10/09/2025 23:00:00;M30;418;19,44;80,60
1020;10/09/2025 23:00:00;URB;163;22,73;79,30
1021;10/09/2025 23:00:00;M30;564;29,60;77,30
1022;10/09/2025 23:00:00;URB;168;15,47;83,40
1023;10/09/2025 23:00:00;URB;184;25,29;83,10
1024;10/09/2025 23:00:00;URB;169;21,79;81,50
1025;10/09/2025 23:00:00;M30;428;18,56;84,80
1026;10/09/2025 23:00:00;URB;185;23,06;-1,00
1027;10/09/2025 23:00:00;M30;461;28,82;73,10
1028;10/09/2025 23:00:00;URB;176;20,37;87,30
1029;10/09/2025 23:00:00;URB;145;15,05;86,70
1030;10/09/2025 23:00:00;URB;153;17,15;84,40
1001;11/09/2025 00:00:00;M30;321;8,62;87,10
1002;11/09/2025 00:00:00;URB;120;18,30;90,90
1003;11/09/2025 00:00:00;M30;292;17,54;86,30
1004;11/09/2025 00:00:00;M30;345;13,84;90,30
1005;11/09/2025 00:00:00;M30;392;15,19;81,70
1006;11/09/2025 00:00:00;M30;331;13,49;92,70
1007;11/09/2025 00:00:00;M30;301;12,14;86,90
1008;11/09/2025 00:00:00;URB;105;16,83;83,10
1009;11/09/2025 00:00:00;M30;308;14,60;-1,00
1010;11/09/2025 00:00:00;URB;111;17,15;87,30
1011;11/09/2025 00:00:00;URB;100;11,70;93,90
1012;11/09/2025 00:00:00;M30;338;16,57;84,00
1013;11/09/2025 00:00:00;URB;115;18,01;86,20
1014;11/09/2025 00:00:00;URB;111;14,97;88,80
1015;11/09/2025 00:00:00;M30;307;11,33;89,60
1016;11/09/2025 00:00:00;URB;106;13,22;90,20
1017;11/09/2025 00:00:00;URB;97;16,52;-1,00
1018;11/09/2025 00:00:00;URB;126;13,91;85,60
1019;11/09/2025 00:00:00;M30;327;11,77;87,80
1020;11/09/2025 00:00:00;URB;108;11,79;93,90
1021;11/09/2025 00:00:00;M30;335;17,81;78,80
1022;11/09/2025 00:00:00;URB;111;19,39;-1,00
1023;11/09/2025 00:00:00;URB;120;15,62;88,00
1024;11/09/2025 00:00:00;URB;93;15,46;89,00
1025;11/09/2025 00:00:00;M30;342;10,84;83,80
1026;11/09/2025 00:00:00;URB;109;18,44;89,40
1027;11/09/2025 00:00:00;M30;353;17,46;84,80
1028;11/09/2025 00:00:00;URB;99;11,66;92,10
1029;11/09/2025 00:00:00;URB;120;15,37;-1,00
1030;11/09/2025 00:00:00;URB;114;12,11;91,30
1001;11/09/2025 01:00:00;M30;328;15,28;82,50
1002;11/09/2025 01:00:00;URB;90;15,89;84,20
1003;11/09/2025 01:00:00;M30;343;14,44;87,20
1004;11/09/2025 01:00:00;M30;288;16,05;-1,00
1005;11/09/2025 01:00:00;M30;334;17,88;85,10
1006;11/09/2025 01:00:00;M30;324;13,96;89,10
1007;11/09/2025 01:00:00;M30;322;21,48;-1,00
1008;11/09/2025 01:00:00;URB;107;14,44;85,70
1009;11/09/2025 01:00:00;M30;336;17,59;85,90
1010;11/09/2025 01:00:00;URB;116;19,69;85,30
1011;11/09/2025 01:00:00;URB;109;14,59;85,80
1012;11/09/2025 01:00:00;M30;317;11,84;92,30
1013;11/09/2025 01:00:00;URB;104;14,45;87,80
1014;11/09/2025 01:00:00;URB;116;14,13;96,90
1015;11/09/2025 01:00:00;M30;354;14,56;82,90
1016;11/09/2025 01:00:00;URB;105;9,33;83,30
1017;11/09/2025 01:00:00;URB;109;12,33;85,50
1018;11/09/2025 01:00:00;URB;113;13,61;91,30
1019;11/09/2025 01:00:00;M30;294;16,42;89,70
1020;11/09/2025 01:00:00;URB;110;15,31;83,00
1021;11/09/2025 01:00:00;M30;307;11,38;84,50
1022;11/09/2025 01:00:00;URB;111;13,88;85,50
1023;11/09/2025 01:00:00;URB;99;11,29;95,90
1024;11/09/2025 01:00:00;URB;124;13,95;-1,00
1025;11/09/2025 01:00:00;M30;226;9,47;-1,00
1026;11/09/2025 01:00:00;URB;119;18,87;83,90
1027;11/09/2025 01:00:00;M30;325;8,81;91,70
1028;11/09/2025 01:00:00;URB;109;15,15;87,10
1029;11/09/2025 01:00:00;URB;118;14,68;83,10
1030;11/09/2025 01:00:00;URB;104;17,44;91,50
1001;11/09/2025 02:00:00;M30;318;13,61;89,70
1002;11/09/2025 02:00:00;URB;127;18,69;86,80
1003;11/09/2025 02:00:00;M30;283;12,17;96,20
1004;11/09/2025 02:00:00;M30;312;16,33;-1,00
1005;11/09/2025 02:00:00;M30;337;21,75;79,90
1006;11/09/2025 02:00:00;M30;325;16,48;90,50
1007;11/09/2025 02:00:00;M30;315;13,80;88,70
1008;11/09/2025 02:00:00;URB;105;17,71;-1,00
1009;11/09/2025 02:00:00;M30;333;16,40;85,10
1010;11/09/2025 02:00:00;URB;125;15,75;-1,00
1011;11/09/2025 02:00:00;URB;106;13,59;92,20
1012;11/09/2025 02:00:00;M30;361;17,75;87,90
1013;11/09/2025 02:00:00;URB;108;14,10;82,60
1014;11/09/2025 02:00:00;URB;107;12,16;-1,00
1015;11/09/2025 02:00:00;M30;286;12,05;88,50
1016;11/09/2025 02:00:00;URB;114;14,87;94,40
1017;11/09/2025 02:00:00;URB;128;19,12;85,00
1018;11/09/2025 02:00:00;URB;112;14,70;-1,00
1019;11/09/2025 02:00:00;M30;268;11,28;89,90
1020;11/09/2025 02:00:00;URB;117;13,03;93,80
1021;11/09/2025 02:00:00;M30;272;8,37;88,20
1022;11/09/2025 02:00:00;URB;118;12,68;87,30
1023;11/09/2025 02:00:00;URB;110;12,89;88,70
1024;11/09/2025 02:00:00;URB;111;16,87;87,70
1025;11/09/2025 02:00:00;M30;352;18,66;-1,00
1026;11/09/2025 02:00:00;URB;103;11,79;89,20
1027;11/09/2025 02:00:00;M30;275;16,96;86,50
1028;11/09/2025 02:00:00;URB;96;11,11;85,60
1029;11/09/2025 02:00:00;URB;104;12,89;90,90
1030;11/09/2025 02:00:00;URB;111;12,09;84,50
1001;11/09/2025 03:00:00;M30;307;13,01;82,10
1002;11/09/2025 03:00:00;URB;117;11,51;89,80
1003;11/09/2025 03:00:00;M30;390;10,00;88,90
1004;11/09/2025 03:00:00;M30;333;16,86;82,50
1005;11/09/2025 03:00:00;M30;331;14,20;-1,00
1006;11/09/2025 03:00:00;M30;383;14,14;87,60
1007;11/09/2025 03:00:00;M30;320;13,34;88,20
1008;11/09/2025 03:00:00;URB;114;12,49;90,30
1009;11/09/2025 03:00:00;M30;304;15,46;-1,00
1010;11/09/2025 03:00:00;URB;113;13,18;87,60
1011;11/09/2025 03:00:00;URB;108;14,85;82,90
1011;11/09/2025 03:00:00;URB;108;14,85;82,90
1012;11/09/2025 03:00:00;M30;340;11,61;74,90
1013;11/09/2025 03:00:00;URB;112;13,84;80,80
1014;11/09/2025 03:00:00;URB;101;14,51;90,40
1015;11/09/2025 03:00:00;M30;351;16,21;80,90
1016;11/09/2025 03:00:00;URB;120;17,50;83,10
1017;11/09/2025 03:00:00;URB;130;16,93;-1,00
1018;11/09/2025 03:00:00;URB;109;11,38;91,10
1019;11/09/2025 03:00:00;M30;357;16,08;80,50
1020;11/09/2025 03:00:00;URB;103;16,51;93,40
1021;11/09/2025 03:00:00;M30;358;13,95;87,60
1022;11/09/2025 03:00:00;URB;128;14,26;101,80
1023;11/09/2025 03:00:00;URB;110;12,79;85,80
1024;11/09/2025 03:00:00;URB;131;13,04;84,70
1025;11/09/2025 03:00:00;M30;277;9,61;95,20
1026;11/09/2025 03:00:00;URB;107;12,61;83,70
1027;11/09/2025 03:00:00;M30;341;17,36;85,60
1028;11/09/2025 03:00:00;URB;125;18,72;-1,00
1029;11/09/2025 03:00:00;URB;136;18,14;94,50
1030;11/09/2025 03:00:00;URB;88;15,60;-1,00
1001;11/09/2025 04:00:00;M30;340;18,82;82,50
1002;11/09/2025 04:00:00;URB;117;16,99;81,70
1003;11/09/2025 04:00:00;M30;368;18,86;85,50
1004;11/09/2025 04:00:00;M30;387;11,52;88,90
1005;11/09/2025 04:00:00;M30;370;19,40;84,30
1006;11/09/2025 04:00:00;M30;319;12,48;84,10
1007;11/09/2025 04:00:00;M30;398;19,65;77,40
1008;11/09/2025 04:00:00;URB;137;17,93;87,70
1009;11/09/2025 04:00:00;M30;331;13,11;82,50
1010;11/09/2025 04:00:00;URB;129;18,25;88,10
1011;11/09/2025 04:00:00;URB;124;17,22;95,50
1012;11/09/2025 04:00:00;M30;325;19,45;82,30
1013;11/09/2025 04:00:00;URB;126;12,30;86,20
1014;11/09/2025 04:00:00;URB;124;14,01;94,20
1015;11/09/2025 04:00:00;M30;339;16,30;83,20
1016;11/09/2025 04:00:00;URB;110;12,72;90,20
1017;11/09/2025 04:00:00;URB;121;17,14;88,20
1018;11/09/2025 04:00:00;URB;132;14,10;91,80
1019;11/09/2025 04:00:00;M30;319;13,48;92,50
1020;11/09/2025 04:00:00;URB;139;11,29;92,80
1021;11/09/2025 04:00:00;M30;360;14,02;83,00
1022;11/09/2025 04:00:00;URB;113;16,67;85,60
1023;11/09/2025 04:00:00;URB;118;13,00;77,90
1024;11/09/2025 04:00:00;URB;139;21,04;-1,00
1025;11/09/2025 04:00:00;M30;311;14,64;-1,00
1026;11/09/2025 04:00:00;URB;137;20,92;81,30
1027;11/09/2025 04:00:00;M30;353;21,21;82,40
1028;11/09/2025 04:00:00;URB;139;19,63;83,30
1029;11/09/2025 04:00:00;URB;146;19,96;83,20
1030;11/09/2025 04:00:00;URB;108;16,98;83,80
1001;11/09/2025 05:00:00;M30;507;35,42;-1,00
1002;11/09/2025 05:00:00;URB;178;27,48;81,40
1003;11/09/2025 05:00:00;M30;442;15,25;81,70
1004;11/09/2025 05:00:00;M30;501;17,46;79,60
1005;11/09/2025 05:00:00;M30;458;14,01;91,70
1006;11/09/2025 05:00:00;M30;444;20,20;79,70
1007;11/09/2025 05:00:00;M30;479;24,54;80,90
1008;11/09/2025 05:00:00;URB;167;21,91;88,80
1009;11/09/2025 05:00:00;M30;405;21,31;84,40
1010;11/09/2025 05:00:00;URB;142;18,05;86,40
1011;11/09/2025 05:00:00;URB;136;16,84;86,10
1012;11/09/2025 05:00:00;M30;372;12,16;82,90
1013;11/09/2025 05:00:00;URB;159;21,12;85,90
1014;11/09/2025 05:00:00;URB;163;20,71;85,50
1015;11/09/2025 05:00:00;M30;472;24,26;81,10
1016;11/09/2025 05:00:00;URB;162;24,13;89,30
1017;11/09/2025 05:00:00;URB;162;22,95;85,40
1018;11/09/2025 05:00:00;URB;152;21,40;81,10
1019;11/09/2025 05:00:00;M30;438;18,32;89,10
1020;11/09/2025 05:00:00;URB;162;13,14;92,20
1021;11/09/2025 05:00:00;M30;451;19,78;79,70
1022;11/09/2025 05:00:00;URB;141;17,09;88,20
1023;11/09/2025 05:00:00;URB;162;21,00;83,00
1024;11/09/2025 05:00:00;URB;151;20,13;85,00
1025;11/09/2025 05:00:00;M30;386;18,76;83,50
1026;11/09/2025 05:00:00;URB;126;17,50;88,40
1027;11/09/2025 05:00:00;M30;486;31,32;89,80
1028;11/09/2025 05:00:00;URB;152;15,95;91,70
1029;11/09/2025 05:00:00;URB;120;9,32;-1,00
1030;11/09/2025 05:00:00;URB;145;19,86;87,30
1001;11/09/2025 06:00:00;M30;620;10,74;84,50
1002;11/09/2025 06:00:00;URB;213;30,20;-1,00
1003;11/09/2025 06:00:00;M30;551;28,19;80,50
1004;11/09/2025 06:00:00;M30;594;29,37;84,10
1005;11/09/2025 06:00:00;M30;579;25,81;76,80
1006;11/09/2025 06:00:00;M30;623;27,56;-1,00
1007;11/09/2025 06:00:00;M30;643;36,68;71,40
1008;11/09/2025 06:00:00;URB;181;28,06;81,10
1009;11/09/2025 06:00:00;M30;549;25,70;81,10
1010;11/09/2025 06:00:00;URB;216;25,77;82,20
1011;11/09/2025 06:00:00;URB;228;29,52;79,60
1012;11/09/2025 06:00:00;M30;617;26,87;79,10
1013;11/09/2025 06:00:00;URB;202;19,38;87,90
1014;11/09/2025 06:00:00;URB;216;26,55;86,40
1015;11/09/2025 06:00:00;M30;539;21,75;85,90
1016;11/09/2025 06:00:00;URB;191;36,77;77,10
1017;11/09/2025 06:00:00;URB;194;25,50;82,20
1018;11/09/2025 06:00:00;URB;194;28,23;78,20
1019;11/09/2025 06:00:00;M30;590;22,84;87,00
1020;11/09/2025 06:00:00;URB;231;27,70;84,70
1021;11/09/2025 06:00:00;M30;539;25,24;-1,00
1022;11/09/2025 06:00:00;URB;239;35,09;78,10
1023;11/09/2025 06:00:00;URB;174;17,77;88,60
1024;11/09/2025 06:00:00;URB;201;21,61;86,50
1025;11/09/2025 06:00:00;M30;578;27,54;78,20
1026;11/09/2025 06:00:00;URB;195;26,97;75,40
1027;11/09/2025 06:00:00;M30;572;25,95;80,80
1028;11/09/2025 06:00:00;URB;209;22,41;78,50
1029;11/09/2025 06:00:00;URB;219;28,45;73,80
1030;11/09/2025 06:00:00;URB;188;26,25;82,50
1001;11/09/2025 07:00:00;M30;672;36,17;-1,00
1002;11/09/2025 07:00:00;URB;303;40,13;70,70
1003;11/09/2025 07:00:00;M30;744;37,75;73,50
1004;11/09/2025 07:00:00;M30;680;34,08;73,70
1005;11/09/2025 07:00:00;M30;771;42,65;68,10
1006;11/09/2025 07:00:00;M30;791;36,00;77,40
1007;11/09/2025 07:00:00;M30;741;26,30;80,00
1008;11/09/2025 07:00:00;URB;269;28,72;73,20
1009;11/09/2025 07:00:00;M30;704;32,32;79,50
1010;11/09/2025 07:00:00;URB;310;47,47;68,30
1011;11/09/2025 07:00:00;URB;300;47,27;70,10
1012;11/09/2025 07:00:00;M30;833;45,96;75,20
1013;11/09/2025 07:00:00;URB;251;34,30;83,50
1014;11/09/2025 07:00:00;URB;270;37,26;71,70
1015;11/09/2025 07:00:00;M30;728;32,49;75,40
1016;11/09/2025 07:00:00;URB;253;35,27;80,00
1017;11/09/2025 07:00:00;URB;271;32,04;72,00
1018;11/09/2025 07:00:00;URB;272;43,79;70,30
1019;11/09/2025 07:00:00;M30;747;38,83;66,70
1020;11/09/2025 07:00:00;URB;292;38,16;80,70
1021;11/09/2025 07:00:00;M30;770;29,16;73,60
1022;11/09/2025 07:00:00;URB;289;39,09;81,80
1023;11/09/2025 07:00:00;URB;290;39,17;70,40
1024;11/09/2025 07:00:00;URB;247;36,64;77,50
1025;11/09/2025 07:00:00;M30;747;31,95;75,10
1026;11/09/2025 07:00:00;URB;241;29,54;77,40
1027;11/09/2025 07:00:00;M30;641;28,37;79,50
1028;11/09/2025 07:00:00;URB;283;33,18;-1,00
1029;11/09/2025 07:00:00;URB;295;51,44;61,70
1030;11/09/2025 07:00:00;URB;306;30,48;74,60
1001;11/09/2025 08:00:00;M30;896;47,51;64,70
1002;11/09/2025 08:00:00;URB;285;42,07;74,70
1003;11/09/2025 08:00:00;M30;884;34,38;69,10
1004;11/09/2025 08:00:00;M30;877;31,22;-1,00
1005;11/09/2025 08:00:00;M30;1.027;55,50;63,50
1006;11/09/2025 08:00:00;M30;914;35,60;74,10
1007;11/09/2025 08:00:00;M30;778;27,94;75,70
1008;11/09/2025 08:00:00;URB;377;20,10;84,70
1009;11/09/2025 08:00:00;M30;864;40,14;78,80
1010;11/09/2025 08:00:00;URB;328;40,03;74,60
1011;11/09/2025 08:00:00;URB;326;43,43;69,10
1012;11/09/2025 08:00:00;M30;1.002;47,65;64,60
1013;11/09/2025 08:00:00;URB;329;32,23;82,90
1014;11/09/2025 08:00:00;URB;288;33,25;81,00
1015;11/09/2025 08:00:00;M30;747;32,34;75,90
1016;11/09/2025 08:00:00;URB;314;24,53;87,10
1017;11/09/2025 08:00:00;URB;297;45,27;73,60
1018;11/09/2025 08:00:00;URB;356;49,59;63,90
1019;11/09/2025 08:00:00;M30;900;54,76;66,00
1020;11/09/2025 08:00:00;URB;388;34,45;71,30
1021;11/09/2025 08:00:00;M30;830;36,59;67,40
1022;11/09/2025 08:00:00;URB;349;50,37;-1,00
1023;11/09/2025 08:00:00;URB;372;53,44;69,80
1024;11/09/2025 08:00:00;URB;296;37,79;68,30
1025;11/09/2025 08:00:00;M30;965;41,73;76,90
1026;11/09/2025 08:00:00;URB;345;50,72;66,80
1027;11/09/2025 08:00:00;M30;892;40,76;68,00
1028;11/09/2025 08:00:00;URB;389;51,49;73,90
1029;11/09/2025 08:00:00;URB;336;55,08;66,40
1030;11/09/2025 08:00:00;URB;336;39,94;74,20
1001;11/09/2025 09:00:00;M30;953;39,66;76,90
1002;11/09/2025 09:00:00;URB;327;29,33;84,90
1003;11/09/2025 09:00:00;M30;953;35,66;76,60
1004;11/09/2025 09:00:00;M30;802;39,53;70,40
1005;11/09/2025 09:00:00;M30;853;47,86;-1,00
1006;11/09/2025 09:00:00;M30;889;30,03;76,50
1007;11/09/2025 09:00:00;M30;805;36,85;72,50
1008;11/09/2025 09:00:00;URB;288;36,04;74,70
1009;11/09/2025 09:00:00;M30;688;27,07;78,80
1010;11/09/2025 09:00:00;URB;338;55,23;68,00
1011;11/09/2025 09:00:00;URB;337;47,35;70,80
1012;11/09/2025 09:00:00;M30;913;36,68;73,90
1013;11/09/2025 09:00:00;URB;369;40,18;70,20
1014;11/09/2025 09:00:00;URB;287;35,06;78,70
1015;11/09/2025 09:00:00;M30;902;46,04;64,40
1016;11/09/2025 09:00:00;URB;332;42,84;73,30
1017;11/09/2025 09:00:00;URB;339;44,48;64,60
1018;11/09/2025 09:00:00;URB;302;31,85;80,30
1019;11/09/2025 09:00:00;M30;864;27,99;73,40
1020;11/09/2025 09:00:00;URB;330;39,53;-1,00
1021;11/09/2025 09:00:00;M30;848;49,94;61,90
1022;11/09/2025 09:00:00;URB;304;41,26;72,50
1023;11/09/2025 09:00:00;URB;306;42,78;-1,00
1024;11/09/2025 09:00:00;URB;314;45,21;71,10
1025;11/09/2025 09:00:00;M30;875;35,59;71,90
1026;11/09/2025 09:00:00;URB;287;45,39;69,10
1027;11/09/2025 09:00:00;M30;856;39,65;72,40
1028;11/09/2025 09:00:00;URB;342;28,81;77,40
1029;11/09/2025 09:00:00;URB;305;48,17;73,80
1030;11/09/2025 09:00:00;URB;339;42,76;72,40
1001;11/09/2025 10:00:00;M30;867;42,62;67,20
1002;11/09/2025 10:00:00;URB;276;42,56;68,50
1003;11/09/2025 10:00:00;M30;700;34,75;81,00
1004;11/09/2025 10:00:00;M30;863;49,36;68,20
1005;11/09/2025 10:00:00;M30;831;30,34;78,40
1006;11/09/2025 10:00:00;M30;800;29,00;75,40
1007;11/09/2025 10:00:00;M30;833;30,09;80,30
1008;11/09/2025 10:00:00;URB;269;29,61;70,30
1009;11/09/2025 10:00:00;M30;765;38,06;71,80
1010;11/09/2025 10:00:00;URB;263;37,29;75,50
1011;11/09/2025 10:00:00;URB;272;20,43;83,20
1012;11/09/2025 10:00:00;M30;563;26,90;71,90
1013;11/09/2025 10:00:00;URB;293;38,00;76,10
1014;11/09/2025 10:00:00;URB;246;43,29;68,30
1015;11/09/2025 10:00:00;M30;675;23,11;81,20
1016;11/09/2025 10:00:00;URB;266;33,56;-1,00
1017;11/09/2025 10:00:00;URB;262;31,51;85,10
1018;11/09/2025 10:00:00;URB;253;35,66;78,50
1019;11/09/2025 10:00:00;M30;686;28,49;76,20
1020;11/09/2025 10:00:00;URB;276;45,43;66,70
1021;11/09/2025 10:00:00;M30;704;25,76;79,50
1022;11/09/2025 10:00:00;URB;277;43,72;77,30
1023;11/09/2025 10:00:00;URB;265;38,11;73,80
1024;11/09/2025 10:00:00;URB;270;37,50;75,70
1025;11/09/2025 10:00:00;M30;796;33,91;-1,00
1026;11/09/2025 10:00:00;URB;271;27,35;-1,00
1027;11/09/2025 10:00:00;M30;633;23,10;83,00
1028;11/09/2025 10:00:00;URB;247;28,34;71,30
1029;11/09/2025 10:00:00;URB;277;50,37;64,40
1030;11/09/2025 10:00:00;URB;290;44,05;67,70
1001;11/09/2025 11:00:00;M30;559;22,41;83,50
1002;11/09/2025 11:00:00;URB;224;33,06;81,30
1003;11/09/2025 11:00:00;M30;541;16,92;83,40
1004;11/09/2025 11:00:00;M30;538;31,67;77,40
1005;11/09/2025 11:00:00;M30;634;17,43;-1,00
1006;11/09/2025 11:00:00;M30;514;19,54;83,80
1007;11/09/2025 11:00:00;M30;545;25,72;74,80
1008;11/09/2025 11:00:00;URB;196;23,69;78,90
1009;11/09/2025 11:00:00;M30;607;26,05;-1,00
1010;11/09/2025 11:00:00;URB;227;40,64;78,10
1011;11/09/2025 11:00:00;URB;231;30,33;70,60
1012;11/09/2025 11:00:00;M30;588;31,66;69,70
1013;11/09/2025 11:00:00;URB;206;28,39;77,90
1014;11/09/2025 11:00:00;URB;223;19,52;78,20
1015;11/09/2025 11:00:00;M30;622;25,38;80,80
1016;11/09/2025 11:00:00;URB;214;33,31;78,60
1017;11/09/2025 11:00:00;URB;225;20,10;79,00
1018;11/09/2025 11:00:00;URB;247;34,82;76,50
1019;11/09/2025 11:00:00;M30;545;21,16;79,60
1020;11/09/2025 11:00:00;URB;185;30,22;82,80
1021;11/09/2025 11:00:00;M30;648;18,02;85,80
1022;11/09/2025 11:00:00;URB;197;21,46;88,90
1023;11/09/2025 11:00:00;URB;249;34,44;77,20
1024;11/09/2025 11:00:00;URB;201;19,29;83,90
1025;11/09/2025 11:00:00;M30;668;40,74;76,00
1026;11/09/2025 11:00:00;URB;239;39,12;79,50
1027;11/09/2025 11:00:00;M30;633;22,97;84,80
1028;11/09/2025 11:00:00;URB;234;32,38;71,30
1029;11/09/2025 11:00:00;URB;210;28,13;75,00
1030;11/09/2025 11:00:00;URB;214;28,14;83,50
1001;11/09/2025 12:00:00;M30;502;19,96;-1,00
1002;11/09/2025 12:00:00;URB;147;24,40;78,20
1003;11/09/2025 12:00:00;M30;487;29,62;77,50
1004;11/09/2025 12:00:00;M30;484;22,98;-1,00
1005;11/09/2025 12:00:00;M30;425;18,29;84,10
1006;11/09/2025 12:00:00;M30;519;33,45;75,60
1007;11/09/2025 12:00:00;M30;431;18,92;87,30
1008;11/09/2025 12:00:00;URB;161;17,69;-1,00
1009;11/09/2025 12:00:00;M30;420;16,75;81,50
1010;11/09/2025 12:00:00;URB;153;20,93;81,50
1011;11/09/2025 12:00:00;URB;153;25,79;78,60
1012;11/09/2025 12:00:00;M30;447;17,97;83,80
1013;11/09/2025 12:00:00;URB;142;20,03;84,40
1014;11/09/2025 12:00:00;URB;190;20,93;91,90
1015;11/09/2025 12:00:00;M30;425;16,90;81,60
1016;11/09/2025 12:00:00;URB;157;19,90;92,40
1017;11/09/2025 12:00:00;URB;169;22,41;77,30
1018;11/09/2025 12:00:00;URB;173;19,21;80,80
1019;11/09/2025 12:00:00;M30;480;14,27;91,20
1020;11/09/2025 12:00:00;URB;199;27,42;80,90
1021;11/09/2025 12:00:00;M30;436;24,63;81,50
1022;11/09/2025 12:00:00;URB;158;14,31;80,40
1023;11/09/2025 12:00:00;URB;155;21,54;84,00
1024;11/09/2025 12:00:00;URB;174;22,08;93,40
1025;11/09/2025 12:00:00;M30;331;16,00;87,00
1026;11/09/2025 12:00:00;URB;166;15,31;84,20
1027;11/09/2025 12:00:00;M30;461;19,16;85,80
1028;11/09/2025 12:00:00;URB;168;31,28;75,70
1029;11/09/2025 12:00:00;URB;143;17,63;85,50
1030;11/09/2025 12:00:00;URB;171;23,09;83,60
1001;11/09/2025 13:00:00;M30;384;21,10;-1,00
1002;11/09/2025 13:00:00;URB;149;17,12;90,10
1003;11/09/2025 13:00:00;M30;385;12,90;90,70
1004;11/09/2025 13:00:00;M30;393;22,87;91,30
1005;11/09/2025 13:00:00;M30;356;22,99;85,50
1006;11/09/2025 13:00:00;M30;474;20,91;-1,00
1007;11/09/2025 13:00:00;M30;356;17,48;79,30
1008;11/09/2025 13:00:00;URB;142;17,53;91,30
1009;11/09/2025 13:00:00;M30;345;15,94;92,90
1010;11/09/2025 13:00:00;URB;149;15,25;-1,00
1011;11/09/2025 13:00:00;URB;126;18,04;84,50
1012;11/09/2025 13:00:00;M30;370;16,58;92,90
1013;11/09/2025 13:00:00;URB;137;14,40;85,30
1014;11/09/2025 13:00:00;URB;126;14,70;85,80
1015;11/09/2025 13:00:00;M30;428;20,81;82,00
1016;11/09/2025 13:00:00;URB;137;17,83;85,00
1017;11/09/2025 13:00:00;URB;119;10,23;85,80
1018;11/09/2025 13:00:00;URB;94;14,38;92,30
1019;11/09/2025 13:00:00;M30;417;21,13;82,30
1020;11/09/2025 13:00:00;URB;129;18,16;85,20
1021;11/09/2025 13:00:00;M30;396;22,25;90,20
1022;11/09/2025 13:00:00;URB;131;17,07;85,90
1023;11/09/2025 13:00:00;URB;102;17,32;-1,00
1023;11/09/2025 13:00:00;URB;102;17,32;-1,00
1024;11/09/2025 13:00:00;URB;113;16,59;93,10
1025;11/09/2025 13:00:00;M30;317;15,63;84,70
1026;11/09/2025 13:00:00;URB;128;15,20;93,30
1027;11/09/2025 13:00:00;M30;375;14,33;82,10
1028;11/09/2025 13:00:00;URB;142;19,64;85,50
1029;11/09/2025 13:00:00;URB;118;10,22;96,90
1030;11/09/2025 13:00:00;URB;139;22,52;79,10
1001;11/09/2025 14:00:00;M30;454;23,93;81,80
1002;11/09/2025 14:00:00;URB;133;21,47;85,50
1003;11/09/2025 14:00:00;M30;466;15,28;87,00
1004;11/09/2025 14:00:00;M30;354;15,54;86,90
1005;11/09/2025 14:00:00;M30;427;26,20;77,10
1006;11/09/2025 14:00:00;M30;386;17,51;87,90
1007;11/09/2025 14:00:00;M30;400;14,96;88,40
1008;11/09/2025 14:00:00;URB;143;14,94;82,10
1009;11/09/2025 14:00:00;M30;401;17,11;83,30
1010;11/09/2025 14:00:00;URB;163;18,48;86,40
1011;11/09/2025 14:00:00;URB;150;14,20;88,20
1012;11/09/2025 14:00:00;M30;391;22,10;79,60
1013;11/09/2025 14:00:00;URB;126;19,90;92,10
1014;11/09/2025 14:00:00;URB;108;13,07;90,80
1015;11/09/2025 14:00:00;M30;448;18,01;85,90
1016;11/09/2025 14:00:00;URB;131;16,02;86,40
1017;11/09/2025 14:00:00;URB;151;19,71;85,50
1018;11/09/2025 14:00:00;URB;133;15,23;88,80
1019;11/09/2025 14:00:00;M30;374;16,28;-1,00
1020;11/09/2025 14:00:00;URB;146;23,09;79,60
1021;11/09/2025 14:00:00;M30;342;14,95;-1,00
1022;11/09/2025 14:00:00;URB;119;16,03;84,90
1023;11/09/2025 14:00:00;URB;163;17,59;86,40
1024;11/09/2025 14:00:00;URB;122;18,92;78,80
1025;11/09/2025 14:00:00;M30;394;18,44;82,90
1026;11/09/2025 14:00:00;URB;137;19,71;79,20
1027;11/09/2025 14:00:00;M30;398;22,49;90,10
1028;11/09/2025 14:00:00;URB;139;18,23;82,90
1029;11/09/2025 14:00:00;URB;160;22,07;89,70
1030;11/09/2025 14:00:00;URB;136;14,67;80,20
1001;11/09/2025 15:00:00;M30;450;25,02;80,20
1002;11/09/2025 15:00:00;URB;150;17,95;92,00
1003;11/09/2025 15:00:00;M30;494;32,49;72,10
1004;11/09/2025 15:00:00;M30;466;22,07;86,20
1005;11/09/2025 15:00:00;M30;505;28,37;77,90
1006;11/09/2025 15:00:00;M30;518;28,14;78,90
1007;11/09/2025 15:00:00;M30;470;21,34;82,40
1008;11/09/2025 15:00:00;URB;164;23,93;81,00
1009;11/09/2025 15:00:00;M30;436;14,27;86,90
1010;11/09/2025 15:00:00;URB;158;22,27;81,10
1011;11/09/2025 15:00:00;URB;147;19,41;85,50
1012;11/09/2025 15:00:00;M30;412;20,60;76,00
1013;11/09/2025 15:00:00;URB;148;18,42;80,20
1014;11/09/2025 15:00:00;URB;171;19,61;85,60
1015;11/09/2025 15:00:00;M30;536;21,29;80,60
1016;11/09/2025 15:00:00;URB;152;10,46;79,00
1017;11/09/2025 15:00:00;URB;180;20,44;79,70
1018;11/09/2025 15:00:00;URB;150;18,40;-1,00
1019;11/09/2025 15:00:00;M30;458;22,72;89,50
1020;11/09/2025 15:00:00;URB;188;21,39;85,70
1021;11/09/2025 15:00:00;M30;449;22,56;82,80
1022;11/09/2025 15:00:00;URB;154;14,98;85,60
1023;11/09/2025 15:00:00;URB;177;25,85;83,40
1024;11/09/2025 15:00:00;URB;146;20,44;81,00
1025;11/09/2025 15:00:00;M30;521;24,85;86,20
1026;11/09/2025 15:00:00;URB;172;13,56;86,80
1027;11/09/2025 15:00:00;M30;423;19,27;83,50
1028;11/09/2025 15:00:00;URB;151;24,22;83,90
1029;11/09/2025 15:00:00;URB;197;26,91;82,40
1030;11/09/2025 15:00:00;URB;168;24,86;80,50
1001;11/09/2025 16:00:00;M30;704;38,84;70,60
1002;11/09/2025 16:00:00;URB;201;20,42;82,80
1003;11/09/2025 16:00:00;M30;642;26,97;76,90
1004;11/09/2025 16:00:00;M30;598;26,10;85,40
1005;11/09/2025 16:00:00;M30;555;24,93;82,30
1006;11/09/2025 16:00:00;M30;605;26,72;78,90
1007;11/09/2025 16:00:00;M30;702;35,26;68,50
1008;11/09/2025 16:00:00;URB;178;19,75;90,20
1009;11/09/2025 16:00:00;M30;476;23,45;82,60
1010;11/09/2025 16:00:00;URB;203;29,49;74,40
1011;11/09/2025 16:00:00;URB;224;34,84;74,10
1012;11/09/2025 16:00:00;M30;657;28,87;79,10
1013;11/09/2025 16:00:00;URB;220;29,14;75,80
1014;11/09/2025 16:00:00;URB;214;40,48;69,30
1015;11/09/2025 16:00:00;M30;646;22,47;78,20
1016;11/09/2025 16:00:00;URB;248;26,20;80,20
1017;11/09/2025 16:00:00;URB;243;31,93;80,50
1018;11/09/2025 16:00:00;URB;212;26,87;81,90
1019;11/09/2025 16:00:00;M30;607;31,00;73,90
1020;11/09/2025 16:00:00;URB;204;19,83;85,00
1021;11/09/2025 16:00:00;M30;472;19,72;86,40
1022;11/09/2025 16:00:00;URB;226;31,03;73,80
1023;11/09/2025 16:00:00;URB;246;22,32;82,00
1024;11/09/2025 16:00:00;URB;242;33,02;77,90
1025;11/09/2025 16:00:00;M30;654;24,96;84,70
1026;11/09/2025 16:00:00;URB;196;26,78;-1,00
1027;11/09/2025 16:00:00;M30;637;23,02;83,60
1028;11/09/2025 16:00:00;URB;219;30,75;81,80
1029;11/09/2025 16:00:00;URB;252;36,74;69,20
1030;11/09/2025 16:00:00;URB;217;23,89;-1,00
1001;11/09/2025 17:00:00;M30;898;37,08;82,30
1002;11/09/2025 17:00:00;URB;334;38,90;72,30
1003;11/09/2025 17:00:00;M30;738;32,65;76,50
1004;11/09/2025 17:00:00;M30;809;37,83;70,90
1005;11/09/2025 17:00:00;M30;705;37,80;72,80
1006;11/09/2025 17:00:00;M30;842;48,78;71,70
1007;11/09/2025 17:00:00;M30;897;55,51;62,60
1008;11/09/2025 17:00:00;URB;269;24,11;82,80
1009;11/09/2025 17:00:00;M30;887;52,65;70,80
1010;11/09/2025 17:00:00;URB;270;34,53;78,30
1011;11/09/2025 17:00:00;URB;271;39,01;65,10
1012;11/09/2025 17:00:00;M30;765;34,20;73,40
1013;11/09/2025 17:00:00;URB;283;34,44;78,90
1014;11/09/2025 17:00:00;URB;256;40,64;68,20
1015;11/09/2025 17:00:00;M30;855;43,47;-1,00
1016;11/09/2025 17:00:00;URB;346;38,59;82,00
1017;11/09/2025 17:00:00;URB;352;48,42;66,80
1018;11/09/2025 17:00:00;URB;290;36,85;-1,00
1019;11/09/2025 17:00:00;M30;727;31,24;79,20
1020;11/09/2025 17:00:00;URB;362;56,29;-1,00
1021;11/09/2025 17:00:00;M30;843;44,11;79,40
1022;11/09/2025 17:00:00;URB;303;33,83;69,30
1023;11/09/2025 17:00:00;URB;263;35,74;84,20
1024;11/09/2025 17:00:00;URB;285;48,91;64,30
1025;11/09/2025 17:00:00;M30;833;42,44;71,40
1026;11/09/2025 17:00:00;URB;309;58,99;61,00
1027;11/09/2025 17:00:00;M30;786;41,44;75,80
1028;11/09/2025 17:00:00;URB;283;36,11;74,00
1029;11/09/2025 17:00:00;URB;282;54,55;65,00
1030;11/09/2025 17:00:00;URB;301;47,47;-1,00
1001;11/09/2025 18:00:00;M30;952;37,59;71,90
1002;11/09/2025 18:00:00;URB;327;53,46;64,40
1003;11/09/2025 18:00:00;M30;960;39,72;67,90
1004;11/09/2025 18:00:00;M30;860;38,33;-1,00
1005;11/09/2025 18:00:00;M30;964;45,27;64,80
1006;11/09/2025 18:00:00;M30;969;42,60;74,20
1007;11/09/2025 18:00:00;M30;938;38,80;70,50
1008;11/09/2025 18:00:00;URB;365;52,14;57,90
1009;11/09/2025 18:00:00;M30;1.016;47,98;72,70
1010;11/09/2025 18:00:00;URB;402;58,83;61,20
1011;11/09/2025 18:00:00;URB;332;43,29;65,20
1012;11/09/2025 18:00:00;M30;1.099;47,49;64,50
1013;11/09/2025 18:00:00;URB;359;47,55;71,20
1014;11/09/2025 18:00:00;URB;349;48,66;69,50
1015;11/09/2025 18:00:00;M30;788;33,33;74,50
1016;11/09/2025 18:00:00;URB;276;33,67;71,40
1017;11/09/2025 18:00:00;URB;337;48,37;65,60
1018;11/09/2025 18:00:00;URB;350;58,30;61,70
1019;11/09/2025 18:00:00;M30;1.017;52,79;70,90
1020;11/09/2025 18:00:00;URB;340;57,50;67,80
1021;11/09/2025 18:00:00;M30;1.109;54,29;65,90
1022;11/09/2025 18:00:00;URB;358;42,31;-1,00
1023;11/09/2025 18:00:00;URB;382;44,02;-1,00
1024;11/09/2025 18:00:00;URB;377;52,83;62,10
1025;11/09/2025 18:00:00;M30;1.101;52,77;67,00
1026;11/09/2025 18:00:00;URB;401;59,85;60,20
1027;11/09/2025 18:00:00;M30;720;35,25;73,80
1028;11/09/2025 18:00:00;URB;328;31,83;76,30
1029;11/09/2025 18:00:00;URB;391;42,35;-1,00
1030;11/09/2025 18:00:00;URB;341;55,05;64,00
1001;11/09/2025 19:00:00;M30;1.087;56,98;60,60
1002;11/09/2025 19:00:00;URB;350;47,37;61,80
1003;11/09/2025 19:00:00;M30;1.028;57,24;58,30
1004;11/09/2025 19:00:00;M30;945;51,35;74,60
1005;11/09/2025 19:00:00;M30;868;55,20;-1,00
1006;11/09/2025 19:00:00;M30;961;52,09;70,90
1007;11/09/2025 19:00:00;M30;890;36,19;78,90
1008;11/09/2025 19:00:00;URB;346;53,33;70,20
1009;11/09/2025 19:00:00;M30;1.204;69,04;56,50
1010;11/09/2025 19:00:00;URB;331;35,21;77,50
1011;11/09/2025 19:00:00;URB;408;54,15;74,30
1012;11/09/2025 19:00:00;M30;1.180;50,24;72,40
1013;11/09/2025 19:00:00;URB;389;71,36;53,50
1014;11/09/2025 19:00:00;URB;372;37,45;69,00
1015;11/09/2025 19:00:00;M30;984;36,57;83,10
1016;11/09/2025 19:00:00;URB;289;28,80;79,80
1017;11/09/2025 19:00:00;URB;372;39,50;72,40
1018;11/09/2025 19:00:00;URB;292;39,19;69,20
1019;11/09/2025 19:00:00;M30;1.109;49,55;69,30
1020;11/09/2025 19:00:00;URB;389;45,70;69,80
1021;11/09/2025 19:00:00;M30;1.069;58,34;59,00
1022;11/09/2025 19:00:00;URB;336;39,09;80,90
1023;11/09/2025 19:00:00;URB;396;64,61;56,80
1024;11/09/2025 19:00:00;URB;397;58,49;62,40
1025;11/09/2025 19:00:00;M30;1.087;39,72;79,60
1026;11/09/2025 19:00:00;URB;308;46,88;-1,00
1027;11/09/2025 19:00:00;M30;1.105;52,22;61,80
1028;11/09/2025 19:00:00;URB;307;31,32;76,30
1029;11/09/2025 19:00:00;URB;430;61,39;55,00
1030;11/09/2025 19:00:00;URB;397;53,15;67,20
1001;11/09/2025 20:00:00;M30;831;40,55;76,50
1002;11/09/2025 20:00:00;URB;344;37,31;74,50
1003;11/09/2025 20:00:00;M30;925;49,59;67,50
1004;11/09/2025 20:00:00;M30;1.162;56,41;65,60
1005;11/09/2025 20:00:00;M30;1.046;45,75;76,40
1006;11/09/2025 20:00:00;M30;910;50,28;68,40
1007;11/09/2025 20:00:00;M30;945;43,08;71,40
1008;11/09/2025 20:00:00;URB;326;40,08;75,90
1009;11/09/2025 20:00:00;M30;769;33,58;73,30
1010;11/09/2025 20:00:00;URB;352;52,20;69,60
1011;11/09/2025 20:00:00;URB;342;34,75;71,60
1012;11/09/2025 20:00:00;M30;1.115;49,27;67,20
1013;11/09/2025 20:00:00;URB;347;47,22;69,50
1014;11/09/2025 20:00:00;URB;316;38,81;-1,00
1015;11/09/2025 20:00:00;M30;843;40,36;63,20
1016;11/09/2025 20:00:00;URB;308;47,01;71,10
1017;11/09/2025 20:00:00;URB;325;40,66;71,90
1018;11/09/2025 20:00:00;URB;318;47,41;70,10
1019;11/09/2025 20:00:00;M30;960;54,91;63,00
1020;11/09/2025 20:00:00;URB;401;43,39;71,40
1021;11/09/2025 20:00:00;M30;1.004;51,72;61,70
1022;11/09/2025 20:00:00;URB;394;56,08;63,00
1023;11/09/2025 20:00:00;URB;364;37,89;-1,00
1024;11/09/2025 20:00:00;URB;282;30,77;74,40
1025;11/09/2025 20:00:00;M30;1.037;40,73;72,40
1026;11/09/2025 20:00:00;URB;357;50,02;64,60
1027;11/09/2025 20:00:00;M30;1.097;41,86;70,30
1028;11/09/2025 20:00:00;URB;331;39,78;76,00
1029;11/09/2025 20:00:00;URB;329;50,43;66,40
1030;11/09/2025 20:00:00;URB;351;44,26;67,60
1030;11/09/2025 20:00:00;URB;351;44,26;67,60
1001;11/09/2025 21:00:00;M30;597;23,91;80,40
1002;11/09/2025 21:00:00;URB;319;41,98;70,70
1003;11/09/2025 21:00:00;M30;795;26,62;82,70
1004;11/09/2025 21:00:00;M30;877;38,59;82,00
1005;11/09/2025 21:00:00;M30;830;54,68;63,30
1006;11/09/2025 21:00:00;M30;789;37,51;70,00
1007;11/09/2025 21:00:00;M30;726;30,45;73,10
1008;11/09/2025 21:00:00;URB;278;23,12;81,80
1009;11/09/2025 21:00:00;M30;788;44,83;68,30
1010;11/09/2025 21:00:00;URB;302;45,67;-1,00
1011;11/09/2025 21:00:00;URB;263;24,59;75,60
1012;11/09/2025 21:00:00;M30;852;34,20;77,60
1013;11/09/2025 21:00:00;URB;248;34,62;83,30
1014;11/09/2025 21:00:00;URB;296;25,91;77,80
1015;11/09/2025 21:00:00;M30;681;35,77;75,50
1016;11/09/2025 21:00:00;URB;277;37,91;78,40
1017;11/09/2025 21:00:00;URB;284;45,55;66,60
1018;11/09/2025 21:00:00;URB;292;41,74;78,80
1019;11/09/2025 21:00:00;M30;594;26,56;84,00
1020;11/09/2025 21:00:00;URB;290;39,03;75,00
1021;11/09/2025 21:00:00;M30;685;28,92;78,20
1022;11/09/2025 21:00:00;URB;264;42,88;74,10
1023;11/09/2025 21:00:00;URB;324;49,00;66,40
1024;11/09/2025 21:00:00;URB;262;24,53;-1,00
1025;11/09/2025 21:00:00;M30;848;40,42;63,30
1026;11/09/2025 21:00:00;URB;301;48,31;-1,00
1027;11/09/2025 21:00:00;M30;584;24,59;82,90
1028;11/09/2025 21:00:00;URB;284;40,36;70,30
1029;11/09/2025 21:00:00;URB;263;33,72;71,00
1030;11/09/2025 21:00:00;URB;302;27,53;82,60
1001;11/09/2025 22:00:00;M30;628;27,18;73,50
1002;11/09/2025 22:00:00;URB;177;26,60;-1,00
1003;11/09/2025 22:00:00;M30;531;29,87;76,10
1004;11/09/2025 22:00:00;M30;541;24,21;80,70
1005;11/09/2025 22:00:00;M30;670;40,42;64,70
1006;11/09/2025 22:00:00;M30;615;17,66;82,50
1007;11/09/2025 22:00:00;M30;581;23,84;78,50
1008;11/09/2025 22:00:00;URB;206;20,01;-1,00
1009;11/09/2025 22:00:00;M30;591;28,53;83,90
1010;11/09/2025 22:00:00;URB;192;27,77;78,80
1011;11/09/2025 22:00:00;URB;177;15,29;92,20
1012;11/09/2025 22:00:00;M30;591;30,26;80,70
1013;11/09/2025 22:00:00;URB;197;30,85;-1,00
1014;11/09/2025 22:00:00;URB;210;21,61;81,60
1015;11/09/2025 22:00:00;M30;511;18,74;81,10
1016;11/09/2025 22:00:00;URB;207;30,79;78,30
1017;11/09/2025 22:00:00;URB;214;26,79;75,50
1018;11/09/2025 22:00:00;URB;222;24,13;-1,00
1019;11/09/2025 22:00:00;M30;607;31,83;79,90
1020;11/09/2025 22:00:00;URB;260;30,97;-1,00
1021;11/09/2025 22:00:00;M30;637;28,71;73,80
1022;11/09/2025 22:00:00;URB;214;24,12;76,10
1023;11/09/2025 22:00:00;URB;207;29,96;-1,00
1024;11/09/2025 22:00:00;URB;185;24,24;78,80
1025;11/09/2025 22:00:00;M30;542;22,28;80,50
1026;11/09/2025 22:00:00;URB;226;32,49;80,00
1027;11/09/2025 22:00:00;M30;623;21,58;83,50
1028;11/09/2025 22:00:00;URB;205;23,82;87,20
1029;11/09/2025 22:00:00;URB;163;15,60;87,20
1030;11/09/2025 22:00:00;URB;250;22,47;85,70
1001;11/09/2025 23:00:00;M30;380;12,81;80,00
1002;11/09/2025 23:00:00;URB;141;19,31;86,00
1003;11/09/2025 23:00:00;M30;522;22,33;83,40
1004;11/09/2025 23:00:00;M30;465;15,55;86,20
1005;11/09/2025 23:00:00;M30;428;22,65;87,60
1006;11/09/2025 23:00:00;M30;373;22,03;88,30
1007;11/09/2025 23:00:00;M30;524;19,87;82,00
1008;11/09/2025 23:00:00;URB;195;25,79;77,60
1009;11/09/2025 23:00:00;M30;544;26,48;82,40
1010;11/09/2025 23:00:00;URB;152;24,67;84,10
1011;11/09/2025 23:00:00;URB;151;20,31;86,40
1012;11/09/2025 23:00:00;M30;449;19,55;83,40
1013;11/09/2025 23:00:00;URB;164;20,94;88,80
1014;11/09/2025 23:00:00;URB;173;29,63;-1,00
1015;11/09/2025 23:00:00;M30;412;23,26;83,50
1016;11/09/2025 23:00:00;URB;168;23,44;77,30
1017;11/09/2025 23:00:00;URB;171;23,99;85,60
1018;11/09/2025 23:00:00;URB;179;30,53;78,30
1019;11/09/2025 23:00:00;M30;490;26,58;81,90
1020;11/09/2025 23:00:00;URB;155;21,24;78,60
1021;11/09/2025 23:00:00;M30;478;23,63;83,70
1022;11/09/2025 23:00:00;URB;170;15,22;86,70
1023;11/09/2025 23:00:00;URB;170;24,68;85,40
1024;11/09/2025 23:00:00;URB;178;8,38;87,10
1025;11/09/2025 23:00:00;M30;497;24,17;82,80
1026;11/09/2025 23:00:00;URB;162;17,53;87,90
1027;11/09/2025 23:00:00;M30;434;16,01;85,90
1028;11/09/2025 23:00:00;URB;146;19,90;79,80
1029;11/09/2025 23:00:00;URB;167;23,98;81,50
1030;11/09/2025 23:00:00;URB;155;22,42;87,00
1001;12/09/2025 00:00:00;M30;369;19,12;78,00
1002;12/09/2025 00:00:00;URB;129;14,91;86,10
1003;12/09/2025 00:00:00;M30;303;13,96;88,40
1004;12/09/2025 00:00:00;M30;342;18,04;92,90
1005;12/09/2025 00:00:00;M30;268;11,97;-1,00
1006;12/09/2025 00:00:00;M30;386;13,29;93,30
1008;12/09/2025 00:00:00;URB;107;16,58;89,80
1009;12/09/2025 00:00:00;M30;255;13,76;84,10
1010;12/09/2025 00:00:00;URB;100;16,42;87,30
1011;12/09/2025 00:00:00;URB;136;17,61;79,90
1012;12/09/2025 00:00:00;M30;328;11,17;88,90
1013;12/09/2025 00:00:00;URB;115;11,64;89,60
1014;12/09/2025 00:00:00;URB;105;13,43;88,20
1015;12/09/2025 00:00:00;M30;341;17,91;86,90
1016;12/09/2025 00:00:00;URB;111;12,58;95,70
1017;12/09/2025 00:00:00;URB;111;13,81;88,80
1018;12/09/2025 00:00:00;URB;141;17,55;84,50
1019;12/09/2025 00:00:00;M30;321;15,73;84,50
1020;12/09/2025 00:00:00;URB;104;12,47;87,90
1021;12/09/2025 00:00:00;M30;300;16,05;93,60
1022;12/09/2025 00:00:00;URB;115;12,01;85,70
1023;12/09/2025 00:00:00;URB;107;13,01;88,70
1024;12/09/2025 00:00:00;URB;113;12,82;92,70
1025;12/09/2025 00:00:00;M30;328;12,84;89,40
1026;12/09/2025 00:00:00;URB;122;16,89;84,50
1027;12/09/2025 00:00:00;M30;357;20,76;82,90
1028;12/09/2025 00:00:00;URB;96;11,63;-1,00
1029;12/09/2025 00:00:00;URB;126;14,52;91,60
1030;12/09/2025 00:00:00;URB;93;13,22;86,70
1001;12/09/2025 01:00:00;M30;295;12,39;94,50
1002;12/09/2025 01:00:00;URB;93;7,84;-1,00
1003;12/09/2025 01:00:00;M30;319;16,60;-1,00
1004;12/09/2025 01:00:00;M30;321;19,37;84,50
1005;12/09/2025 01:00:00;M30;352;17,19;77,10
1006;12/09/2025 01:00:00;M30;343;14,89;85,70
1008;12/09/2025 01:00:00;URB;122;20,22;82,40
1009;12/09/2025 01:00:00;M30;315;16,41;88,20
1010;12/09/2025 01:00:00;URB;101;14,11;92,00
1011;12/09/2025 01:00:00;URB;122;17,85;93,10
1012;12/09/2025 01:00:00;M30;307;18,40;83,80
1013;12/09/2025 01:00:00;URB;95;12,72;86,50
1014;12/09/2025 01:00:00;URB;119;17,74;88,90
1015;12/09/2025 01:00:00;M30;307;8,19;97,00
1016;12/09/2025 01:00:00;URB;107;10,98;94,60
1017;12/09/2025 01:00:00;URB;120;14,17;95,30
1018;12/09/2025 01:00:00;URB;100;15,59;-1,00
1019;12/09/2025 01:00:00;M30;329;20,04;91,20
1020;12/09/2025 01:00:00;URB;95;9,21;95,10
1021;12/09/2025 01:00:00;M30;287;12,37;81,70
1022;12/09/2025 01:00:00;URB;137;10,94;93,50
1023;12/09/2025 01:00:00;URB;92;12,33;85,00
1024;12/09/2025 01:00:00;URB;121;13,22;90,40
1025;12/09/2025 01:00:00;M30;338;20,45;84,90
1026;12/09/2025 01:00:00;URB;120;13,89;81,30
1027;12/09/2025 01:00:00;M30;321;17,04;90,20
1028;12/09/2025 01:00:00;URB;93;17,92;80,60
1029;12/09/2025 01:00:00;URB;116;9,81;83,70
1030;12/09/2025 01:00:00;URB;103;11,28;89,70
1001;12/09/2025 02:00:00;M30;224;8,05;88,70
1002;12/09/2025 02:00:00;URB;107;9,12;85,30
1003;12/09/2025 02:00:00;M30;300;11,99;84,00
1004;12/09/2025 02:00:00;M30;392;18,20;92,00
1005;12/09/2025 02:00:00;M30;343;17,43;86,50
1006;12/09/2025 02:00:00;M30;295;15,73;89,80
1008;12/09/2025 02:00:00;URB;125;22,78;78,90
1009;12/09/2025 02:00:00;M30;372;17,72;88,60
1010;12/09/2025 02:00:00;URB;99;9,58;85,40
1011;12/09/2025 02:00:00;URB;109;12,67;81,30
1012;12/09/2025 02:00:00;M30;290;12,86;84,00
1013;12/09/2025 02:00:00;URB;128;12,95;86,90
1014;12/09/2025 02:00:00;URB;107;13,24;89,10
1015;12/09/2025 02:00:00;M30;296;11,91;90,40
1016;12/09/2025 02:00:00;URB;110;15,43;85,40
1017;12/09/2025 02:00:00;URB;103;13,81;94,80
1018;12/09/2025 02:00:00;URB;105;17,50;90,60
1019;12/09/2025 02:00:00;M30;329;12,20;88,60
1020;12/09/2025 02:00:00;URB;113;13,71;87,10
1021;12/09/2025 02:00:00;M30;319;11,00;90,10
1022;12/09/2025 02:00:00;URB;113;15,09;88,80
1023;12/09/2025 02:00:00;URB;85;12,73;90,20
1024;12/09/2025 02:00:00;URB;106;14,15;92,30
1025;12/09/2025 02:00:00;M30;363;19,24;85,30
1026;12/09/2025 02:00:00;URB;109;9,24;89,00
1027;12/09/2025 02:00:00;M30;349;14,11;88,60
1028;12/09/2025 02:00:00;URB;112;15,40;-1,00
1029;12/09/2025 02:00:00;URB;124;15,25;90,00
1030;12/09/2025 02:00:00;URB;100;11,54;90,50
1001;12/09/2025 03:00:00;M30;305;13,97;88,10
1002;12/09/2025 03:00:00;URB;105;16,82;83,50
1003;12/09/2025 03:00:00;M30;312;11,21;89,70
1004;12/09/2025 03:00:00;M30;336;22,72;82,40
1005;12/09/2025 03:00:00;M30;382;19,65;84,50
1006;12/09/2025 03:00:00;M30;308;11,16;93,90
1008;12/09/2025 03:00:00;URB;110;10,27;89,00
1009;12/09/2025 03:00:00;M30;337;12,42;88,60
1010;12/09/2025 03:00:00;URB;105;13,26;84,00
1011;12/09/2025 03:00:00;URB;116;19,35;-1,00
1012;12/09/2025 03:00:00;M30;287;17,58;86,50
1013;12/09/2025 03:00:00;URB;107;14,19;88,70
1014;12/09/2025 03:00:00;URB;120;18,93;-1,00
1015;12/09/2025 03:00:00;M30;385;23,87;80,20
1016;12/09/2025 03:00:00;URB;101;15,47;89,60
1017;12/09/2025 03:00:00;URB;129;16,17;89,20
1018;12/09/2025 03:00:00;URB;112;15,01;89,40
1019;12/09/2025 03:00:00;M30;377;19,64;76,50
1020;12/09/2025 03:00:00;URB;104;15,70;86,60
1021;12/09/2025 03:00:00;M30;282;12,50;91,00
1022;12/09/2025 03:00:00;URB;125;14,16;86,90
1023;12/09/2025 03:00:00;URB;103;12,53;-1,00
1024;12/09/2025 03:00:00;URB;117;21,73;-1,00
1025;12/09/2025 03:00:00;M30;343;13,46;89,30
1026;12/09/2025 03:00:00;URB;102;14,93;87,30
1027;12/09/2025 03:00:00;M30;269;9,58;94,50
1028;12/09/2025 03:00:00;URB;109;9,46;99,60
1029;12/09/2025 03:00:00;URB;119;17,20;89,80
1030;12/09/2025 03:00:00;URB;142;16,93;-1,00
1001;12/09/2025 04:00:00;M30;372;18,68;91,60
1002;12/09/2025 04:00:00;URB;123;13,26;87,50
1003;12/09/2025 04:00:00;M30;340;13,16;-1,00
1004;12/09/2025 04:00:00;M30;333;14,20;83,20
1005;12/09/2025 04:00:00;M30;324;13,90;-1,00
1006;12/09/2025 04:00:00;M30;434;18,54;85,80
1008;12/09/2025 04:00:00;URB;151;13,31;78,30
1009;12/09/2025 04:00:00;M30;362;14,88;87,00
1010;12/09/2025 04:00:00;URB;151;21,48;75,20
1011;12/09/2025 04:00:00;URB;131;12,69;85,20
1012;12/09/2025 04:00:00;M30;328;13,48;83,10
1013;12/09/2025 04:00:00;URB;145;21,15;84,40
1014;12/09/2025 04:00:00;URB;139;16,47;88,10
1015;12/09/2025 04:00:00;M30;383;10,17;89,90
1016;12/09/2025 04:00:00;URB;154;18,34;87,60
1017;12/09/2025 04:00:00;URB;113;15,87;87,10
1018;12/09/2025 04:00:00;URB;134;9,33;85,20
1019;12/09/2025 04:00:00;M30;384;20,60;-1,00
1020;12/09/2025 04:00:00;URB;109;19,06;85,90
1021;12/09/2025 04:00:00;M30;404;17,19;84,40
1022;12/09/2025 04:00:00;URB;114;12,45;90,00
1023;12/09/2025 04:00:00;URB;131;16,19;84,90
1024;12/09/2025 04:00:00;URB;112;13,39;78,10
1025;12/09/2025 04:00:00;M30;328;15,09;91,40
1026;12/09/2025 04:00:00;URB;124;12,61;90,80
1027;12/09/2025 04:00:00;M30;360;14,19;86,20
1028;12/09/2025 04:00:00;URB;126;18,03;88,30
1029;12/09/2025 04:00:00;URB;127;15,92;84,50
1030;12/09/2025 04:00:00;URB;123;16,08;88,10
1001;12/09/2025 05:00:00;M30;362;14,87;82,00
1002;12/09/2025 05:00:00;URB;175;17,50;-1,00
1003;12/09/2025 05:00:00;M30;476;21,13;86,50
1004;12/09/2025 05:00:00;M30;390;19,85;91,60
1005;12/09/2025 05:00:00;M30;427;25,56;80,60
1006;12/09/2025 05:00:00;M30;469;30,64;78,50
1008;12/09/2025 05:00:00;URB;164;18,93;83,60
1009;12/09/2025 05:00:00;M30;398;22,21;-1,00
1010;12/09/2025 05:00:00;URB;155;26,91;88,70
1011;12/09/2025 05:00:00;URB;169;22,11;-1,00
1012;12/09/2025 05:00:00;M30;397;14,66;84,90
1013;12/09/2025 05:00:00;URB;124;22,67;80,60
1014;12/09/2025 05:00:00;URB;163;18,19;82,00
1015;12/09/2025 05:00:00;M30;457;21,45;88,60
1016;12/09/2025 05:00:00;URB;166;17,83;89,10
1017;12/09/2025 05:00:00;URB;157;19,09;83,80
1018;12/09/2025 05:00:00;URB;166;11,72;95,20
1019;12/09/2025 05:00:00;M30;445;19,84;82,90
1020;12/09/2025 05:00:00;URB;158;20,82;80,00
1021;12/09/2025 05:00:00;M30;419;21,47;81,70
1022;12/09/2025 05:00:00;URB;155;15,44;78,80
1023;12/09/2025 05:00:00;URB;176;26,01;83,70
1024;12/09/2025 05:00:00;URB;180;23,35;80,20
1025;12/09/2025 05:00:00;M30;441;20,04;92,70
1026;12/09/2025 05:00:00;URB;119;15,63;84,90
1027;12/09/2025 05:00:00;M30;478;17,68;90,30
1028;12/09/2025 05:00:00;URB;151;19,90;85,20
1029;12/09/2025 05:00:00;URB;117;13,11;91,00
1030;12/09/2025 05:00:00;URB;130;14,03;88,00
1001;12/09/2025 06:00:00;M30;539;34,05;84,90
1002;12/09/2025 06:00:00;URB;227;28,80;80,60
1003;12/09/2025 06:00:00;M30;511;18,16;86,60
1004;12/09/2025 06:00:00;M30;542;22,80;85,70
1005;12/09/2025 06:00:00;M30;629;31,75;77,60
1006;12/09/2025 06:00:00;M30;606;28,23;83,90
1008;12/09/2025 06:00:00;URB;208;21,58;81,20
1009;12/09/2025 06:00:00;M30;585;22,71;81,40
1010;12/09/2025 06:00:00;URB;220;28,41;82,20
1011;12/09/2025 06:00:00;URB;222;22,32;80,70
1012;12/09/2025 06:00:00;M30;591;33,10;82,20
1013;12/09/2025 06:00:00;URB;214;33,14;72,90
1014;12/09/2025 06:00:00;URB;251;27,17;76,30
1015;12/09/2025 06:00:00;M30;645;18,83;90,40
1016;12/09/2025 06:00:00;URB;200;32,39;72,10
1017;12/09/2025 06:00:00;URB;206;30,51;76,30
1018;12/09/2025 06:00:00;URB;177;22,00;79,50
1019;12/09/2025 06:00:00;M30;576;29,44;73,50
1020;12/09/2025 06:00:00;URB;222;22,52;82,00
1021;12/09/2025 06:00:00;M30;614;34,64;78,10
1022;12/09/2025 06:00:00;URB;209;28,45;80,20
1023;12/09/2025 06:00:00;URB;214;31,34;81,20
1024;12/09/2025 06:00:00;URB;192;30,99;75,80
1025;12/09/2025 06:00:00;M30;621;36,43;70,40
1026;12/09/2025 06:00:00;URB;266;24,65;-1,00
1027;12/09/2025 06:00:00;M30;654;18,29;90,30
1028;12/09/2025 06:00:00;URB;217;26,25;74,10
1029;12/09/2025 06:00:00;URB;213;30,45;76,00
1030;12/09/2025 06:00:00;URB;192;24,33;82,90
1001;12/09/2025 07:00:00;M30;775;41,80;74,00
1002;12/09/2025 07:00:00;URB;249;33,25;81,70
1003;12/09/2025 07:00:00;M30;769;25,75;77,00
1004;12/09/2025 07:00:00;M30;762;42,48;73,00
1005;12/09/2025 07:00:00;M30;710;30,14;72,60
1006;12/09/2025 07:00:00;M30;798;36,11;74,70
1008;12/09/2025 07:00:00;URB;296;41,20;76,70
1009;12/09/2025 07:00:00;M30;785;32,27;72,40
1010;12/09/2025 07:00:00;URB;224;40,12;78,80
1011;12/09/2025 07:00:00;URB;245;26,28;81,10
1012;12/09/2025 07:00:00;M30;787;42,71;63,00
1013;12/09/2025 07:00:00;URB;274;38,22;70,90
1014;12/09/2025 07:00:00;URB;335;46,09;58,50
1015;12/09/2025 07:00:00;M30;809;33,79;81,20
1016;12/09/2025 07:00:00;URB;226;29,01;78,00
1017;12/09/2025 07:00:00;URB;300;33,32;66,30
1018;12/09/2025 07:00:00;URB;283;40,05;73,20
1019;12/09/2025 07:00:00;M30;633;24,22;78,40
1020;12/09/2025 07:00:00;URB;232;36,65;75,50
1021;12/09/2025 07:00:00;M30;675;35,86;77,70
1022;12/09/2025 07:00:00;URB;281;36,94;78,60
1023;12/09/2025 07:00:00;URB;308;33,32;65,50
1024;12/09/2025 07:00:00;URB;334;45,76;69,60
1025;12/09/2025 07:00:00;M30;777;43,35;69,80
1026;12/09/2025 07:00:00;URB;254;27,66;77,90
1027;12/09/2025 07:00:00;M30;788;38,23;73,00
1028;12/09/2025 07:00:00;URB;290;42,23;69,20
1029;12/09/2025 07:00:00;URB;267;31,87;75,80
1030;12/09/2025 07:00:00;URB;301;31,60;78,60
1001;12/09/2025 08:00:00;M30;945;49,31;62,90
1002;12/09/2025 08:00:00;URB;219;32,27;75,00
1003;12/09/2025 08:00:00;M30;908;47,47;72,60
1004;12/09/2025 08:00:00;M30;886;30,89;76,10
1005;12/09/2025 08:00:00;M30;933;47,75;74,10
1006;12/09/2025 08:00:00;M30;642;33,10;-1,00
1008;12/09/2025 08:00:00;URB;295;35,77;77,70
1009;12/09/2025 08:00:00;M30;727;45,83;77,50
1010;12/09/2025 08:00:00;URB;275;34,87;78,40
1011;12/09/2025 08:00:00;URB;262;41,78;77,30
1012;12/09/2025 08:00:00;M30;864;29,93;84,00
1013;12/09/2025 08:00:00;URB;328;35,21;72,10
1014;12/09/2025 08:00:00;URB;325;44,18;74,60
1015;12/09/2025 08:00:00;M30;947;51,15;69,20
1016;12/09/2025 08:00:00;URB;337;56,50;66,70
1017;12/09/2025 08:00:00;URB;306;41,25;-1,00
1018;12/09/2025 08:00:00;URB;347;53,81;66,90
1019;12/09/2025 08:00:00;M30;968;45,77;67,10
1020;12/09/2025 08:00:00;URB;291;42,93;75,60
1021;12/09/2025 08:00:00;M30;916;36,61;74,10
1022;12/09/2025 08:00:00;URB;302;37,24;73,70
1023;12/09/2025 08:00:00;URB;293;42,59;70,90
1024;12/09/2025 08:00:00;URB;309;46,87;-1,00
1025;12/09/2025 08:00:00;M30;904;41,53;70,50
1026;12/09/2025 08:00:00;URB;397;76,34;49,30
1027;12/09/2025 08:00:00;M30;717;34,27;74,20
1028;12/09/2025 08:00:00;URB;305;47,99;69,00
1029;12/09/2025 08:00:00;URB;322;47,99;68,70
1030;12/09/2025 08:00:00;URB;305;44,21;68,50
1001;12/09/2025 09:00:00;M30;839;36,55;73,10
1002;12/09/2025 09:00:00;URB;268;46,83;70,30
1003;12/09/2025 09:00:00;M30;813;43,50;69,70
1004;12/09/2025 09:00:00;M30;820;37,42;75,00
1005;12/09/2025 09:00:00;M30;723;39,88;75,10
1006;12/09/2025 09:00:00;M30;671;34,51;-1,00
1008;12/09/2025 09:00:00;URB;298;31,69;79,50
1009;12/09/2025 09:00:00;M30;985;52,01;67,40
1010;12/09/2025 09:00:00;URB;331;48,04;70,40
1011;12/09/2025 09:00:00;URB;350;52,23;71,40
1012;12/09/2025 09:00:00;M30;889;39,42;77,50
1013;12/09/2025 09:00:00;URB;345;42,83;73,40
1014;12/09/2025 09:00:00;URB;314;48,24;72,70
1015;12/09/2025 09:00:00;M30;937;42,75;67,80
1016;12/09/2025 09:00:00;URB;273;38,63;78,20
1017;12/09/2025 09:00:00;URB;328;38,29;-1,00
1018;12/09/2025 09:00:00;URB;339;35,93;72,70
1019;12/09/2025 09:00:00;M30;935;38,36;71,90
1020;12/09/2025 09:00:00;URB;325;42,78;-1,00
1021;12/09/2025 09:00:00;M30;997;52,46;-1,00
1022;12/09/2025 09:00:00;URB;364;41,16;73,30
1023;12/09/2025 09:00:00;URB;279;38,56;73,20
1024;12/09/2025 09:00:00;URB;299;37,79;72,10
1025;12/09/2025 09:00:00;M30;918;45,39;70,80
1026;12/09/2025 09:00:00;URB;359;36,08;73,20
1027;12/09/2025 09:00:00;M30;991;61,88;51,60
1028;12/09/2025 09:00:00;URB;290;40,72;-1,00
1029;12/09/2025 09:00:00;URB;303;31,97;75,30
1030;12/09/2025 09:00:00;URB;289;31,13;75,70
1001;12/09/2025 10:00:00;M30;640;30,40;74,40
1002;12/09/2025 10:00:00;URB;318;39,81;69,00
1003;12/09/2025 10:00:00;M30;855;30,64;76,80
1004;12/09/2025 10:00:00;M30;690;34,82;79,20
1005;12/09/2025 10:00:00;M30;777;29,60;72,70
1006;12/09/2025 10:00:00;M30;799;39,23;76,60
1008;12/09/2025 10:00:00;URB;305;31,44;87,90
1009;12/09/2025 10:00:00;M30;756;38,77;69,70
1010;12/09/2025 10:00:00;URB;289;26,09;73,50
1011;12/09/2025 10:00:00;URB;280;47,89;71,60
1012;12/09/2025 10:00:00;M30;718;36,78;76,40
1013;12/09/2025 10:00:00;URB;307;37,01;-1,00
1014;12/09/2025 10:00:00;URB;228;23,85;79,40
1015;12/09/2025 10:00:00;M30;806;30,06;76,20
1016;12/09/2025 10:00:00;URB;308;35,54;76,80
1017;12/09/2025 10:00:00;URB;228;33,97;88,60
1018;12/09/2025 10:00:00;URB;268;33,37;77,60
1019;12/09/2025 10:00:00;M30;775;41,01;73,30
1020;12/09/2025 10:00:00;URB;277;37,23;78,70
1021;12/09/2025 10:00:00;M30;812;44,80;67,80
1022;12/09/2025 10:00:00;URB;306;37,29;77,60
1023;12/09/2025 10:00:00;URB;232;28,70;75,80
1024;12/09/2025 10:00:00;URB;281;38,19;70,50
1025;12/09/2025 10:00:00;M30;869;42,08;-1,00
1026;12/09/2025 10:00:00;URB;289;41,87;69,60
1027;12/09/2025 10:00:00;M30;773;39,66;70,70
1028;12/09/2025 10:00:00;URB;321;48,71;68,40
1029;12/09/2025 10:00:00;URB;240;38,19;66,90
1030;12/09/2025 10:00:00;URB;262;40,05;66,70
1001;12/09/2025 11:00:00;M30;659;29,89;83,20
1002;12/09/2025 11:00:00;URB;177;24,39;-1,00
1003;12/09/2025 11:00:00;M30;619;36,43;73,10
1004;12/09/2025 11:00:00;M30;582;29,63;79,90
1005;12/09/2025 11:00:00;M30;542;33,02;77,10
1006;12/09/2025 11:00:00;M30;605;25,26;87,30
1008;12/09/2025 11:00:00;URB;200;22,66;84,90
1009;12/09/2025 11:00:00;M30;580;26,27;80,10
1010;12/09/2025 11:00:00;URB;182;21,64;86,90
1011;12/09/2025 11:00:00;URB;198;26,32;82,60
1012;12/09/2025 11:00:00;M30;614;28,15;74,60
1013;12/09/2025 11:00:00;URB;209;35,12;78,00
1014;12/09/2025 11:00:00;URB;193;16,62;88,80
1015;12/09/2025 11:00:00;M30;696;38,31;78,00
1016;12/09/2025 11:00:00;URB;202;21,20;80,10
1017;12/09/2025 11:00:00;URB;188;25,36;82,70
1018;12/09/2025 11:00:00;URB;219;32,41;76,60
1019;12/09/2025 11:00:00;M30;506;25,15;80,80
1020;12/09/2025 11:00:00;URB;181;22,29;79,10
1021;12/09/2025 11:00:00;M30;781;51,75;70,20
1022;12/09/2025 11:00:00;URB;199;30,33;77,10
1023;12/09/2025 11:00:00;URB;221;32,98;72,20
1024;12/09/2025 11:00:00;URB;192;28,70;88,60
1025;12/09/2025 11:00:00;M30;526;29,29;78,90
1026;12/09/2025 11:00:00;URB;177;23,26;83,00
1027;12/09/2025 11:00:00;M30;726;29,54;80,90
1028;12/09/2025 11:00:00;URB;208;27,14;77,10
1029;12/09/2025 11:00:00;URB;182;12,35;97,40
1030;12/09/2025 11:00:00;URB;206;27,11;80,00
1001;12/09/2025 12:00:00;M30;424;24,01;83,30
1002;12/09/2025 12:00:00;URB;152;13,11;84,30
1003;12/09/2025 12:00:00;M30;404;14,49;85,10
1004;12/09/2025 12:00:00;M30;489;25,64;83,00
1005;12/09/2025 12:00:00;M30;410;18,04;-1,00
1006;12/09/2025 12:00:00;M30;481;21,47;79,40
1008;12/09/2025 12:00:00;URB;144;16,82;85,20
1009;12/09/2025 12:00:00;M30;343;19,53;85,30
1010;12/09/2025 12:00:00;URB;148;20,78;90,50
1011;12/09/2025 12:00:00;URB;165;19,12;84,60
1012;12/09/2025 12:00:00;M30;532;27,29;77,20
1013;12/09/2025 12:00:00;URB;144;15,59;88,20
1014;12/09/2025 12:00:00;URB;129;15,21;87,50
1015;12/09/2025 12:00:00;M30;468;23,03;79,40
1016;12/09/2025 12:00:00;URB;180;21,33;84,50
1017;12/09/2025 12:00:00;URB;147;16,81;-1,00
1018;12/09/2025 12:00:00;URB;162;25,44;81,10
1019;12/09/2025 12:00:00;M30;517;20,09;87,00
1020;12/09/2025 12:00:00;URB;158;18,30;77,20
1021;12/09/2025 12:00:00;M30;451;18,95;75,90
1022;12/09/2025 12:00:00;URB;152;15,49;-1,00
1023;12/09/2025 12:00:00;URB;184;30,11;78,90
1024;12/09/2025 12:00:00;URB;157;18,48;81,90
1025;12/09/2025 12:00:00;M30;530;19,15;82,20
1026;12/09/2025 12:00:00;URB;169;25,45;83,50
1027;12/09/2025 12:00:00;M30;489;21,15;83,80
1028;12/09/2025 12:00:00;URB;163;27,14;76,00
1029;12/09/2025 12:00:00;URB;174;22,33;93,20
1030;12/09/2025 12:00:00;URB;156;23,43;82,10
1001;12/09/2025 13:00:00;M30;423;24,59;84,70
1002;12/09/2025 13:00:00;URB;136;18,37;82,80
1003;12/09/2025 13:00:00;M30;421;18,82;80,40
1004;12/09/2025 13:00:00;M30;395;19,20;85,20
1005;12/09/2025 13:00:00;M30;374;18,30;85,50
1006;12/09/2025 13:00:00;M30;377;13,24;91,20
1008;12/09/2025 13:00:00;URB;160;23,58;77,00
1009;12/09/2025 13:00:00;M30;395;18,94;88,70
1010;12/09/2025 13:00:00;URB;116;19,00;86,40
1011;12/09/2025 13:00:00;URB;128;21,31;86,00
1012;12/09/2025 13:00:00;M30;332;17,60;90,80
1013;12/09/2025 13:00:00;URB;149;18,57;-1,00
1014;12/09/2025 13:00:00;URB;140;18,94;-1,00
1015;12/09/2025 13:00:00;M30;350;15,58;85,20
1016;12/09/2025 13:00:00;URB;143;18,03;87,00
1017;12/09/2025 13:00:00;URB;109;18,58;90,40
1018;12/09/2025 13:00:00;URB;112;11,60;84,70
1019;12/09/2025 13:00:00;M30;362;19,41;82,60
1020;12/09/2025 13:00:00;URB;120;13,99;86,20
1021;12/09/2025 13:00:00;M30;419;19,23;80,90
1022;12/09/2025 13:00:00;URB;116;10,25;86,40
1023;12/09/2025 13:00:00;URB;147;16,20;81,80
1024;12/09/2025 13:00:00;URB;144;18,23;91,40
1025;12/09/2025 13:00:00;M30;428;16,54;85,70
1026;12/09/2025 13:00:00;URB;142;15,95;96,20
1027;12/09/2025 13:00:00;M30;382;19,19;91,90
1028;12/09/2025 13:00:00;URB;134;21,38;86,80
1029;12/09/2025 13:00:00;URB;136;12,93;83,70
1030;12/09/2025 13:00:00;URB;145;21,35;82,00
1001;12/09/2025 14:00:00;M30;407;21,52;89,40
1002;12/09/2025 14:00:00;URB;145;19,58;81,80
1003;12/09/2025 14:00:00;M30;374;15,49;-1,00
1004;12/09/2025 14:00:00;M30;411;21,98;86,20
1005;12/09/2025 14:00:00;M30;444;19,51;88,50
1006;12/09/2025 14:00:00;M30;414;14,20;87,20
1008;12/09/2025 14:00:00;URB;152;26,37;86,80
1009;12/09/2025 14:00:00;M30;336;15,68;92,60
1010;12/09/2025 14:00:00;URB;138;21,67;-1,00
1011;12/09/2025 14:00:00;URB;128;20,51;89,80
1012;12/09/2025 14:00:00;M30;395;21,56;85,40
1013;12/09/2025 14:00:00;URB;132;17,70;88,20
1014;12/09/2025 14:00:00;URB;134;19,16;90,00
1015;12/09/2025 14:00:00;M30;478;25,10;76,20
1016;12/09/2025 14:00:00;URB;146;24,00;83,20
1017;12/09/2025 14:00:00;URB;154;18,40;83,20
1018;12/09/2025 14:00:00;URB;125;15,28;87,70
1019;12/09/2025 14:00:00;M30;332;11,98;90,80
1020;12/09/2025 14:00:00;URB;105;17,73;90,30
1021;12/09/2025 14:00:00;M30;348;12,49;86,40
1022;12/09/2025 14:00:00;URB;145;21,73;82,20
1023;12/09/2025 14:00:00;URB;114;16,28;89,80
1024;12/09/2025 14:00:00;URB;154;21,59;83,30
1025;12/09/2025 14:00:00;M30;453;14,80;87,60
1026;12/09/2025 14:00:00;URB;158;16,18;88,90
1027;12/09/2025 14:00:00;M30;417;15,94;93,40
1028;12/09/2025 14:00:00;URB;134;18,17;77,50
1029;12/09/2025 14:00:00;URB;115;16,02;78,80
1030;12/09/2025 14:00:00;URB;138;15,69;91,80
1001;12/09/2025 15:00:00;M30;626;24,04;83,20
1002;12/09/2025 15:00:00;URB;163;22,77;80,00
1003;12/09/2025 15:00:00;M30;424;22,65;79,10
1004;12/09/2025 15:00:00;M30;383;17,86;80,20
1005;12/09/2025 15:00:00;M30;512;21,93;82,90
1006;12/09/2025 15:00:00;M30;478;31,44;75,60
1008;12/09/2025 15:00:00;URB;202;27,43;80,60
1009;12/09/2025 15:00:00;M30;437;23,03;76,60
1010;12/09/2025 15:00:00;URB;160;29,56;-1,00
1011;12/09/2025 15:00:00;URB;154;17,19;79,50
1012;12/09/2025 15:00:00;M30;415;19,46;83,50
1013;12/09/2025 15:00:00;URB;163;12,95;77,90
1014;12/09/2025 15:00:00;URB;194;27,47;-1,00
1015;12/09/2025 15:00:00;M30;401;19,29;80,10
1016;12/09/2025 15:00:00;URB;178;25,54;79,60
1017;12/09/2025 15:00:00;URB;181;26,55;76,60
1018;12/09/2025 15:00:00;URB;150;20,32;-1,00
1019;12/09/2025 15:00:00;M30;441;18,06;83,00
1020;12/09/2025 15:00:00;URB;167;15,41;84,00
1021;12/09/2025 15:00:00;M30;469;22,71;80,00
1022;12/09/2025 15:00:00;URB;139;18,93;79,50
1023;12/09/2025 15:00:00;URB;138;17,17;83,80
1024;12/09/2025 15:00:00;URB;179;19,91;81,50
1025;12/09/2025 15:00:00;M30;444;22,27;76,80
1026;12/09/2025 15:00:00;URB;170;11,99;89,50
1027;12/09/2025 15:00:00;M30;523;16,73;85,10
1028;12/09/2025 15:00:00;URB;155;25,03;88,10
1029;12/09/2025 15:00:00;URB;157;14,34;-1,00
1030;12/09/2025 15:00:00;URB;172;22,95;86,80
1001;12/09/2025 16:00:00;M30;663;28,19;78,30
1002;12/09/2025 16:00:00;URB;214;28,70;77,80
1003;12/09/2025 16:00:00;M30;586;32,66;80,60
1004;12/09/2025 16:00:00;M30;544;20,04;78,50
1005;12/09/2025 16:00:00;M30;595;27,23;82,20
1006;12/09/2025 16:00:00;M30;614;25,87;76,60
1008;12/09/2025 16:00:00;URB;195;30,06;-1,00
1009;12/09/2025 16:00:00;M30;530;25,72;84,40
1010;12/09/2025 16:00:00;URB;217;32,64;78,40
1011;12/09/2025 16:00:00;URB;219;26,22;81,90
1012;12/09/2025 16:00:00;M30;619;18,43;84,00
1013;12/09/2025 16:00:00;URB;209;23,54;-1,00
1014;12/09/2025 16:00:00;URB;213;28,79;-1,00
1015;12/09/2025 16:00:00;M30;559;22,92;82,50
1016;12/09/2025 16:00:00;URB;221;35,74;71,90
1017;12/09/2025 16:00:00;URB;179;20,44;81,50
1018;12/09/2025 16:00:00;URB;241;34,94;80,60
1019;12/09/2025 16:00:00;M30;742;24,35;87,40
1020;12/09/2025 16:00:00;URB;270;33,58;-1,00
1021;12/09/2025 16:00:00;M30;583;22,99;87,50
1022;12/09/2025 16:00:00;URB;228;25,02;79,50
1023;12/09/2025 16:00:00;URB;183;27,82;82,40
1024;12/09/2025 16:00:00;URB;245;29,97;81,40
1025;12/09/2025 16:00:00;M30;564;23,79;78,40
1026;12/09/2025 16:00:00;URB;226;22,59;82,50
1027;12/09/2025 16:00:00;M30;609;25,74;79,00
1028;12/09/2025 16:00:00;URB;199;29,90;81,80
1029;12/09/2025 16:00:00;URB;212;33,40;76,60
1030;12/09/2025 16:00:00;URB;217;24,97;78,40
1001;12/09/2025 17:00:00;M30;680;38,94;82,80
1002;12/09/2025 17:00:00;URB;310;30,11;79,30
1003;12/09/2025 17:00:00;M30;606;25,71;90,30
1004;12/09/2025 17:00:00;M30;809;35,50;73,80
1005;12/09/2025 17:00:00;M30;924;39,88;-1,00
1006;12/09/2025 17:00:00;M30;699;39,50;74,70
1008;12/09/2025 17:00:00;URB;298;28,71;76,30
1009;12/09/2025 17:00:00;M30;887;34,19;79,00
1010;12/09/2025 17:00:00;URB;307;46,23;71,00
1011;12/09/2025 17:00:00;URB;305;42,34;76,10
1012;12/09/2025 17:00:00;M30;861;38,15;71,50
1013;12/09/2025 17:00:00;URB;297;26,04;83,20
1014;12/09/2025 17:00:00;URB;319;56,12;62,40
1015;12/09/2025 17:00:00;M30;678;32,39;79,80
1016;12/09/2025 17:00:00;URB;324;32,81;75,10
1017;12/09/2025 17:00:00;URB;270;35,17;72,70
1018;12/09/2025 17:00:00;URB;303;41,05;69,50
1019;12/09/2025 17:00:00;M30;651;32,26;71,50
1020;12/09/2025 17:00:00;URB;293;38,30;67,20
1021;12/09/2025 17:00:00;M30;963;54,31;63,60
1022;12/09/2025 17:00:00;URB;280;29,48;-1,00
1023;12/09/2025 17:00:00;URB;347;41,58;-1,00
1024;12/09/2025 17:00:00;URB;391;38,08;77,80
1025;12/09/2025 17:00:00;M30;788;33,22;76,30
1026;12/09/2025 17:00:00;URB;280;30,50;80,10
1027;12/09/2025 17:00:00;M30;730;25,37;78,20
1028;12/09/2025 17:00:00;URB;298;44,39;66,40
1029;12/09/2025 17:00:00;URB;277;34,14;82,30
1030;12/09/2025 17:00:00;URB;286;33,75;74,30
1001;12/09/2025 18:00:00;M30;1.074;55,10;64,60
1002;12/09/2025 18:00:00;URB;324;41,71;72,60
1003;12/09/2025 18:00:00;M30;1.027;35,88;67,90
1004;12/09/2025 18:00:00;M30;1.014;33,89;75,20
1005;12/09/2025 18:00:00;M30;1.012;53,10;76,10
1006;12/09/2025 18:00:00;M30;907;38,63;79,00
1008;12/09/2025 18:00:00;URB;325;33,59;77,80
1009;12/09/2025 18:00:00;M30;1.021;56,75;-1,00
1010;12/09/2025 18:00:00;URB;355;42,27;66,90
1011;12/09/2025 18:00:00;URB;408;48,46;65,00
1012;12/09/2025 18:00:00;M30;1.044;57,32;60,20
1013;12/09/2025 18:00:00;URB;404;39,63;79,70
1014;12/09/2025 18:00:00;URB;316;45,05;77,70
1015;12/09/2025 18:00:00;M30;849;43,52;71,00
1016;12/09/2025 18:00:00;URB;342;33,14;78,90
1017;12/09/2025 18:00:00;URB;378;56,19;64,90
1018;12/09/2025 18:00:00;URB;328;41,92;73,60
1019;12/09/2025 18:00:00;M30;912;49,21;69,70
1020;12/09/2025 18:00:00;URB;346;43,38;-1,00
1021;12/09/2025 18:00:00;M30;950;39,07;74,20
1022;12/09/2025 18:00:00;URB;336;36,02;78,70
1023;12/09/2025 18:00:00;URB;385;54,38;62,50
1024;12/09/2025 18:00:00;URB;373;48,93;65,40
1025;12/09/2025 18:00:00;M30;959;43,87;68,40
1026;12/09/2025 18:00:00;URB;346;52,64;54,80
1027;12/09/2025 18:00:00;M30;997;44,85;72,60
1028;12/09/2025 18:00:00;URB;318;42,71;75,90
1029;12/09/2025 18:00:00;URB;341;52,11;66,40
1030;12/09/2025 18:00:00;URB;311;31,95;76,20
1001;12/09/2025 19:00:00;M30;951;47,42;76,50
1002;12/09/2025 19:00:00;URB;448;70,47;52,70
1003;12/09/2025 19:00:00;M30;1.036;39,83;71,00
1004;12/09/2025 19:00:00;M30;1.024;66,28;56,50
1005;12/09/2025 19:00:00;M30;1.000;57,76;53,30
1006;12/09/2025 19:00:00;M30;949;31,95;82,60
1008;12/09/2025 19:00:00;URB;361;53,97;73,80
1009;12/09/2025 19:00:00;M30;890;42,05;73,90
1010;12/09/2025 19:00:00;URB;403;62,19;64,90
1011;12/09/2025 19:00:00;URB;358;46,73;67,40
1012;12/09/2025 19:00:00;M30;1.056;56,56;64,30
1013;12/09/2025 19:00:00;URB;381;53,12;62,20
1014;12/09/2025 19:00:00;URB;385;56,63;64,20
1015;12/09/2025 19:00:00;M30;1.043;37,11;77,00
1016;12/09/2025 19:00:00;URB;279;47,96;67,30
1017;12/09/2025 19:00:00;URB;361;45,48;65,70
1018;12/09/2025 19:00:00;URB;396;48,88;59,90
1019;12/09/2025 19:00:00;M30;1.014;49,10;70,10
1020;12/09/2025 19:00:00;URB;376;63,59;58,00
1021;12/09/2025 19:00:00;M30;854;42,18;71,10
1022;12/09/2025 19:00:00;URB;353;37,00;68,80
1023;12/09/2025 19:00:00;URB;353;31,77;82,70
1024;12/09/2025 19:00:00;URB;359;23,76;78,80
1025;12/09/2025 19:00:00;M30;841;43,39;71,10
1026;12/09/2025 19:00:00;URB;331;37,04;75,70
1027;12/09/2025 19:00:00;M30;1.063;42,86;75,80
1028;12/09/2025 19:00:00;URB;356;62,32;63,90
1029;12/09/2025 19:00:00;URB;414;65,43;-1,00
1030;12/09/2025 19:00:00;URB;293;53,06;69,20
1001;12/09/2025 20:00:00;M30;1.011;46,89;69,30
1002;12/09/2025 20:00:00;URB;310;45,67;62,60
1003;12/09/2025 20:00:00;M30;890;24,35;89,90
1004;12/09/2025 20:00:00;M30;1.161;69,16;53,90
1005;12/09/2025 20:00:00;M30;952;47,45;72,50
1006;12/09/2025 20:00:00;M30;834;33,08;70,80
1008;12/09/2025 20:00:00;URB;373;57,95;68,20
1009;12/09/2025 20:00:00;M30;1.039;58,84;55,80
1010;12/09/2025 20:00:00;URB;329;41,46;72,20
1011;12/09/2025 20:00:00;URB;388;45,07;-1,00
1012;12/09/2025 20:00:00;M30;946;45,29;72,40
1013;12/09/2025 20:00:00;URB;369;51,82;69,50
1014;12/09/2025 20:00:00;URB;336;45,89;69,50
1015;12/09/2025 20:00:00;M30;903;29,86;84,60
1016;12/09/2025 20:00:00;URB;357;47,70;-1,00
1017;12/09/2025 20:00:00;URB;410;40,62;71,90
1018;12/09/2025 20:00:00;URB;316;37,81;-1,00
1019;12/09/2025 20:00:00;M30;958;40,12;71,00
1020;12/09/2025 20:00:00;URB;318;29,38;74,50
1021;12/09/2025 20:00:00;M30;952;50,38;69,10
1022;12/09/2025 20:00:00;URB;351;49,28;73,60
1023;12/09/2025 20:00:00;URB;289;37,35;68,90
1024;12/09/2025 20:00:00;URB;322;47,90;69,80
1025;12/09/2025 20:00:00;M30;821;33,18;77,50
1026;12/09/2025 20:00:00;URB;362;56,38;60,00
1027;12/09/2025 20:00:00;M30;846;35,04;73,40
1028;12/09/2025 20:00:00;URB;441;54,61;63,50
1029;12/09/2025 20:00:00;URB;355;39,10;71,20
1030;12/09/2025 20:00:00;URB;309;41,43;-1,00
1001;12/09/2025 21:00:00;M30;942;31,26;84,50
1002;12/09/2025 21:00:00;URB;256;35,14;78,30
1003;12/09/2025 21:00:00;M30;817;45,33;73,20
1004;12/09/2025 21:00:00;M30;766;36,69;72,40
1005;12/09/2025 21:00:00;M30;692;37,51;78,10
1006;12/09/2025 21:00:00;M30;629;26,86;84,20
1008;12/09/2025 21:00:00;URB;247;36,98;77,60
1009;12/09/2025 21:00:00;M30;729;42,40;68,80
1010;12/09/2025 21:00:00;URB;272;39,94;69,50
1011;12/09/2025 21:00:00;URB;252;29,77;84,30
1012;12/09/2025 21:00:00;M30;812;37,78;74,90
1013;12/09/2025 21:00:00;URB;311;40,49;74,50
1014;12/09/2025 21:00:00;URB;276;44,64;66,30
1015;12/09/2025 21:00:00;M30;768;34,98;73,20
1016;12/09/2025 21:00:00;URB;307;50,94;-1,00
1017;12/09/2025 21:00:00;URB;290;46,23;72,40
1018;12/09/2025 21:00:00;URB;308;47,15;73,30
1019;12/09/2025 21:00:00;M30;950;45,11;70,20
1020;12/09/2025 21:00:00;URB;287;39,32;78,10
1021;12/09/2025 21:00:00;M30;783;51,77;66,20
1022;12/09/2025 21:00:00;URB;291;37,66;69,50
1023;12/09/2025 21:00:00;URB;291;30,83;79,50
1024;12/09/2025 21:00:00;URB;256;37,21;68,50
1025;12/09/2025 21:00:00;M30;773;36,17;75,60
1026;12/09/2025 21:00:00;URB;317;40,00;65,70
1027;12/09/2025 21:00:00;M30;827;35,08;77,50
1028;12/09/2025 21:00:00;URB;254;36,26;72,80
1029;12/09/2025 21:00:00;URB;364;53,84;61,50
1030;12/09/2025 21:00:00;URB;276;34,09;85,80
1001;12/09/2025 22:00:00;M30;586;16,81;92,30
1002;12/09/2025 22:00:00;URB;227;26,12;76,60
1003;12/09/2025 22:00:00;M30;720;29,85;76,30
1004;12/09/2025 22:00:00;M30;574;29,49;79,50
1005;12/09/2025 22:00:00;M30;606;19,74;78,50
1006;12/09/2025 22:00:00;M30;592;24,50;80,80
1008;12/09/2025 22:00:00;URB;196;27,65;87,60
1009;12/09/2025 22:00:00;M30;572;25,58;82,70
1010;12/09/2025 22:00:00;URB;227;27,74;79,00
1011;12/09/2025 22:00:00;URB;195;22,30;85,40
1012;12/09/2025 22:00:00;M30;588;23,84;90,10
1013;12/09/2025 22:00:00;URB;205;25,92;78,40
1014;12/09/2025 22:00:00;URB;198;23,33;82,10
1015;12/09/2025 22:00:00;M30;560;24,84;81,10
1016;12/09/2025 22:00:00;URB;231;34,56;83,30
1017;12/09/2025 22:00:00;URB;230;25,48;80,40
1018;12/09/2025 22:00:00;URB;192;17,17;94,50
1019;12/09/2025 22:00:00;M30;586;32,74;79,30
1020;12/09/2025 22:00:00;URB;229;23,12;81,40
1021;12/09/2025 22:00:00;M30;616;30,23;83,10
1022;12/09/2025 22:00:00;URB;204;30,68;78,80
1023;12/09/2025 22:00:00;URB;220;35,09;71,00
1024;12/09/2025 22:00:00;URB;214;30,23;86,90
1025;12/09/2025 22:00:00;M30;664;32,45;-1,00
1026;12/09/2025 22:00:00;URB;192;17,78;77,70
1027;12/09/2025 22:00:00;M30;583;20,04;79,70
1028;12/09/2025 22:00:00;URB;144;20,99;81,90
1029;12/09/2025 22:00:00;URB;224;34,31;68,40
1030;12/09/2025 22:00:00;URB;215;32,54;82,10
1001;12/09/2025 23:00:00;M30;437;23,75;81,20
1002;12/09/2025 23:00:00;URB;179;19,50;-1,00
1003;12/09/2025 23:00:00;M30;487;20,67;90,50
1004;12/09/2025 23:00:00;M30;471;20,47;-1,00
1005;12/09/2025 23:00:00;M30;443;18,81;82,50
1006;12/09/2025 23:00:00;M30;445;20,69;82,50
1008;12/09/2025 23:00:00;URB;185;28,56;79,70
1009;12/09/2025 23:00:00;M30;458;20,05;86,40
1010;12/09/2025 23:00:00;URB;168;20,18;-1,00
1011;12/09/2025 23:00:00;URB;184;14,83;-1,00
1012;12/09/2025 23:00:00;M30;465;23,36;-1,00
1013;12/09/2025 23:00:00;URB;143;18,01;90,20
1014;12/09/2025 23:00:00;URB;148;24,33;-1,00
1015;12/09/2025 23:00:00;M30;428;11,47;-1,00
1016;12/09/2025 23:00:00;URB;158;19,75;82,40
1017;12/09/2025 23:00:00;URB;182;25,37;79,20
1018;12/09/2025 23:00:00;URB;150;18,05;83,10
1019;12/09/2025 23:00:00;M30;460;19,86;77,30
1020;12/09/2025 23:00:00;URB;163;21,44;80,10
1021;12/09/2025 23:00:00;M30;383;15,87;80,00
1022;12/09/2025 23:00:00;URB;165;21,89;85,30
1023;12/09/2025 23:00:00;URB;174;16,06;84,80
1024;12/09/2025 23:00:00;URB;183;25,12;77,80
1025;12/09/2025 23:00:00;M30;501;25,82;73,90
1026;12/09/2025 23:00:00;URB;164;26,09;82,00
1027;12/09/2025 23:00:00;M30;402;17,52;86,80
1028;12/09/2025 23:00:00;URB;187;26,67;-1,00
1029;12/09/2025 23:00:00;URB;177;17,21;-1,00
1030;12/09/2025 23:00:00;URB;164;17,92;79,00
1001;13/09/2025 00:00:00;M30;212;7,09;88,70
1002;13/09/2025 00:00:00;URB;68;10,06;93,30
1003;13/09/2025 00:00:00;M30;198;10,68;-1,00
1004;13/09/2025 00:00:00;M30;222;7,59;93,10
1005;13/09/2025 00:00:00;M30;194;9,75;91,80
1006;13/09/2025 00:00:00;M30;180;9,90;88,20
1008;13/09/2025 00:00:00;URB;75;8,88;81,50
1009;13/09/2025 00:00:00;M30;201;7,47;85,50
1010;13/09/2025 00:00:00;URB;70;9,62;91,10
1011;13/09/2025 00:00:00;URB;71;5,67;98,50
1012;13/09/2025 00:00:00;M30;187;7,55;97,10
1013;13/09/2025 00:00:00;URB;60;5,33;94,90
1014;13/09/2025 00:00:00;URB;74;12,05;88,10
1015;13/09/2025 00:00:00;M30;213;7,67;93,40
1016;13/09/2025 00:00:00;URB;68;7,83;85,30
1017;13/09/2025 00:00:00;URB;72;7,97;95,10
1018;13/09/2025 00:00:00;URB;69;13,51;89,80
1019;13/09/2025 00:00:00;M30;186;10,60;91,50
1020;13/09/2025 00:00:00;URB;77;10,54;87,20
1021;13/09/2025 00:00:00;M30;161;6,45;96,70
1022;13/09/2025 00:00:00;URB;71;7,98;95,00
1023;13/09/2025 00:00:00;URB;60;6,88;92,80
1024;13/09/2025 00:00:00;URB;66;7,86;85,60
1025;13/09/2025 00:00:00;M30;171;9,52;98,10
1026;13/09/2025 00:00:00;URB;77;13,96;88,70
1027;13/09/2025 00:00:00;M30;148;6,81;95,00
1028;13/09/2025 00:00:00;URB;69;9,86;89,60
1029;13/09/2025 00:00:00;URB;72;9,47;89,40
1030;13/09/2025 00:00:00;URB;62;7,59;-1,00
1001;13/09/2025 01:00:00;M30;184;9,24;92,20
1002;13/09/2025 01:00:00;URB;80;7,58;86,10
1003;13/09/2025 01:00:00;M30;167;8,39;94,70
1004;13/09/2025 01:00:00;M30;155;6,20;98,80
1005;13/09/2025 01:00:00;M30;191;8,13;90,50
1006;13/09/2025 01:00:00;M30;191;8,79;-1,00
1008;13/09/2025 01:00:00;URB;60;5,99;91,60
1009;13/09/2025 01:00:00;M30;195;8,44;92,80
1010;13/09/2025 01:00:00;URB;78;9,18;90,60
1011;13/09/2025 01:00:00;URB;66;7,32;85,60
1012;13/09/2025 01:00:00;M30;228;11,31;88,40
1013;13/09/2025 01:00:00;URB;65;7,88;89,60
1014;13/09/2025 01:00:00;URB;76;9,82;94,50
1015;13/09/2025 01:00:00;M30;213;8,87;92,00
1016;13/09/2025 01:00:00;URB;71;9,47;96,60
1017;13/09/2025 01:00:00;URB;73;8,03;89,30
1018;13/09/2025 01:00:00;URB;62;9,07;93,50
1019;13/09/2025 01:00:00;M30;217;12,24;93,60
1020;13/09/2025 01:00:00;URB;60;8,42;94,30
1021;13/09/2025 01:00:00;M30;222;10,10;93,40
1022;13/09/2025 01:00:00;URB;61;8,69;91,00
1023;13/09/2025 01:00:00;URB;68;8,18;93,80
1024;13/09/2025 01:00:00;URB;75;5,34;-1,00
1025;13/09/2025 01:00:00;M30;157;5,90;83,30
1026;13/09/2025 01:00:00;URB;59;7,99;97,60
1027;13/09/2025 01:00:00;M30;199;10,85;95,10
1028;13/09/2025 01:00:00;URB;77;9,68;81,60
1029;13/09/2025 01:00:00;URB;58;7,27;92,20
1030;13/09/2025 01:00:00;URB;69;10,12;93,60
1001;13/09/2025 02:00:00;M30;199;7,93;86,70
1002;13/09/2025 02:00:00;URB;69;8,74;-1,00
1003;13/09/2025 02:00:00;M30;156;6,26;88,40
1004;13/09/2025 02:00:00;M30;220;10,39;87,50
1005;13/09/2025 02:00:00;M30;182;6,54;88,80
1006;13/09/2025 02:00:00;M30;187;8,82;88,20
1008;13/09/2025 02:00:00;URB;67;10,64;92,80
1009;13/09/2025 02:00:00;M30;218;9,29;90,20
1010;13/09/2025 02:00:00;URB;72;10,49;88,70
1011;13/09/2025 02:00:00;URB;90;12,67;91,60
1012;13/09/2025 02:00:00;M30;205;10,70;86,00
1013;13/09/2025 02:00:00;URB;70;9,76;91,80
1014;13/09/2025 02:00:00;URB;71;9,69;90,80
1015;13/09/2025 02:00:00;M30;171;7,64;95,00
1016;13/09/2025 02:00:00;URB;80;12,55;84,60
1017;13/09/2025 02:00:00;URB;76;12,68;89,30
1018;13/09/2025 02:00:00;URB;69;11,48;88,50
1019;13/09/2025 02:00:00;M30;197;8,35;84,00
1020;13/09/2025 02:00:00;URB;68;12,12;93,80
1021;13/09/2025 02:00:00;M30;182;8,27;-1,00
1022;13/09/2025 02:00:00;URB;78;9,52;87,80
1023;13/09/2025 02:00:00;URB;67;7,76;89,50
1024;13/09/2025 02:00:00;URB;74;9,47;93,40
1025;13/09/2025 02:00:00;M30;191;6,96;91,00
1026;13/09/2025 02:00:00;URB;80;11,62;90,70
1027;13/09/2025 02:00:00;M30;179;6,31;85,10
1028;13/09/2025 02:00:00;URB;68;10,04;83,40
1029;13/09/2025 02:00:00;URB;69;8,47;90,90
1030;13/09/2025 02:00:00;URB;80;8,58;93,60
1001;13/09/2025 03:00:00;M30;176;4,45;92,70
1002;13/09/2025 03:00:00;URB;65;8,31;88,30
1003;13/09/2025 03:00:00;M30;158;6,80;92,80
1004;13/09/2025 03:00:00;M30;194;10,40;85,40
1005;13/09/2025 03:00:00;M30;197;7,53;91,70
1006;13/09/2025 03:00:00;M30;209;9,94;-1,00
1008;13/09/2025 03:00:00;URB;71;9,42;90,20
1009;13/09/2025 03:00:00;M30;224;13,02;89,80
1010;13/09/2025 03:00:00;URB;75;8,88;95,80
1011;13/09/2025 03:00:00;URB;75;7,35;93,30
1012;13/09/2025 03:00:00;M30;175;9,39;97,00
1013;13/09/2025 03:00:00;URB;57;5,82;88,20
1014;13/09/2025 03:00:00;URB;72;11,30;88,40
1015;13/09/2025 03:00:00;M30;184;7,49;89,20
1016;13/09/2025 03:00:00;URB;88;6,27;92,50
1017;13/09/2025 03:00:00;URB;68;8,69;92,90
1018;13/09/2025 03:00:00;URB;84;12,66;94,00
1019;13/09/2025 03:00:00;M30;191;7,83;97,50
1020;13/09/2025 03:00:00;URB;78;9,14;88,40
1021;13/09/2025 03:00:00;M30;222;9,83;91,50
1022;13/09/2025 03:00:00;URB;85;9,82;-1,00
1023;13/09/2025 03:00:00;URB;72;9,92;88,60
1024;13/09/2025 03:00:00;URB;80;12,21;85,70
1025;13/09/2025 03:00:00;M30;181;7,24;-1,00
1026;13/09/2025 03:00:00;URB;72;8,73;89,70
1027;13/09/2025 03:00:00;M30;207;10,04;89,70
1028;13/09/2025 03:00:00;URB;78;11,97;91,70
1029;13/09/2025 03:00:00;URB;84;8,31;-1,00
1030;13/09/2025 03:00:00;URB;80;14,58;86,80
1001;13/09/2025 04:00:00;M30;287;9,87;-1,00
1002;13/09/2025 04:00:00;URB;71;12,88;85,50
1003;13/09/2025 04:00:00;M30;240;12,05;87,70
1004;13/09/2025 04:00:00;M30;232;11,39;-1,00
1005;13/09/2025 04:00:00;M30;241;12,19;91,00
1006;13/09/2025 04:00:00;M30;220;8,34;84,60
1008;13/09/2025 04:00:00;URB;75;7,95;85,40
1009;13/09/2025 04:00:00;M30;178;9,43;84,50
1010;13/09/2025 04:00:00;URB;81;12,22;88,20
1011;13/09/2025 04:00:00;URB;72;9,65;97,70
1012;13/09/2025 04:00:00;M30;221;7,62;87,90
1013;13/09/2025 04:00:00;URB;72;10,84;83,10
1014;13/09/2025 04:00:00;URB;81;10,75;87,80
1015;13/09/2025 04:00:00;M30;261;13,51;85,40
1016;13/09/2025 04:00:00;URB;84;12,00;89,70
1017;13/09/2025 04:00:00;URB;69;10,70;91,20
1018;13/09/2025 04:00:00;URB;83;8,15;-1,00
1019;13/09/2025 04:00:00;M30;238;11,32;100,60
1020;13/09/2025 04:00:00;URB;66;8,26;95,70
1021;13/09/2025 04:00:00;M30;214;9,75;83,10
1022;13/09/2025 04:00:00;URB;69;8,48;93,90
1023;13/09/2025 04:00:00;URB;80;13,41;85,90
1024;13/09/2025 04:00:00;URB;91;11,71;87,10
1025;13/09/2025 04:00:00;M30;269;13,10;82,80
1026;13/09/2025 04:00:00;URB;78;8,05;87,00
1027;13/09/2025 04:00:00;M30;211;6,03;89,20
1028;13/09/2025 04:00:00;URB;64;6,63;95,00
1029;13/09/2025 04:00:00;URB;88;11,40;83,60
1030;13/09/2025 04:00:00;URB;68;9,36;86,30
1001;13/09/2025 05:00:00;M30;310;14,47;-1,00
1002;13/09/2025 05:00:00;URB;105;7,58;90,20
1003;13/09/2025 05:00:00;M30;299;16,83;81,20
1004;13/09/2025 05:00:00;M30;293;15,54;86,90
1005;13/09/2025 05:00:00;M30;279;10,16;95,60
1006;13/09/2025 05:00:00;M30;248;16,54;78,90
1008;13/09/2025 05:00:00;URB;92;11,38;87,50
1009;13/09/2025 05:00:00;M30;246;12,84;87,90
1010;13/09/2025 05:00:00;URB;91;7,91;92,70
1011;13/09/2025 05:00:00;URB;104;14,98;86,00
1012;13/09/2025 05:00:00;M30;270;9,29;87,10
1013;13/09/2025 05:00:00;URB;103;10,23;91,20
1014;13/09/2025 05:00:00;URB;101;13,23;82,00
1015;13/09/2025 05:00:00;M30;293;13,30;88,00
1016;13/09/2025 05:00:00;URB;95;13,51;89,10
1017;13/09/2025 05:00:00;URB;101;11,88;91,40
1018;13/09/2025 05:00:00;URB;106;11,36;84,70
1019;13/09/2025 05:00:00;M30;235;9,76;90,50
1020;13/09/2025 05:00:00;URB;100;11,98;87,50
1021;13/09/2025 05:00:00;M30;277;16,70;82,50
1022;13/09/2025 05:00:00;URB;101;12,78;87,90
1023;13/09/2025 05:00:00;URB;109;10,22;92,00
1024;13/09/2025 05:00:00;URB;93;9,87;-1,00
1025;13/09/2025 05:00:00;M30;278;12,42;87,60
1026;13/09/2025 05:00:00;URB;104;12,32;74,40
1027;13/09/2025 05:00:00;M30;304;19,06;91,80
1028;13/09/2025 05:00:00;URB;81;13,71;94,80
1029;13/09/2025 05:00:00;URB;90;11,72;87,10
1030;13/09/2025 05:00:00;URB;105;10,01;85,30
1001;13/09/2025 06:00:00;M30;373;11,47;89,90
1002;13/09/2025 06:00:00;URB;121;20,88;91,70
1003;13/09/2025 06:00:00;M30;340;17,55;86,40
1004;13/09/2025 06:00:00;M30;402;24,84;84,60
1005;13/09/2025 06:00:00;M30;367;17,37;81,70
1006;13/09/2025 06:00:00;M30;332;11,31;82,70
1008;13/09/2025 06:00:00;URB;152;20,63;85,20
1009;13/09/2025 06:00:00;M30;321;12,53;89,20
1010;13/09/2025 06:00:00;URB;139;18,08;81,40
1011;13/09/2025 06:00:00;URB;131;15,64;85,00
1012;13/09/2025 06:00:00;M30;304;9,88;90,20
1013;13/09/2025 06:00:00;URB;125;20,00;84,20
1014;13/09/2025 06:00:00;URB;137;19,99;78,60
1015;13/09/2025 06:00:00;M30;279;13,08;89,20
1016;13/09/2025 06:00:00;URB;127;16,88;89,30
1017;13/09/2025 06:00:00;URB;115;16,08;90,90
1018;13/09/2025 06:00:00;URB;126;13,25;87,40
1019;13/09/2025 06:00:00;M30;246;11,70;84,20
1020;13/09/2025 06:00:00;URB;127;10,23;91,50
1021;13/09/2025 06:00:00;M30;445;21,44;86,70
1022;13/09/2025 06:00:00;URB;132;17,89;88,60
1023;13/09/2025 06:00:00;URB;126;19,80;86,30
1024;13/09/2025 06:00:00;URB;116;14,05;86,90
1025;13/09/2025 06:00:00;M30;401;22,17;80,50
1026;13/09/2025 06:00:00;URB;124;18,11;79,70
1027;13/09/2025 06:00:00;M30;420;15,90;-1,00
1028;13/09/2025 06:00:00;URB;127;9,38;87,50
1029;13/09/2025 06:00:00;URB;115;19,69;82,20
1030;13/09/2025 06:00:00;URB;124;16,80;86,80
1001;13/09/2025 07:00:00;M30;439;21,40;85,20
1002;13/09/2025 07:00:00;URB;158;18,70;-1,00
1003;13/09/2025 07:00:00;M30;498;19,32;77,50
1004;13/09/2025 07:00:00;M30;507;24,39;81,30
1005;13/09/2025 07:00:00;M30;450;23,30;-1,00
1006;13/09/2025 07:00:00;M30;485;25,95;-1,00
1008;13/09/2025 07:00:00;URB;152;23,41;79,70
1009;13/09/2025 07:00:00;M30;529;23,38;85,20
1010;13/09/2025 07:00:00;URB;178;28,10;87,80
1011;13/09/2025 07:00:00;URB;171;22,93;80,40
1012;13/09/2025 07:00:00;M30;525;25,75;86,20
1013;13/09/2025 07:00:00;URB;174;19,96;85,90
1014;13/09/2025 07:00:00;URB;167;20,21;86,10
1015;13/09/2025 07:00:00;M30;487;21,63;86,50
1016;13/09/2025 07:00:00;URB;161;14,15;85,80
1017;13/09/2025 07:00:00;URB;155;21,87;87,40
1017;13/09/2025 07:00:00;URB;155;21,87;87,40
1018;13/09/2025 07:00:00;URB;134;13,11;85,90
1019;13/09/2025 07:00:00;M30;463;27,24;81,40
1020;13/09/2025 07:00:00;URB;157;24,82;76,60
1021;13/09/2025 07:00:00;M30;571;32,60;76,50
1022;13/09/2025 07:00:00;URB;176;25,40;90,80
1023;13/09/2025 07:00:00;URB;151;25,01;86,20
1024;13/09/2025 07:00:00;URB;147;18,42;86,10
1025;13/09/2025 07:00:00;M30;515;21,25;81,80
1026;13/09/2025 07:00:00;URB;138;20,57;-1,00
1027;13/09/2025 07:00:00;M30;498;27,20;78,80
1028;13/09/2025 07:00:00;URB;159;13,91;86,60
1029;13/09/2025 07:00:00;URB;200;36,44;76,60
1030;13/09/2025 07:00:00;URB;164;28,29;73,10
1001;13/09/2025 08:00:00;M30;601;29,81;72,50
1002;13/09/2025 08:00:00;URB;225;29,83;83,90
1003;13/09/2025 08:00:00;M30;601;32,64;67,00
1004;13/09/2025 08:00:00;M30;522;32,13;79,90
1005;13/09/2025 08:00:00;M30;555;29,85;89,70
1006;13/09/2025 08:00:00;M30;544;18,42;80,50
1008;13/09/2025 08:00:00;URB;200;23,14;84,30
1009;13/09/2025 08:00:00;M30;585;22,05;81,40
1010;13/09/2025 08:00:00;URB;200;17,35;83,20
1011;13/09/2025 08:00:00;URB;183;28,31;78,00
1012;13/09/2025 08:00:00;M30;709;37,90;74,30
1013;13/09/2025 08:00:00;URB;194;28,01;79,10
1013;13/09/2025 08:00:00;URB;194;28,01;79,10
1014;13/09/2025 08:00:00;URB;178;19,72;91,60
1015;13/09/2025 08:00:00;M30;598;33,45;85,60
1016;13/09/2025 08:00:00;URB;201;26,36;76,40
1017;13/09/2025 08:00:00;URB;207;21,29;80,90
1018;13/09/2025 08:00:00;URB;172;28,68;82,10
1019;13/09/2025 08:00:00;M30;475;12,15;-1,00
1020;13/09/2025 08:00:00;URB;182;22,30;-1,00
1021;13/09/2025 08:00:00;M30;495;27,51;79,10
1022;13/09/2025 08:00:00;URB;196;27,30;-1,00
1023;13/09/2025 08:00:00;URB;212;31,03;68,70
1024;13/09/2025 08:00:00;URB;176;21,97;85,30
1025;13/09/2025 08:00:00;M30;522;26,75;84,50
1026;13/09/2025 08:00:00;URB;198;30,83;78,70
1027;13/09/2025 08:00:00;M30;564;13,12;88,30
1028;13/09/2025 08:00:00;URB;148;19,67;84,20
1029;13/09/2025 08:00:00;URB;207;31,28;73,00
1030;13/09/2025 08:00:00;URB;218;32,45;-1,00
1001;13/09/2025 09:00:00;M30;610;23,09;87,80
1002;13/09/2025 09:00:00;URB;228;30,53;73,20
1003;13/09/2025 09:00:00;M30;564;29,02;79,70
1004;13/09/2025 09:00:00;M30;522;16,86;87,60
1005;13/09/2025 09:00:00;M30;557;18,39;89,40
1006;13/09/2025 09:00:00;M30;531;15,62;-1,00
1008;13/09/2025 09:00:00;URB;202;33,57;70,80
1009;13/09/2025 09:00:00;M30;469;22,92;83,70
1010;13/09/2025 09:00:00;URB;185;20,53;86,00
1011;13/09/2025 09:00:00;URB;195;18,47;84,80
1012;13/09/2025 09:00:00;M30;455;20,15;82,60
1013;13/09/2025 09:00:00;URB;202;33,01;77,70
1014;13/09/2025 09:00:00;URB;199;22,61;-1,00
1015;13/09/2025 09:00:00;M30;506;28,60;80,60
1016;13/09/2025 09:00:00;URB;234;31,71;82,10
1017;13/09/2025 09:00:00;URB;170;18,11;-1,00
1018;13/09/2025 09:00:00;URB;196;22,40;83,60
1019;13/09/2025 09:00:00;M30;448;20,79;83,80
1020;13/09/2025 09:00:00;URB;174;27,65;83,10
1021;13/09/2025 09:00:00;M30;480;15,69;82,60
1022;13/09/2025 09:00:00;URB;193;23,47;83,50
1023;13/09/2025 09:00:00;URB;168;21,68;77,00
1024;13/09/2025 09:00:00;URB;205;27,99;80,70
1025;13/09/2025 09:00:00;M30;668;36,09;63,30
1026;13/09/2025 09:00:00;URB;215;27,44;78,50
1027;13/09/2025 09:00:00;M30;644;22,48;84,30
1028;13/09/2025 09:00:00;URB;216;25,24;80,10
1029;13/09/2025 09:00:00;URB;185;20,63;87,90
1030;13/09/2025 09:00:00;URB;190;25,28;76,30
1001;13/09/2025 10:00:00;M30;426;20,92;85,10
1002;13/09/2025 10:00:00;URB;154;24,07;84,50
1003;13/09/2025 10:00:00;M30;519;29,64;77,50
1004;13/09/2025 10:00:00;M30;418;27,72;83,20
1005;13/09/2025 10:00:00;M30;552;34,31;69,70
1006;13/09/2025 10:00:00;M30;425;21,86;90,00
1008;13/09/2025 10:00:00;URB;167;21,66;79,50
1009;13/09/2025 10:00:00;M30;414;20,49;85,90
1010;13/09/2025 10:00:00;URB;166;26,55;80,10
1011;13/09/2025 10:00:00;URB;152;16,61;85,10
1012;13/09/2025 10:00:00;M30;505;29,96;-1,00
1013;13/09/2025 10:00:00;URB;162;24,14;83,00
1014;13/09/2025 10:00:00;URB;187;21,67;82,80
1015;13/09/2025 10:00:00;M30;518;25,25;81,70
1016;13/09/2025 10:00:00;URB;163;16,73;95,30
1017;13/09/2025 10:00:00;URB;188;31,40;76,40
1018;13/09/2025 10:00:00;URB;174;24,44;79,80
1019;13/09/2025 10:00:00;M30;431;19,03;88,00
1020;13/09/2025 10:00:00;URB;168;27,02;77,80
1021;13/09/2025 10:00:00;M30;462;28,69;77,40
1022;13/09/2025 10:00:00;URB;164;23,26;82,30
1023;13/09/2025 10:00:00;URB;176;23,42;77,70
1024;13/09/2025 10:00:00;URB;137;16,89;83,60
1025;13/09/2025 10:00:00;M30;435;17,06;78,60
1026;13/09/2025 10:00:00;URB;178;17,70;92,40
1027;13/09/2025 10:00:00;M30;508;18,58;85,70
1028;13/09/2025 10:00:00;URB;152;24,22;81,60
1029;13/09/2025 10:00:00;URB;191;28,16;-1,00
1030;13/09/2025 10:00:00;URB;137;20,41;87,60
1001;13/09/2025 11:00:00;M30;392;11,78;-1,00
1002;13/09/2025 11:00:00;URB;119;15,97;87,30
1003;13/09/2025 11:00:00;M30;366;15,96;87,30
1004;13/09/2025 11:00:00;M30;344;14,91;91,30
1005;13/09/2025 11:00:00;M30;414;21,24;86,90
1006;13/09/2025 11:00:00;M30;393;16,04;85,80
1008;13/09/2025 11:00:00;URB;140;18,46;80,90
1009;13/09/2025 11:00:00;M30;357;14,70;84,60
1010;13/09/2025 11:00:00;URB;132;12,74;89,00
1011;13/09/2025 11:00:00;URB;121;13,73;90,80
1012;13/09/2025 11:00:00;M30;358;12,23;89,00
1013;13/09/2025 11:00:00;URB;126;18,86;80,50
1014;13/09/2025 11:00:00;URB;144;18,36;83,60
1015;13/09/2025 11:00:00;M30;382;20,00;85,90
1016;13/09/2025 11:00:00;URB;109;23,11;76,80
1017;13/09/2025 11:00:00;URB;126;14,80;85,20
1018;13/09/2025 11:00:00;URB;134;15,97;81,20
1019;13/09/2025 11:00:00;M30;363;14,40;84,00
1020;13/09/2025 11:00:00;URB;118;11,39;88,50
1021;13/09/2025 11:00:00;M30;396;16,76;89,50
1022;13/09/2025 11:00:00;URB;107;13,14;-1,00
1023;13/09/2025 11:00:00;URB;124;14,32;88,10
1024;13/09/2025 11:00:00;URB;138;13,69;86,30
1025;13/09/2025 11:00:00;M30;352;14,62;89,20
1026;13/09/2025 11:00:00;URB;113;16,77;85,20
1027;13/09/2025 11:00:00;M30;329;14,86;84,20
1028;13/09/2025 11:00:00;URB;150;22,55;83,70
1029;13/09/2025 11:00:00;URB;123;17,49;86,20
1030;13/09/2025 11:00:00;URB;127;16,33;97,20
1001;13/09/2025 12:00:00;M30;258;13,14;90,20
1002;13/09/2025 12:00:00;URB;98;13,93;90,40
1003;13/09/2025 12:00:00;M30;278;12,21;84,00
1004;13/09/2025 12:00:00;M30;272;10,14;86,60
1005;13/09/2025 12:00:00;M30;267;10,63;83,90
1006;13/09/2025 12:00:00;M30;302;10,52;90,80
1008;13/09/2025 12:00:00;URB;106;12,70;88,60
1009;13/09/2025 12:00:00;M30;302;12,65;82,10
1010;13/09/2025 12:00:00;URB;121;17,71;97,40
1011;13/09/2025 12:00:00;URB;91;11,19;88,70
1012;13/09/2025 12:00:00;M30;217;8,20;90,00
1013;13/09/2025 12:00:00;URB;73;9,06;90,40
1014;13/09/2025 12:00:00;URB;101;15,00;90,60
1015;13/09/2025 12:00:00;M30;292;12,27;90,10
1016;13/09/2025 12:00:00;URB;98;15,75;90,40
1017;13/09/2025 12:00:00;URB;107;17,64;-1,00
1018;13/09/2025 12:00:00;URB;110;11,51;91,20
1019;13/09/2025 12:00:00;M30;305;16,31;82,70
1020;13/09/2025 12:00:00;URB;98;15,03;84,70
1021;13/09/2025 12:00:00;M30;265;10,54;89,80
1022;13/09/2025 12:00:00;URB;111;18,97;90,50
1023;13/09/2025 12:00:00;URB;108;14,24;88,10
1024;13/09/2025 12:00:00;URB;87;11,36;82,60
1025;13/09/2025 12:00:00;M30;273;10,72;87,60
1026;13/09/2025 12:00:00;URB;104;14,03;89,00
1027;13/09/2025 12:00:00;M30;280;16,26;86,20
1028;13/09/2025 12:00:00;URB;100;9,29;89,90
1029;13/09/2025 12:00:00;URB;94;10,91;89,00
1030;13/09/2025 12:00:00;URB;94;12,12;89,00
1001;13/09/2025 13:00:00;M30;260;12,16;90,20
1002;13/09/2025 13:00:00;URB;79;11,13;95,00
1003;13/09/2025 13:00:00;M30;182;8,07;90,00
1004;13/09/2025 13:00:00;M30;232;12,02;89,60
1005;13/09/2025 13:00:00;M30;216;10,59;87,60
1006;13/09/2025 13:00:00;M30;228;11,07;81,40
1008;13/09/2025 13:00:00;URB;93;10,71;92,80
1009;13/09/2025 13:00:00;M30;244;10,82;90,90
1010;13/09/2025 13:00:00;URB;74;8,12;89,10
1011;13/09/2025 13:00:00;URB;76;10,87;94,10
1012;13/09/2025 13:00:00;M30;239;15,63;91,60
1013;13/09/2025 13:00:00;URB;84;11,88;88,00
1014;13/09/2025 13:00:00;URB;87;13,18;90,20
1015;13/09/2025 13:00:00;M30;231;8,69;91,90
1016;13/09/2025 13:00:00;URB;93;12,83;81,90
1017;13/09/2025 13:00:00;URB;77;11,85;97,10
1018;13/09/2025 13:00:00;URB;74;11,37;94,70
1019;13/09/2025 13:00:00;M30;244;9,99;89,50
1020;13/09/2025 13:00:00;URB;89;15,14;86,90
1021;13/09/2025 13:00:00;M30;238;10,88;88,00
1022;13/09/2025 13:00:00;URB;81;14,28;83,30
1023;13/09/2025 13:00:00;URB;80;10,75;87,40
1024;13/09/2025 13:00:00;URB;83;10,91;84,80
1025;13/09/2025 13:00:00;M30;181;7,27;86,80
1026;13/09/2025 13:00:00;URB;75;13,49;84,90
1027;13/09/2025 13:00:00;M30;233;8,65;90,00
1028;13/09/2025 13:00:00;URB;80;11,67;93,30
1029;13/09/2025 13:00:00;URB;80;11,14;88,90
1030;13/09/2025 13:00:00;URB;74;10,37;88,00
1001;13/09/2025 14:00:00;M30;268;12,32;87,60
1002;13/09/2025 14:00:00;URB;83;13,52;91,00
1003;13/09/2025 14:00:00;M30;234;12,19;86,30
1004;13/09/2025 14:00:00;M30;197;6,77;-1,00
1005;13/09/2025 14:00:00;M30;245;11,48;83,40
1006;13/09/2025 14:00:00;M30;228;10,16;93,40
1008;13/09/2025 14:00:00;URB;89;10,85;83,40
1009;13/09/2025 14:00:00;M30;258;12,41;-1,00
1010;13/09/2025 14:00:00;URB;77;8,28;93,20
1011;13/09/2025 14:00:00;URB;84;8,48;93,60
1012;13/09/2025 14:00:00;M30;273;10,47;91,30
1013;13/09/2025 14:00:00;URB;97;8,96;85,30
1014;13/09/2025 14:00:00;URB;72;12,52;-1,00
1015;13/09/2025 14:00:00;M30;258;14,44;87,50
1016;13/09/2025 14:00:00;URB;92;10,89;85,60
1017;13/09/2025 14:00:00;URB;94;13,60;84,40
1018;13/09/2025 14:00:00;URB;96;13,42;79,00
1019;13/09/2025 14:00:00;M30;270;11,97;88,50
1020;13/09/2025 14:00:00;URB;93;7,37;85,00
1021;13/09/2025 14:00:00;M30;248;11,58;-1,00
1022;13/09/2025 14:00:00;URB;99;16,40;87,80
1023;13/09/2025 14:00:00;URB;98;11,35;94,20
1024;13/09/2025 14:00:00;URB;80;12,79;83,60
1025;13/09/2025 14:00:00;M30;190;8,37;88,90
1026;13/09/2025 14:00:00;URB;88;15,33;81,80
1027;13/09/2025 14:00:00;M30;205;12,36;81,70
1028;13/09/2025 14:00:00;URB;80;10,42;90,80
1029;13/09/2025 14:00:00;URB;82;7,39;94,10
1030;13/09/2025 14:00:00;URB;84;10,39;85,80
1001;13/09/2025 15:00:00;M30;225;9,80;88,90
1002;13/09/2025 15:00:00;URB;110;17,93;84,90
1003;13/09/2025 15:00:00;M30;284;13,44;89,80
1004;13/09/2025 15:00:00;M30;274;13,65;82,40
1005;13/09/2025 15:00:00;M30;306;9,17;85,20
1006;13/09/2025 15:00:00;M30;331;11,43;94,10
1008;13/09/2025 15:00:00;URB;100;13,49;-1,00
1009;13/09/2025 15:00:00;M30;275;13,20;94,00
1010;13/09/2025 15:00:00;URB;96;14,44;87,40
1011;13/09/2025 15:00:00;URB;101;13,82;-1,00
1012;13/09/2025 15:00:00;M30;296;11,51;86,80
1013;13/09/2025 15:00:00;URB;114;14,32;93,50
1014;13/09/2025 15:00:00;URB;110;13,83;88,10
1015;13/09/2025 15:00:00;M30;327;17,52;88,10
1016;13/09/2025 15:00:00;URB;107;16,84;91,00
1017;13/09/2025 15:00:00;URB;106;15,69;91,60
1018;13/09/2025 15:00:00;URB;91;14,74;-1,00
1019;13/09/2025 15:00:00;M30;276;9,52;89,80
1020;13/09/2025 15:00:00;URB;95;14,28;82,80
1021;13/09/2025 15:00:00;M30;274;14,95;85,10
1022;13/09/2025 15:00:00;URB;99;11,77;92,00
1023;13/09/2025 15:00:00;URB;92;14,43;98,80
1024;13/09/2025 15:00:00;URB;110;13,45;87,30
1025;13/09/2025 15:00:00;M30;242;11,49;-1,00
1026;13/09/2025 15:00:00;URB;108;15,03;86,80
1027;13/09/2025 15:00:00;M30;278;13,40;83,90
1028;13/09/2025 15:00:00;URB;98;12,51;90,40
1029;13/09/2025 15:00:00;URB;91;11,95;85,60
1030;13/09/2025 15:00:00;URB;88;12,77;84,60
1001;13/09/2025 16:00:00;M30;366;13,10;83,00
1002;13/09/2025 16:00:00;URB;110;13,12;89,00
1003;13/09/2025 16:00:00;M30;420;23,53;85,50
1004;13/09/2025 16:00:00;M30;325;11,86;82,70
1005;13/09/2025 16:00:00;M30;377;11,64;85,90
1006;13/09/2025 16:00:00;M30;400;16,60;85,50
1008;13/09/2025 16:00:00;URB;147;16,73;89,90
1009;13/09/2025 16:00:00;M30;358;10,42;87,40
1010;13/09/2025 16:00:00;URB;139;13,89;80,90
1011;13/09/2025 16:00:00;URB;140;15,20;86,10
1012;13/09/2025 16:00:00;M30;387;18,96;92,30
1013;13/09/2025 16:00:00;URB;136;18,56;-1,00
1014;13/09/2025 16:00:00;URB;112;15,22;87,10
1015;13/09/2025 16:00:00;M30;339;17,06;-1,00
1016;13/09/2025 16:00:00;URB;136;23,44;86,60
1017;13/09/2025 16:00:00;URB;151;22,45;79,10
1018;13/09/2025 16:00:00;URB;123;13,17;91,20
1019;13/09/2025 16:00:00;M30;366;11,37;-1,00
1020;13/09/2025 16:00:00;URB;117;16,41;88,00
1021;13/09/2025 16:00:00;M30;337;18,13;84,50
1022;13/09/2025 16:00:00;URB;141;18,82;83,30
1023;13/09/2025 16:00:00;URB;120;17,77;90,10
1024;13/09/2025 16:00:00;URB;139;19,99;83,10
1025;13/09/2025 16:00:00;M30;381;12,09;93,10
1026;13/09/2025 16:00:00;URB;127;19,05;87,50
1027;13/09/2025 16:00:00;M30;395;16,07;88,90
1028;13/09/2025 16:00:00;URB;127;19,62;86,40
1029;13/09/2025 16:00:00;URB;138;13,72;80,70
1030;13/09/2025 16:00:00;URB;155;20,75;87,70
1001;13/09/2025 17:00:00;M30;523;14,55;87,50
1002;13/09/2025 17:00:00;URB;207;29,02;77,50
1003;13/09/2025 17:00:00;M30;525;22,17;83,50
1004;13/09/2025 17:00:00;M30;445;16,52;82,20
1005;13/09/2025 17:00:00;M30;540;31,52;71,00
1006;13/09/2025 17:00:00;M30;512;28,37;84,00
1008;13/09/2025 17:00:00;URB;171;24,57;84,70
1009;13/09/2025 17:00:00;M30;555;21,21;84,40
1010;13/09/2025 17:00:00;URB;159;22,14;79,70
1011;13/09/2025 17:00:00;URB;173;19,94;76,80
1012;13/09/2025 17:00:00;M30;536;25,20;76,80
1013;13/09/2025 17:00:00;URB;191;24,50;79,60
1014;13/09/2025 17:00:00;URB;167;24,31;76,20
1015;13/09/2025 17:00:00;M30;545;25,87;81,80
1016;13/09/2025 17:00:00;URB;166;23,33;88,10
1016;13/09/2025 17:00:00;URB;166;23,33;88,10
1017;13/09/2025 17:00:00;URB;166;20,96;82,30
1018;13/09/2025 17:00:00;URB;158;19,82;85,30
1019;13/09/2025 17:00:00;M30;488;28,36;76,80
1020;13/09/2025 17:00:00;URB;181;21,29;88,80
1021;13/09/2025 17:00:00;M30;504;19,10;83,70
1022;13/09/2025 17:00:00;URB;188;31,26;77,70
1023;13/09/2025 17:00:00;URB;175;20,30;87,30
1024;13/09/2025 17:00:00;URB;175;22,59;-1,00
1025;13/09/2025 17:00:00;M30;589;26,54;76,30
1026;13/09/2025 17:00:00;URB;175;24,50;75,60
1027;13/09/2025 17:00:00;M30;483;21,66;-1,00
1028;13/09/2025 17:00:00;URB;176;23,25;81,40
1029;13/09/2025 17:00:00;URB;167;22,46;74,80
1030;13/09/2025 17:00:00;URB;160;22,50;85,50
1001;13/09/2025 18:00:00;M30;593;27,43;73,30
1002;13/09/2025 18:00:00;URB;227;31,61;71,70
1003;13/09/2025 18:00:00;M30;544;21,28;81,40
1004;13/09/2025 18:00:00;M30;640;28,66;80,90
1005;13/09/2025 18:00:00;M30;602;32,22;-1,00
1006;13/09/2025 18:00:00;M30;689;31,96;72,90
1008;13/09/2025 18:00:00;URB;212;26,91;81,60
1009;13/09/2025 18:00:00;M30;611;28,07;73,40
1010;13/09/2025 18:00:00;URB;197;27,10;81,30
1010;13/09/2025 18:00:00;URB;197;27,10;81,30
1011;13/09/2025 18:00:00;URB;231;25,75;80,90
1012;13/09/2025 18:00:00;M30;616;30,22;78,70
1013;13/09/2025 18:00:00;URB;189;20,49;77,50
1014;13/09/2025 18:00:00;URB;212;33,42;78,50
1015;13/09/2025 18:00:00;M30;563;23,32;90,20
1016;13/09/2025 18:00:00;URB;234;22,69;75,30
1017;13/09/2025 18:00:00;URB;206;25,25;88,40
1018;13/09/2025 18:00:00;URB;195;28,31;79,00
1019;13/09/2025 18:00:00;M30;555;23,89;81,10
1020;13/09/2025 18:00:00;URB;214;30,15;74,60
1021;13/09/2025 18:00:00;M30;475;25,65;77,40
1022;13/09/2025 18:00:00;URB;211;21,60;83,10
1023;13/09/2025 18:00:00;URB;201;24,02;89,20
1024;13/09/2025 18:00:00;URB;234;34,45;76,60
1025;13/09/2025 18:00:00;M30;581;16,42;91,80
1026;13/09/2025 18:00:00;URB;152;25,26;83,30
1027;13/09/2025 18:00:00;M30;583;30,44;75,50
1028;13/09/2025 18:00:00;URB;185;21,18;86,00
1029;13/09/2025 18:00:00;URB;196;19,69;88,90
1030;13/09/2025 18:00:00;URB;265;48,00;73,70
1001;13/09/2025 19:00:00;M30;613;22,50;80,30
1002;13/09/2025 19:00:00;URB;228;23,88;76,10
1003;13/09/2025 19:00:00;M30;793;41,74;71,50
1004;13/09/2025 19:00:00;M30;588;32,47;74,50
1005;13/09/2025 19:00:00;M30;632;31,85;-1,00
1006;13/09/2025 19:00:00;M30;638;29,22;77,80
1008;13/09/2025 19:00:00;URB;229;28,71;80,60
1009;13/09/2025 19:00:00;M30;682;25,23;76,10
1010;13/09/2025 19:00:00;URB;216;31,06;74,50
1011;13/09/2025 19:00:00;URB;232;35,06;77,90
1012;13/09/2025 19:00:00;M30;577;21,76;87,20
1013;13/09/2025 19:00:00;URB;222;29,10;85,70
1014;13/09/2025 19:00:00;URB;223;23,04;85,00
1015;13/09/2025 19:00:00;M30;727;31,54;-1,00
1016;13/09/2025 19:00:00;URB;245;35,74;77,70
1017;13/09/2025 19:00:00;URB;224;31,70;79,90
1018;13/09/2025 19:00:00;URB;243;17,29;90,30
1019;13/09/2025 19:00:00;M30;618;31,70;78,10
1020;13/09/2025 19:00:00;URB;232;29,07;79,10
1021;13/09/2025 19:00:00;M30;620;21,58;85,50
1022;13/09/2025 19:00:00;URB;187;21,06;90,40
1023;13/09/2025 19:00:00;URB;218;19,32;80,30
1024;13/09/2025 19:00:00;URB;209;27,61;72,30
1025;13/09/2025 19:00:00;M30;600;24,89;83,20
1026;13/09/2025 19:00:00;URB;207;18,58;85,40
1027;13/09/2025 19:00:00;M30;569;34,78;71,50
1028;13/09/2025 19:00:00;URB;212;26,76;75,30
1029;13/09/2025 19:00:00;URB;242;27,06;84,70
1030;13/09/2025 19:00:00;URB;240;37,58;73,20
1001;13/09/2025 20:00:00;M30;568;23,36;86,80
1002;13/09/2025 20:00:00;URB;237;36,40;78,40
1003;13/09/2025 20:00:00;M30;539;25,59;85,60
1004;13/09/2025 20:00:00;M30;531;18,32;85,20
1005;13/09/2025 20:00:00;M30;584;26,60;80,40
1006;13/09/2025 20:00:00;M30;681;26,72;75,20
1008;13/09/2025 20:00:00;URB;209;29,18;77,90
1009;13/09/2025 20:00:00;M30;462;25,44;88,50
1010;13/09/2025 20:00:00;URB;197;20,95;84,30
1011;13/09/2025 20:00:00;URB;206;24,80;83,90
1012;13/09/2025 20:00:00;M30;578;17,18;80,80
1013;13/09/2025 20:00:00;URB;200;26,87;84,90
1014;13/09/2025 20:00:00;URB;206;26,58;76,40
1015;13/09/2025 20:00:00;M30;608;32,07;77,70
1016;13/09/2025 20:00:00;URB;188;16,08;76,70
1017;13/09/2025 20:00:00;URB;188;16,83;87,50
1018;13/09/2025 20:00:00;URB;206;31,59;73,70
1019;13/09/2025 20:00:00;M30;578;26,13;78,50
1020;13/09/2025 20:00:00;URB;229;31,30;77,40
1021;13/09/2025 20:00:00;M30;611;34,38;82,70
1022;13/09/2025 20:00:00;URB;203;26,67;79,00
1023;13/09/2025 20:00:00;URB;211;23,02;86,30
1024;13/09/2025 20:00:00;URB;224;35,74;-1,00
1025;13/09/2025 20:00:00;M30;575;33,05;71,70
1026;13/09/2025 20:00:00;URB;199;27,55;81,10
1027;13/09/2025 20:00:00;M30;729;36,52;75,50
1028;13/09/2025 20:00:00;URB;231;37,92;69,40
1029;13/09/2025 20:00:00;URB;192;22,76;85,30
1030;13/09/2025 20:00:00;URB;209;36,48;77,60
1001;13/09/2025 21:00:00;M30;500;14,97;85,50
1002;13/09/2025 21:00:00;URB;142;24,82;-1,00
1003;13/09/2025 21:00:00;M30;377;17,93;83,80
1004;13/09/2025 21:00:00;M30;508;18,43;86,40
1005;13/09/2025 21:00:00;M30;520;17,08;81,00
1006;13/09/2025 21:00:00;M30;472;28,67;85,00
1008;13/09/2025 21:00:00;URB;186;25,87;79,00
1009;13/09/2025 21:00:00;M30;570;26,34;-1,00
1010;13/09/2025 21:00:00;URB;183;23,33;80,60
1011;13/09/2025 21:00:00;URB;178;21,04;84,50
1012;13/09/2025 21:00:00;M30;448;20,32;82,90
1013;13/09/2025 21:00:00;URB;191;23,71;79,10
1014;13/09/2025 21:00:00;URB;208;24,04;72,00
1015;13/09/2025 21:00:00;M30;502;30,81;80,00
1016;13/09/2025 21:00:00;URB;185;22,19;89,80
1017;13/09/2025 21:00:00;URB;187;17,27;91,50
1018;13/09/2025 21:00:00;URB;203;25,56;81,90
1019;13/09/2025 21:00:00;M30;468;17,34;92,70
1020;13/09/2025 21:00:00;URB;217;27,41;-1,00
1021;13/09/2025 21:00:00;M30;422;20,86;87,00
1022;13/09/2025 21:00:00;URB;216;31,80;75,10
1023;13/09/2025 21:00:00;URB;181;23,89;77,10
1024;13/09/2025 21:00:00;URB;196;26,77;88,50
1025;13/09/2025 21:00:00;M30;445;21,63;79,80
1026;13/09/2025 21:00:00;URB;170;22,17;77,60
1027;13/09/2025 21:00:00;M30;457;26,25;79,80
1028;13/09/2025 21:00:00;URB;185;21,72;90,20
1029;13/09/2025 21:00:00;URB;152;22,24;82,10
1030;13/09/2025 21:00:00;URB;175;24,41;84,90
1001;13/09/2025 22:00:00;M30;386;21,32;87,10
1002;13/09/2025 22:00:00;URB;151;21,76;84,00
1003;13/09/2025 22:00:00;M30;438;24,80;70,20
1004;13/09/2025 22:00:00;M30;385;9,35;90,80
1005;13/09/2025 22:00:00;M30;386;21,83;80,20
1006;13/09/2025 22:00:00;M30;358;17,85;94,20
1008;13/09/2025 22:00:00;URB;153;20,38;81,00
1009;13/09/2025 22:00:00;M30;360;12,74;87,50
1010;13/09/2025 22:00:00;URB;138;17,79;84,80
1011;13/09/2025 22:00:00;URB;117;17,35;87,20
1012;13/09/2025 22:00:00;M30;434;17,48;82,50
1013;13/09/2025 22:00:00;URB;143;23,10;-1,00
1014;13/09/2025 22:00:00;URB;135;17,91;85,00
1015;13/09/2025 22:00:00;M30;342;15,93;-1,00
1016;13/09/2025 22:00:00;URB;120;9,16;89,40
1017;13/09/2025 22:00:00;URB;120;15,34;82,30
1018;13/09/2025 22:00:00;URB;125;21,23;80,90
1019;13/09/2025 22:00:00;M30;390;15,03;85,30
1020;13/09/2025 22:00:00;URB;138;16,48;76,90
1021;13/09/2025 22:00:00;M30;375;15,35;82,60
1022;13/09/2025 22:00:00;URB;122;16,71;94,00
1023;13/09/2025 22:00:00;URB;139;15,48;-1,00
1024;13/09/2025 22:00:00;URB;137;13,69;91,90
1025;13/09/2025 22:00:00;M30;396;12,29;94,00
1026;13/09/2025 22:00:00;URB;137;19,12;84,90
1027;13/09/2025 22:00:00;M30;359;16,79;82,30
1028;13/09/2025 22:00:00;URB;134;19,71;-1,00
1029;13/09/2025 22:00:00;URB;140;14,53;89,60
1030;13/09/2025 22:00:00;URB;117;17,03;85,00
1001;13/09/2025 23:00:00;M30;308;16,79;-1,00
1002;13/09/2025 23:00:00;URB;103;13,76;-1,00
1003;13/09/2025 23:00:00;M30;296;16,85;86,60
1004;13/09/2025 23:00:00;M30;245;10,21;92,30
1005;13/09/2025 23:00:00;M30;317;16,48;86,50
1006;13/09/2025 23:00:00;M30;283;17,68;92,60
1008;13/09/2025 23:00:00;URB;92;8,99;-1,00
1009;13/09/2025 23:00:00;M30;257;13,80;89,50
1010;13/09/2025 23:00:00;URB;107;13,20;80,40
1011;13/09/2025 23:00:00;URB;97;11,67;83,00
1012;13/09/2025 23:00:00;M30;225;6,84;-1,00
1013;13/09/2025 23:00:00;URB;101;12,76;94,70
1014;13/09/2025 23:00:00;URB;107;13,59;-1,00
1015;13/09/2025 23:00:00;M30;299;17,45;80,80
1016;13/09/2025 23:00:00;URB;110;14,21;87,20
1017;13/09/2025 23:00:00;URB;103;13,92;87,70
1018;13/09/2025 23:00:00;URB;92;13,39;86,50
1019;13/09/2025 23:00:00;M30;263;14,75;84,90
1020;13/09/2025 23:00:00;URB;106;17,63;-1,00
1021;13/09/2025 23:00:00;M30;296;13,50;86,20
1022;13/09/2025 23:00:00;URB;93;16,43;91,50
1023;13/09/2025 23:00:00;URB;96;17,84;80,90
1024;13/09/2025 23:00:00;URB;108;13,82;88,40
1025;13/09/2025 23:00:00;M30;297;16,47;80,60
1026;13/09/2025 23:00:00;URB;96;10,88;89,60
1027;13/09/2025 23:00:00;M30;307;16,21;80,30
1028;13/09/2025 23:00:00;URB;104;14,21;85,90
1029;13/09/2025 23:00:00;URB;109;15,28;-1,00
1030;13/09/2025 23:00:00;URB;91;11,86;84,90
1030;13/09/2025 23:00:00;URB;91;11,86;84,90
1001;14/09/2025 00:00:00;M30;169;4,84;91,60
1002;14/09/2025 00:00:00;URB;66;9,77;-1,00
1003;14/09/2025 00:00:00;M30;170;7,74;91,00
1004;14/09/2025 00:00:00;M30;196;7,79;88,70
1005;14/09/2025 00:00:00;M30;209;7,52;88,50
1006;14/09/2025 00:00:00;M30;185;8,81;85,70
1008;14/09/2025 00:00:00;URB;50;8,61;94,50
1009;14/09/2025 00:00:00;M30;205;8,43;92,20
1010;14/09/2025 00:00:00;URB;85;12,45;101,10
1011;14/09/2025 00:00:00;URB;67;5,74;93,20
1012;14/09/2025 00:00:00;M30;190;8,12;89,40
1013;14/09/2025 00:00:00;URB;63;9,94;-1,00
1014;14/09/2025 00:00:00;URB;70;12,30;86,70
1015;14/09/2025 00:00:00;M30;166;5,13;92,20
1016;14/09/2025 00:00:00;URB;72;9,12;88,70
1017;14/09/2025 00:00:00;URB;57;6,39;-1,00
1018;14/09/2025 00:00:00;URB;55;5,44;95,10
1019;14/09/2025 00:00:00;M30;174;7,54;82,40
1020;14/09/2025 00:00:00;URB;67;10,32;88,60
1021;14/09/2025 00:00:00;M30;188;10,26;-1,00
1022;14/09/2025 00:00:00;URB;64;8,26;96,10
1023;14/09/2025 00:00:00;URB;65;5,45;85,00
1024;14/09/2025 00:00:00;URB;56;7,55;91,50
1025;14/09/2025 00:00:00;M30;192;10,20;94,90
1026;14/09/2025 00:00:00;URB;67;8,47;96,70
1027;14/09/2025 00:00:00;M30;188;11,49;85,00
1028;14/09/2025 00:00:00;URB;66;8,29;96,60
1029;14/09/2025 00:00:00;URB;66;7,48;89,30
1030;14/09/2025 00:00:00;URB;82;7,51;97,60
1001;14/09/2025 01:00:00;M30;179;10,06;92,10
1002;14/09/2025 01:00:00;URB;72;12,31;88,30
1003;14/09/2025 01:00:00;M30;173;8,26;89,30
1004;14/09/2025 01:00:00;M30;171;9,44;82,60
1005;14/09/2025 01:00:00;M30;187;9,07;88,20
1006;14/09/2025 01:00:00;M30;214;11,28;90,90
1008;14/09/2025 01:00:00;URB;73;8,35;94,00
1009;14/09/2025 01:00:00;M30;185;9,53;89,40
1010;14/09/2025 01:00:00;URB;71;9,74;93,70
1011;14/09/2025 01:00:00;URB;74;11,55;77,90
1012;14/09/2025 01:00:00;M30;193;7,37;96,80
1013;14/09/2025 01:00:00;URB;73;11,18;86,40
1014;14/09/2025 01:00:00;URB;61;8,47;90,90
1015;14/09/2025 01:00:00;M30;217;8,21;92,80
1016;14/09/2025 01:00:00;URB;62;6,91;91,40
1017;14/09/2025 01:00:00;URB;67;8,56;99,60
1018;14/09/2025 01:00:00;URB;83;12,75;94,20
1019;14/09/2025 01:00:00;M30;205;11,15;86,00
1020;14/09/2025 01:00:00;URB;71;8,06;92,40
1021;14/09/2025 01:00:00;M30;200;10,19;90,90
1022;14/09/2025 01:00:00;URB;63;7,15;96,60
1023;14/09/2025 01:00:00;URB;74;10,84;85,30
1024;14/09/2025 01:00:00;URB;80;8,81;-1,00
1025;14/09/2025 01:00:00;M30;200;10,96;80,80
1026;14/09/2025 01:00:00;URB;65;6,36;94,80
1027;14/09/2025 01:00:00;M30;195;9,95;94,50
1028;14/09/2025 01:00:00;URB;63;7,93;103,30
1029;14/09/2025 01:00:00;URB;76;12,27;89,50
1030;14/09/2025 01:00:00;URB;78;10,17;-1,00
1001;14/09/2025 02:00:00;M30;243;12,12;86,40
1002;14/09/2025 02:00:00;URB;71;12,63;90,40
1003;14/09/2025 02:00:00;M30;168;6,11;91,90
1004;14/09/2025 02:00:00;M30;218;9,82;90,70
1005;14/09/2025 02:00:00;M30;210;8,70;-1,00
1006;14/09/2025 02:00:00;M30;221;10,54;89,00
1008;14/09/2025 02:00:00;URB;68;10,45;81,00
1009;14/09/2025 02:00:00;M30;214;10,54;89,80
1010;14/09/2025 02:00:00;URB;68;8,37;88,10
1011;14/09/2025 02:00:00;URB;66;8,23;91,30
1012;14/09/2025 02:00:00;M30;194;11,73;91,90
1013;14/09/2025 02:00:00;URB;74;9,44;92,40
1014;14/09/2025 02:00:00;URB;75;5,13;94,50
1015;14/09/2025 02:00:00;M30;220;10,23;84,50
1016;14/09/2025 02:00:00;URB;80;12,06;89,80
1017;14/09/2025 02:00:00;URB;75;8,96;-1,00
1018;14/09/2025 02:00:00;URB;66;9,55;94,70
1019;14/09/2025 02:00:00;M30;170;8,02;92,70
1020;14/09/2025 02:00:00;URB;62;7,85;82,80
1021;14/09/2025 02:00:00;M30;185;8,33;90,40
1022;14/09/2025 02:00:00;URB;67;9,57;90,20
1023;14/09/2025 02:00:00;URB;72;9,20;90,40
1024;14/09/2025 02:00:00;URB;78;9,23;88,10
1025;14/09/2025 02:00:00;M30;207;11,07;84,10
1026;14/09/2025 02:00:00;URB;61;6,42;95,00
1027;14/09/2025 02:00:00;M30;215;9,40;-1,00
1028;14/09/2025 02:00:00;URB;64;6,79;92,10
1029;14/09/2025 02:00:00;URB;76;10,46;89,60
1030;14/09/2025 02:00:00;URB;65;6,82;86,00
1001;14/09/2025 03:00:00;M30;234;12,49;85,60
1002;14/09/2025 03:00:00;URB;73;7,40;-1,00
1003;14/09/2025 03:00:00;M30;216;9,06;87,50
1004;14/09/2025 03:00:00;M30;225;6,76;96,60
1005;14/09/2025 03:00:00;M30;233;9,96;90,50
1006;14/09/2025 03:00:00;M30;194;8,82;89,40
1008;14/09/2025 03:00:00;URB;75;8,58;87,00
1009;14/09/2025 03:00:00;M30;217;12,93;90,00
1010;14/09/2025 03:00:00;URB;76;8,30;91,00
1011;14/09/2025 03:00:00;URB;60;8,10;-1,00
1012;14/09/2025 03:00:00;M30;195;7,18;89,00
1013;14/09/2025 03:00:00;URB;84;8,74;-1,00
1014;14/09/2025 03:00:00;URB;74;11,54;91,60
1015;14/09/2025 03:00:00;M30;215;8,18;89,50
1016;14/09/2025 03:00:00;URB;86;7,92;91,00
1017;14/09/2025 03:00:00;URB;66;7,35;91,70
1018;14/09/2025 03:00:00;URB;74;12,43;85,10
1019;14/09/2025 03:00:00;M30;221;7,04;-1,00
1020;14/09/2025 03:00:00;URB;73;10,48;88,00
1021;14/09/2025 03:00:00;M30;215;10,13;96,60
1022;14/09/2025 03:00:00;URB;68;6,03;90,40
1023;14/09/2025 03:00:00;URB;65;9,20;88,20
1024;14/09/2025 03:00:00;URB;60;10,12;99,00
1025;14/09/2025 03:00:00;M30;171;7,55;-1,00
1026;14/09/2025 03:00:00;URB;82;10,84;89,80
1027;14/09/2025 03:00:00;M30;239;9,74;81,80
1028;14/09/2025 03:00:00;URB;71;9,76;90,70
1029;14/09/2025 03:00:00;URB;53;6,60;-1,00
1030;14/09/2025 03:00:00;URB;87;10,36;89,90
1001;14/09/2025 04:00:00;M30;229;10,29;89,30
1002;14/09/2025 04:00:00;URB;60;9,27;88,90
1003;14/09/2025 04:00:00;M30;242;11,57;85,70
1004;14/09/2025 04:00:00;M30;195;10,51;92,70
1005;14/09/2025 04:00:00;M30;213;9,10;91,40
1006;14/09/2025 04:00:00;M30;219;12,64;91,90
1008;14/09/2025 04:00:00;URB;88;12,47;86,60
1009;14/09/2025 04:00:00;M30;257;13,75;91,30
1010;14/09/2025 04:00:00;URB;71;10,64;88,70
1011;14/09/2025 04:00:00;URB;85;10,79;91,00
1012;14/09/2025 04:00:00;M30;222;5,51;94,40
1013;14/09/2025 04:00:00;URB;69;7,65;95,20
1014;14/09/2025 04:00:00;URB;76;9,71;-1,00
1015;14/09/2025 04:00:00;M30;208;9,75;87,00
1016;14/09/2025 04:00:00;URB;68;9,17;98,00
1017;14/09/2025 04:00:00;URB;77;9,89;93,60
1018;14/09/2025 04:00:00;URB;88;10,23;90,20
1019;14/09/2025 04:00:00;M30;223;5,96;-1,00
1020;14/09/2025 04:00:00;URB;76;8,68;92,00
1021;14/09/2025 04:00:00;M30;165;7,18;87,90
1022;14/09/2025 04:00:00;URB;85;11,52;93,60
1023;14/09/2025 04:00:00;URB;92;17,28;84,80
1024;14/09/2025 04:00:00;URB;67;6,86;93,60
1025;14/09/2025 04:00:00;M30;282;12,63;90,30
1026;14/09/2025 04:00:00;URB;80;9,83;87,40
1027;14/09/2025 04:00:00;M30;243;11,18;90,20
1028;14/09/2025 04:00:00;URB;63;7,20;83,20
1029;14/09/2025 04:00:00;URB;84;11,94;94,10
1030;14/09/2025 04:00:00;URB;82;6,34;89,40
1001;14/09/2025 05:00:00;M30;270;7,17;-1,00
1002;14/09/2025 05:00:00;URB;105;12,19;92,70
1003;14/09/2025 05:00:00;M30;265;16,61;87,60
1004;14/09/2025 05:00:00;M30;308;15,34;89,40
1005;14/09/2025 05:00:00;M30;279;18,30;85,50
1006;14/09/2025 05:00:00;M30;261;9,40;94,20
1008;14/09/2025 05:00:00;URB;88;10,40;87,60
1009;14/09/2025 05:00:00;M30;300;15,60;79,20
1010;14/09/2025 05:00:00;URB;91;17,50;88,80
1011;14/09/2025 05:00:00;URB;120;17,79;-1,00
1012;14/09/2025 05:00:00;M30;253;8,07;90,80
1013;14/09/2025 05:00:00;URB;107;14,54;85,80
1014;14/09/2025 05:00:00;URB;87;10,65;88,70
1015;14/09/2025 05:00:00;M30;283;10,57;85,20
1016;14/09/2025 05:00:00;URB;97;12,63;92,80
1017;14/09/2025 05:00:00;URB;94;14,33;-1,00
1018;14/09/2025 05:00:00;URB;88;14,08;91,50
1019;14/09/2025 05:00:00;M30;284;13,85;91,80
1020;14/09/2025 05:00:00;URB;109;9,06;91,70
1021;14/09/2025 05:00:00;M30;297;16,38;84,20
1022;14/09/2025 05:00:00;URB;107;7,76;-1,00
1023;14/09/2025 05:00:00;URB;91;8,89;86,30
1024;14/09/2025 05:00:00;URB;92;12,97;87,00
1025;14/09/2025 05:00:00;M30;282;11,75;94,90
1026;14/09/2025 05:00:00;URB;104;13,92;91,70
1027;14/09/2025 05:00:00;M30;306;16,56;-1,00
1028;14/09/2025 05:00:00;URB;102;14,34;86,50
1029;14/09/2025 05:00:00;URB;99;16,25;92,40
1030;14/09/2025 05:00:00;URB;83;13,14;91,80
1001;14/09/2025 06:00:00;M30;365;14,24;90,60
1002;14/09/2025 06:00:00;URB;118;11,20;-1,00
1003;14/09/2025 06:00:00;M30;298;15,32;91,60
1004;14/09/2025 06:00:00;M30;404;20,63;83,50
1005;14/09/2025 06:00:00;M30;341;20,59;84,80
1006;14/09/2025 06:00:00;M30;437;18,76;80,80
1008;14/09/2025 06:00:00;URB;119;16,52;90,20
1009;14/09/2025 06:00:00;M30;340;9,92;85,00
1010;14/09/2025 06:00:00;URB;143;15,67;87,80
1011;14/09/2025 06:00:00;URB;120;13,84;88,40
1012;14/09/2025 06:00:00;M30;276;12,92;95,10
1013;14/09/2025 06:00:00;URB;108;12,54;93,60
1014;14/09/2025 06:00:00;URB;162;25,34;86,30
1015;14/09/2025 06:00:00;M30;325;15,53;86,60
1016;14/09/2025 06:00:00;URB;129;16,11;-1,00
1017;14/09/2025 06:00:00;URB;123;11,17;93,60
1018;14/09/2025 06:00:00;URB;119;20,24;-1,00
1019;14/09/2025 06:00:00;M30;358;16,09;85,80
1020;14/09/2025 06:00:00;URB;140;15,46;85,50
1021;14/09/2025 06:00:00;M30;318;20,52;89,30
1022;14/09/2025 06:00:00;URB;144;16,47;85,40
1023;14/09/2025 06:00:00;URB;118;16,15;88,50
1024;14/09/2025 06:00:00;URB;107;15,51;81,90
1025;14/09/2025 06:00:00;M30;340;12,09;88,50
1026;14/09/2025 06:00:00;URB;137;21,51;75,60
1027;14/09/2025 06:00:00;M30;289;12,81;89,70
1028;14/09/2025 06:00:00;URB;155;19,98;80,60
1029;14/09/2025 06:00:00;URB;126;17,03;97,90
1030;14/09/2025 06:00:00;URB;149;14,00;98,90
1001;14/09/2025 07:00:00;M30;403;22,06;86,30
1002;14/09/2025 07:00:00;URB;171;29,22;65,70
1003;14/09/2025 07:00:00;M30;417;16,50;87,30
1004;14/09/2025 07:00:00;M30;437;19,18;81,70
1005;14/09/2025 07:00:00;M30;425;14,36;85,80
1006;14/09/2025 07:00:00;M30;485;23,50;80,70
1008;14/09/2025 07:00:00;URB;176;26,95;-1,00
1009;14/09/2025 07:00:00;M30;416;15,46;-1,00
1010;14/09/2025 07:00:00;URB;153;23,34;78,90
1011;14/09/2025 07:00:00;URB;168;24,76;80,30
1012;14/09/2025 07:00:00;M30;471;17,28;89,40
1013;14/09/2025 07:00:00;URB;199;17,92;98,00
1014;14/09/2025 07:00:00;URB;201;28,39;-1,00
1015;14/09/2025 07:00:00;M30;418;16,68;-1,00
1016;14/09/2025 07:00:00;URB;170;18,18;-1,00
1017;14/09/2025 07:00:00;URB;151;19,90;83,50
1018;14/09/2025 07:00:00;URB;182;22,12;81,20
1019;14/09/2025 07:00:00;M30;480;16,01;86,80
1020;14/09/2025 07:00:00;URB;208;24,00;87,80
1021;14/09/2025 07:00:00;M30;511;22,69;82,70
1022;14/09/2025 07:00:00;URB;142;18,49;88,20
1023;14/09/2025 07:00:00;URB;186;20,10;86,30
1024;14/09/2025 07:00:00;URB;152;23,65;77,80
1025;14/09/2025 07:00:00;M30;544;32,26;71,80
1026;14/09/2025 07:00:00;URB;165;23,74;82,90
1027;14/09/2025 07:00:00;M30;400;24,41;80,10
1028;14/09/2025 07:00:00;URB;137;19,91;82,30
1029;14/09/2025 07:00:00;URB;185;24,50;80,20
1030;14/09/2025 07:00:00;URB;181;18,50;89,50
1001;14/09/2025 08:00:00;M30;603;23,78;80,90
1002;14/09/2025 08:00:00;URB;181;18,18;-1,00
1003;14/09/2025 08:00:00;M30;488;17,62;86,70
1004;14/09/2025 08:00:00;M30;485;25,01;78,10
1005;14/09/2025 08:00:00;M30;526;25,79;83,80
1006;14/09/2025 08:00:00;M30;559;25,26;75,20
1008;14/09/2025 08:00:00;URB;202;24,58;84,80
1009;14/09/2025 08:00:00;M30;494;23,72;83,00
1010;14/09/2025 08:00:00;URB;191;24,49;80,40
1011;14/09/2025 08:00:00;URB;183;21,28;84,80
1012;14/09/2025 08:00:00;M30;605;23,15;85,10
1013;14/09/2025 08:00:00;URB;190;22,37;89,10
1014;14/09/2025 08:00:00;URB;184;26,77;-1,00
1015;14/09/2025 08:00:00;M30;510;13,45;-1,00
1016;14/09/2025 08:00:00;URB;184;31,24;74,00
1017;14/09/2025 08:00:00;URB;219;23,11;85,30
1018;14/09/2025 08:00:00;URB;189;27,48;81,90
1019;14/09/2025 08:00:00;M30;507;20,28;88,60
1020;14/09/2025 08:00:00;URB;240;31,47;77,70
1021;14/09/2025 08:00:00;M30;480;20,84;79,60
1022;14/09/2025 08:00:00;URB;194;26,48;-1,00
1023;14/09/2025 08:00:00;URB;187;26,30;79,50
1024;14/09/2025 08:00:00;URB;168;27,57;82,80
1025;14/09/2025 08:00:00;M30;575;31,04;79,20
1026;14/09/2025 08:00:00;URB;182;23,52;83,00
1027;14/09/2025 08:00:00;M30;535;23,00;88,00
1028;14/09/2025 08:00:00;URB;186;20,13;92,80
1029;14/09/2025 08:00:00;URB;209;29,17;74,60
1030;14/09/2025 08:00:00;URB;192;19,20;88,80
1001;14/09/2025 09:00:00;M30;617;32,32;80,90
1002;14/09/2025 09:00:00;URB;223;21,97;90,40
1003;14/09/2025 09:00:00;M30;573;33,41;74,00
1004;14/09/2025 09:00:00;M30;572;28,98;74,10
1005;14/09/2025 09:00:00;M30;518;27,57;79,40
1006;14/09/2025 09:00:00;M30;519;19,05;78,00
1008;14/09/2025 09:00:00;URB;208;34,84;74,80
1009;14/09/2025 09:00:00;M30;547;26,93;82,10
1010;14/09/2025 09:00:00;URB;174;25,44;79,60
1011;14/09/2025 09:00:00;URB;177;30,14;-1,00
1012;14/09/2025 09:00:00;M30;499;16,43;85,10
1013;14/09/2025 09:00:00;URB;197;36,52;74,90
1014;14/09/2025 09:00:00;URB;215;30,58;-1,00
1015;14/09/2025 09:00:00;M30;570;32,32;74,60
1016;14/09/2025 09:00:00;URB;214;23,18;82,70
1017;14/09/2025 09:00:00;URB;172;17,52;87,90
1018;14/09/2025 09:00:00;URB;192;29,09;82,20
1019;14/09/2025 09:00:00;M30;575;27,64;82,70
1020;14/09/2025 09:00:00;URB;170;16,03;88,70
1021;14/09/2025 09:00:00;M30;429;22,60;75,30
1022;14/09/2025 09:00:00;URB;179;29,12;74,20
1023;14/09/2025 09:00:00;URB;175;26,96;82,90
1024;14/09/2025 09:00:00;URB;174;12,27;80,40
1025;14/09/2025 09:00:00;M30;583;35,83;71,90
1026;14/09/2025 09:00:00;URB;164;19,03;-1,00
1027;14/09/2025 09:00:00;M30;441;20,21;78,90
1028;14/09/2025 09:00:00;URB;191;21,73;80,20
1029;14/09/2025 09:00:00;URB;194;23,08;86,50
1030;14/09/2025 09:00:00;URB;198;17,74;82,40
1001;14/09/2025 10:00:00;M30;467;17,96;84,50
1002;14/09/2025 10:00:00;URB;143;18,23;85,70
1003;14/09/2025 10:00:00;M30;474;23,40;81,90
1004;14/09/2025 10:00:00;M30;490;22,06;-1,00
1005;14/09/2025 10:00:00;M30;487;29,11;84,10
1006;14/09/2025 10:00:00;M30;425;20,97;80,10
1008;14/09/2025 10:00:00;URB;141;15,89;91,90
1009;14/09/2025 10:00:00;M30;384;18,79;-1,00
1010;14/09/2025 10:00:00;URB;185;30,56;79,20
1011;14/09/2025 10:00:00;URB;173;27,08;-1,00
1012;14/09/2025 10:00:00;M30;515;24,27;83,10
1013;14/09/2025 10:00:00;URB;167;27,39;85,20
1014;14/09/2025 10:00:00;URB;161;22,04;86,50
1015;14/09/2025 10:00:00;M30;474;29,89;75,50
1016;14/09/2025 10:00:00;URB;151;23,78;78,90
1017;14/09/2025 10:00:00;URB;151;12,68;91,30
1018;14/09/2025 10:00:00;URB;176;28,04;76,70
1019;14/09/2025 10:00:00;M30;491;17,05;89,90
1020;14/09/2025 10:00:00;URB;167;12,51;84,90
1021;14/09/2025 10:00:00;M30;419;24,12;75,30
1022;14/09/2025 10:00:00;URB;164;22,67;89,60
1023;14/09/2025 10:00:00;URB;164;21,75;87,40
1024;14/09/2025 10:00:00;URB;168;21,78;81,40
1025;14/09/2025 10:00:00;M30;438;18,49;-1,00
1026;14/09/2025 10:00:00;URB;187;27,00;82,90
1027;14/09/2025 10:00:00;M30;455;16,50;83,50
1028;14/09/2025 10:00:00;URB;171;24,30;80,80
1029;14/09/2025 10:00:00;URB;186;18,40;92,10
1030;14/09/2025 10:00:00;URB;145;24,68;81,40
1001;14/09/2025 11:00:00;M30;358;18,91;89,20
1002;14/09/2025 11:00:00;URB;99;11,91;90,10
1003;14/09/2025 11:00:00;M30;371;17,76;90,00
1004;14/09/2025 11:00:00;M30;298;8,68;84,10
1005;14/09/2025 11:00:00;M30;335;14,57;-1,00
1006;14/09/2025 11:00:00;M30;345;18,06;89,40
1008;14/09/2025 11:00:00;URB;137;19,26;92,00
1009;14/09/2025 11:00:00;M30;340;16,58;80,90
1010;14/09/2025 11:00:00;URB;131;17,19;90,70
1011;14/09/2025 11:00:00;URB;120;16,70;80,80
1012;14/09/2025 11:00:00;M30;407;23,28;-1,00
1013;14/09/2025 11:00:00;URB;122;20,22;90,80
1014;14/09/2025 11:00:00;URB;133;16,68;79,30
1015;14/09/2025 11:00:00;M30;363;18,94;85,20
1016;14/09/2025 11:00:00;URB;121;14,03;-1,00
1017;14/09/2025 11:00:00;URB;148;22,42;78,60
1018;14/09/2025 11:00:00;URB;121;13,78;92,70
1019;14/09/2025 11:00:00;M30;345;11,37;83,30
1020;14/09/2025 11:00:00;URB;130;18,87;86,00
1021;14/09/2025 11:00:00;M30;262;13,94;83,40
1022;14/09/2025 11:00:00;URB;141;23,76;83,60
1023;14/09/2025 11:00:00;URB;133;16,89;80,50
1024;14/09/2025 11:00:00;URB;111;13,77;89,00
1025;14/09/2025 11:00:00;M30;329;14,33;86,40
1026;14/09/2025 11:00:00;URB;124;15,61;86,80
1027;14/09/2025 11:00:00;M30;378;18,42;-1,00
1028;14/09/2025 11:00:00;URB;123;17,06;89,70
1029;14/09/2025 11:00:00;URB;127;17,41;-1,00
1030;14/09/2025 11:00:00;URB;127;20,55;83,00
1001;14/09/2025 12:00:00;M30;272;15,51;92,00
1002;14/09/2025 12:00:00;URB;104;16,04;-1,00
1003;14/09/2025 12:00:00;M30;295;10,42;92,30
1004;14/09/2025 12:00:00;M30;301;12,58;-1,00
1005;14/09/2025 12:00:00;M30;261;13,47;91,70
1006;14/09/2025 12:00:00;M30;269;12,47;88,10
1008;14/09/2025 12:00:00;URB;113;9,85;96,00
1009;14/09/2025 12:00:00;M30;288;14,60;83,30
1010;14/09/2025 12:00:00;URB;82;9,42;85,60
1011;14/09/2025 12:00:00;URB;108;11,04;84,20
1012;14/09/2025 12:00:00;M30;307;17,95;80,30
1013;14/09/2025 12:00:00;URB;107;18,28;94,40
1014;14/09/2025 12:00:00;URB;77;11,98;-1,00
1015;14/09/2025 12:00:00;M30;262;13,58;81,40
1016;14/09/2025 12:00:00;URB;112;17,66;86,00
1017;14/09/2025 12:00:00;URB;95;13,53;87,00
1018;14/09/2025 12:00:00;URB;90;10,32;84,10
1019;14/09/2025 12:00:00;M30;263;13,20;-1,00
1020;14/09/2025 12:00:00;URB;86;10,13;93,60
1021;14/09/2025 12:00:00;M30;273;14,04;86,00
1022;14/09/2025 12:00:00;URB;90;9,86;87,70
1023;14/09/2025 12:00:00;URB;109;10,85;86,30
1024;14/09/2025 12:00:00;URB;85;7,99;92,80
1025;14/09/2025 12:00:00;M30;308;17,77;86,10
1026;14/09/2025 12:00:00;URB;111;14,27;77,70
1027;14/09/2025 12:00:00;M30;295;14,13;87,00
1028;14/09/2025 12:00:00;URB;88;8,19;95,70
1029;14/09/2025 12:00:00;URB;103;18,34;82,50
1030;14/09/2025 12:00:00;URB;113;18,58;90,30
1001;14/09/2025 13:00:00;M30;230;11,68;91,70
1002;14/09/2025 13:00:00;URB;89;7,55;88,60
1003;14/09/2025 13:00:00;M30;204;11,40;90,00
1004;14/09/2025 13:00:00;M30;260;9,91;87,70
1005;14/09/2025 13:00:00;M30;224;7,78;92,50
1006;14/09/2025 13:00:00;M30;248;12,52;81,10
1008;14/09/2025 13:00:00;URB;89;11,85;99,90
1009;14/09/2025 13:00:00;M30;239;13,31;94,30
1010;14/09/2025 13:00:00;URB;89;11,02;91,60
1011;14/09/2025 13:00:00;URB;82;8,88;-1,00
1012;14/09/2025 13:00:00;M30;241;10,88;86,60
1013;14/09/2025 13:00:00;URB;93;11,18;91,40
1014;14/09/2025 13:00:00;URB;90;8,86;90,20
1015;14/09/2025 13:00:00;M30;255;12,57;91,30
1016;14/09/2025 13:00:00;URB;86;11,63;-1,00
1017;14/09/2025 13:00:00;URB;83;10,60;82,70
1018;14/09/2025 13:00:00;URB;72;9,00;86,80
1019;14/09/2025 13:00:00;M30;266;13,64;86,40
1020;14/09/2025 13:00:00;URB;96;13,14;-1,00
1021;14/09/2025 13:00:00;M30;215;10,61;86,30
1022;14/09/2025 13:00:00;URB;90;13,31;89,70
1023;14/09/2025 13:00:00;URB;96;12,31;84,70
1024;14/09/2025 13:00:00;URB;94;11,21;81,80
1025;14/09/2025 13:00:00;M30;210;7,85;101,30
1026;14/09/2025 13:00:00;URB;89;8,13;89,80
1027;14/09/2025 13:00:00;M30;288;14,28;89,90
1028;14/09/2025 13:00:00;URB;76;10,85;-1,00
1029;14/09/2025 13:00:00;URB;85;7,46;90,70
1030;14/09/2025 13:00:00;URB;81;10,37;87,10
1001;14/09/2025 14:00:00;M30;249;10,10;92,20
1002;14/09/2025 14:00:00;URB;87;13,33;88,80
1003;14/09/2025 14:00:00;M30;222;12,04;-1,00
1004;14/09/2025 14:00:00;M30;239;12,04;93,30
1005;14/09/2025 14:00:00;M30;209;6,73;88,30
1006;14/09/2025 14:00:00;M30;257;11,73;87,80
1008;14/09/2025 14:00:00;URB;93;12,77;82,40
1009;14/09/2025 14:00:00;M30;252;12,37;87,80
1010;14/09/2025 14:00:00;URB;80;6,41;91,20
1011;14/09/2025 14:00:00;URB;97;8,28;85,80
1012;14/09/2025 14:00:00;M30;239;11,97;84,50
1013;14/09/2025 14:00:00;URB;88;8,96;88,30
1014;14/09/2025 14:00:00;URB;75;10,67;81,80
1015;14/09/2025 14:00:00;M30;201;8,88;84,10
1016;14/09/2025 14:00:00;URB;77;6,88;95,30
1017;14/09/2025 14:00:00;URB;78;9,29;-1,00
1018;14/09/2025 14:00:00;URB;91;12,14;81,40
1019;14/09/2025 14:00:00;M30;277;15,76;88,60
1020;14/09/2025 14:00:00;URB;97;15,37;86,00
1021;14/09/2025 14:00:00;M30;236;11,64;88,40
1022;14/09/2025 14:00:00;URB;88;11,13;88,10
1023;14/09/2025 14:00:00;URB;79;10,35;93,10
1024;14/09/2025 14:00:00;URB;81;10,20;84,70
1025;14/09/2025 14:00:00;M30;237;8,64;86,10
1026;14/09/2025 14:00:00;URB;80;10,32;81,90
1027;14/09/2025 14:00:00;M30;273;13,76;89,00
1028;14/09/2025 14:00:00;URB;86;8,74;89,20
1029;14/09/2025 14:00:00;URB;92;12,98;90,30
1030;14/09/2025 14:00:00;URB;79;10,64;83,70
1001;14/09/2025 15:00:00;M30;285;11,71;90,00
1002;14/09/2025 15:00:00;URB;116;14,84;91,30
1003;14/09/2025 15:00:00;M30;257;13,03;-1,00
1004;14/09/2025 15:00:00;M30;282;12,36;-1,00
1005;14/09/2025 15:00:00;M30;298;16,85;94,80
1006;14/09/2025 15:00:00;M30;233;16,76;83,10
1008;14/09/2025 15:00:00;URB;101;11,55;93,10
1009;14/09/2025 15:00:00;M30;323;18,14;87,20
1010;14/09/2025 15:00:00;URB;109;16,25;86,10
1011;14/09/2025 15:00:00;URB;99;10,52;90,30
1012;14/09/2025 15:00:00;M30;318;14,34;86,50
1013;14/09/2025 15:00:00;URB;119;14,63;88,30
1014;14/09/2025 15:00:00;URB;100;11,23;88,20
1015;14/09/2025 15:00:00;M30;284;11,16;87,70
1016;14/09/2025 15:00:00;URB;108;14,54;-1,00
1017;14/09/2025 15:00:00;URB;101;14,84;-1,00
1018;14/09/2025 15:00:00;URB;103;11,25;93,10
1019;14/09/2025 15:00:00;M30;288;13,35;84,90
1020;14/09/2025 15:00:00;URB;117;18,01;87,60
1021;14/09/2025 15:00:00;M30;271;12,91;88,20
1022;14/09/2025 15:00:00;URB;115;20,17;93,70
1023;14/09/2025 15:00:00;URB;107;13,43;81,10
1024;14/09/2025 15:00:00;URB;102;8,89;89,90
1025;14/09/2025 15:00:00;M30;276;12,18;89,80
1026;14/09/2025 15:00:00;URB;122;24,18;83,80
1027;14/09/2025 15:00:00;M30;317;15,43;90,60
1028;14/09/2025 15:00:00;URB;107;16,20;92,70
1029;14/09/2025 15:00:00;URB;93;8,38;95,50
1030;14/09/2025 15:00:00;URB;91;13,29;-1,00
1001;14/09/2025 16:00:00;M30;367;17,37;79,90
1002;14/09/2025 16:00:00;URB;148;25,55;-1,00
1003;14/09/2025 16:00:00;M30;347;16,69;87,20
1004;14/09/2025 16:00:00;M30;420;23,14;-1,00
1005;14/09/2025 16:00:00;M30;350;16,04;86,10
1006;14/09/2025 16:00:00;M30;401;21,42;80,50
1008;14/09/2025 16:00:00;URB;114;10,36;92,90
1009;14/09/2025 16:00:00;M30;457;19,35;78,80
1010;14/09/2025 16:00:00;URB;119;16,11;83,10
1011;14/09/2025 16:00:00;URB;127;21,46;80,50
1012;14/09/2025 16:00:00;M30;414;14,21;84,20
1013;14/09/2025 16:00:00;URB;133;14,19;88,70
1014;14/09/2025 16:00:00;URB;145;16,86;79,30
1015;14/09/2025 16:00:00;M30;427;23,34;81,90
1016;14/09/2025 16:00:00;URB;149;18,58;90,40
1017;14/09/2025 16:00:00;URB;152;21,45;83,00
1018;14/09/2025 16:00:00;URB;147;21,94;82,90
1019;14/09/2025 16:00:00;M30;424;14,71;82,50
1020;14/09/2025 16:00:00;URB;135;21,15;-1,00
1021;14/09/2025 16:00:00;M30;395;9,34;89,00
1022;14/09/2025 16:00:00;URB;134;19,20;82,10
1023;14/09/2025 16:00:00;URB;121;20,39;79,60
1024;14/09/2025 16:00:00;URB;132;13,91;92,60
1025;14/09/2025 16:00:00;M30;378;16,15;91,30
1026;14/09/2025 16:00:00;URB;135;16,17;79,70
1027;14/09/2025 16:00:00;M30;405;15,52;-1,00
1028;14/09/2025 16:00:00;URB;125;21,91;86,00
1029;14/09/2025 16:00:00;URB;116;14,69;87,40
1030;14/09/2025 16:00:00;URB;143;25,19;86,40
1001;14/09/2025 17:00:00;M30;533;29,40;82,90
1002;14/09/2025 17:00:00;URB;185;18,38;89,90
1003;14/09/2025 17:00:00;M30;416;24,76;89,90
1004;14/09/2025 17:00:00;M30;537;34,48;74,10
1005;14/09/2025 17:00:00;M30;521;22,05;-1,00
1006;14/09/2025 17:00:00;M30;552;31,03;-1,00
1008;14/09/2025 17:00:00;URB;155;21,17;74,50
1009;14/09/2025 17:00:00;M30;506;23,66;77,80
1010;14/09/2025 17:00:00;URB;146;19,18;86,40
1011;14/09/2025 17:00:00;URB;200;21,61;83,30
1012;14/09/2025 17:00:00;M30;569;24,86;80,90
1013;14/09/2025 17:00:00;URB;137;24,02;81,10
1014;14/09/2025 17:00:00;URB;202;25,55;82,80
1015;14/09/2025 17:00:00;M30;494;21,49;-1,00
1016;14/09/2025 17:00:00;URB;200;38,83;77,40
1017;14/09/2025 17:00:00;URB;165;22,03;84,40
1018;14/09/2025 17:00:00;URB;168;18,94;82,90
1019;14/09/2025 17:00:00;M30;457;20,75;78,90
1020;14/09/2025 17:00:00;URB;198;26,04;84,90
1021;14/09/2025 17:00:00;M30;525;26,14;84,40
1022;14/09/2025 17:00:00;URB;186;27,53;84,60
1023;14/09/2025 17:00:00;URB;170;18,85;97,40
1024;14/09/2025 17:00:00;URB;181;19,54;85,80
1025;14/09/2025 17:00:00;M30;526;26,55;79,00
1026;14/09/2025 17:00:00;URB;197;26,77;79,50
1027;14/09/2025 17:00:00;M30;599;12,12;95,90
1028;14/09/2025 17:00:00;URB;194;34,41;81,00
1029;14/09/2025 17:00:00;URB;159;21,68;79,00
1030;14/09/2025 17:00:00;URB;166;24,91;77,50
1001;14/09/2025 18:00:00;M30;604;27,30;85,40
1002;14/09/2025 18:00:00;URB;199;21,94;84,90
1003;14/09/2025 18:00:00;M30;579;13,44;87,50
1004;14/09/2025 18:00:00;M30;578;26,90;80,50
1005;14/09/2025 18:00:00;M30;557;23,18;77,50
1006;14/09/2025 18:00:00;M30;552;27,73;74,50
1008;14/09/2025 18:00:00;URB;209;27,81;83,80
1009;14/09/2025 18:00:00;M30;582;29,22;82,70
1010;14/09/2025 18:00:00;URB;218;21,86;80,40
1011;14/09/2025 18:00:00;URB;213;30,48;-1,00
1012;14/09/2025 18:00:00;M30;648;32,67;72,00
1013;14/09/2025 18:00:00;URB;187;18,88;-1,00
1014;14/09/2025 18:00:00;URB;228;33,36;80,30
1015;14/09/2025 18:00:00;M30;573;30,82;78,20
1016;14/09/2025 18:00:00;URB;219;28,22;76,90
1017;14/09/2025 18:00:00;URB;223;22,28;-1,00
1018;14/09/2025 18:00:00;URB;211;28,31;80,40
1019;14/09/2025 18:00:00;M30;629;20,69;78,20
1020;14/09/2025 18:00:00;URB;190;23,87;82,00
1021;14/09/2025 18:00:00;M30;673;22,03;88,80
1022;14/09/2025 18:00:00;URB;258;29,51;-1,00
1023;14/09/2025 18:00:00;URB;226;26,75;78,80
1024;14/09/2025 18:00:00;URB;262;32,60;77,80
1025;14/09/2025 18:00:00;M30;613;33,66;72,90
1026;14/09/2025 18:00:00;URB;222;32,32;71,70
1027;14/09/2025 18:00:00;M30;547;25,83;86,60
1028;14/09/2025 18:00:00;URB;219;35,01;75,10
1029;14/09/2025 18:00:00;URB;222;35,23;74,80
1030;14/09/2025 18:00:00;URB;168;26,25;76,00
1001;14/09/2025 19:00:00;M30;595;42,03;76,60
1002;14/09/2025 19:00:00;URB;218;20,17;84,30
1003;14/09/2025 19:00:00;M30;640;32,78;83,60
1004;14/09/2025 19:00:00;M30;681;30,16;75,20
1005;14/09/2025 19:00:00;M30;760;33,10;79,10
1006;14/09/2025 19:00:00;M30;723;30,20;74,00
1008;14/09/2025 19:00:00;URB;240;33,69;77,80
1009;14/09/2025 19:00:00;M30;689;36,80;78,50
1010;14/09/2025 19:00:00;URB;224;24,97;88,00
1011;14/09/2025 19:00:00;URB;249;29,82;80,90
1012;14/09/2025 19:00:00;M30;607;26,93;78,70
1013;14/09/2025 19:00:00;URB;236;23,23;81,40
1014;14/09/2025 19:00:00;URB;227;19,22;80,30
1015;14/09/2025 19:00:00;M30;521;27,59;79,30
1016;14/09/2025 19:00:00;URB;194;30,63;69,10
1016;14/09/2025 19:00:00;URB;194;30,63;69,10
1017;14/09/2025 19:00:00;URB;219;28,95;-1,00
1018;14/09/2025 19:00:00;URB;228;28,72;78,20
1019;14/09/2025 19:00:00;M30;618;39,12;72,80
1020;14/09/2025 19:00:00;URB;238;30,35;76,80
1021;14/09/2025 19:00:00;M30;575;28,66;-1,00
1022;14/09/2025 19:00:00;URB;242;27,21;81,70
1023;14/09/2025 19:00:00;URB;234;37,51;71,40
1024;14/09/2025 19:00:00;URB;276;27,63;90,30
1025;14/09/2025 19:00:00;M30;615;28,63;77,60
1026;14/09/2025 19:00:00;URB;265;23,44;88,40
1027;14/09/2025 19:00:00;M30;683;35,67;80,40
1028;14/09/2025 19:00:00;URB;218;21,55;82,10
1029;14/09/2025 19:00:00;URB;226;30,52;80,80
1030;14/09/2025 19:00:00;URB;227;37,55;73,50
1001;14/09/2025 20:00:00;M30;600;33,76;-1,00
1002;14/09/2025 20:00:00;URB;178;17,37;80,20
1003;14/09/2025 20:00:00;M30;591;24,02;-1,00
1004;14/09/2025 20:00:00;M30;608;27,52;81,10
1005;14/09/2025 20:00:00;M30;542;13,10;88,40
1006;14/09/2025 20:00:00;M30;785;36,17;75,90
1008;14/09/2025 20:00:00;URB;228;27,57;81,20
1009;14/09/2025 20:00:00;M30;541;33,21;74,80
1010;14/09/2025 20:00:00;URB;212;24,26;85,90
1011;14/09/2025 20:00:00;URB;201;17,33;90,80
1012;14/09/2025 20:00:00;M30;649;25,43;81,60
1013;14/09/2025 20:00:00;URB;244;27,27;79,00
1014;14/09/2025 20:00:00;URB;209;24,58;85,40
1015;14/09/2025 20:00:00;M30;523;21,61;91,80
1016;14/09/2025 20:00:00;URB;233;34,01;77,30
1017;14/09/2025 20:00:00;URB;206;28,39;78,80
1018;14/09/2025 20:00:00;URB;185;15,89;-1,00
1019;14/09/2025 20:00:00;M30;585;21,67;82,40
1020;14/09/2025 20:00:00;URB;202;24,56;77,80
1021;14/09/2025 20:00:00;M30;488;13,79;80,30
1022;14/09/2025 20:00:00;URB;204;19,19;-1,00
1023;14/09/2025 20:00:00;URB;218;25,58;76,20
1024;14/09/2025 20:00:00;URB;232;25,76;74,70
1025;14/09/2025 20:00:00;M30;706;26,90;80,00
1026;14/09/2025 20:00:00;URB;249;31,06;81,00
1027;14/09/2025 20:00:00;M30;656;29,18;74,20
1028;14/09/2025 20:00:00;URB;230;27,82;81,80
1029;14/09/2025 20:00:00;URB;217;23,44;78,70
1030;14/09/2025 20:00:00;URB;192;28,67;-1,00
1001;14/09/2025 21:00:00;M30;465;26,99;78,70
1002;14/09/2025 21:00:00;URB;175;18,51;83,20
1003;14/09/2025 21:00:00;M30;582;26,79;74,50
1004;14/09/2025 21:00:00;M30;584;34,43;72,60
1005;14/09/2025 21:00:00;M30;453;21,04;84,10
1006;14/09/2025 21:00:00;M30;480;25,31;76,50
1008;14/09/2025 21:00:00;URB;181;24,53;-1,00
1009;14/09/2025 21:00:00;M30;493;18,97;90,70
1010;14/09/2025 21:00:00;URB;158;19,60;90,40
1011;14/09/2025 21:00:00;URB;165;17,75;85,30
1012;14/09/2025 21:00:00;M30;522;20,85;84,30
1013;14/09/2025 21:00:00;URB;193;26,59;85,00
1014;14/09/2025 21:00:00;URB;187;21,14;84,30
1015;14/09/2025 21:00:00;M30;461;23,00;82,90
1016;14/09/2025 21:00:00;URB;185;21,01;83,50
1017;14/09/2025 21:00:00;URB;174;26,48;73,60
1018;14/09/2025 21:00:00;URB;189;25,95;78,80
1019;14/09/2025 21:00:00;M30;433;21,23;87,20
1020;14/09/2025 21:00:00;URB;178;22,74;84,30
1021;14/09/2025 21:00:00;M30;483;21,66;78,00
1022;14/09/2025 21:00:00;URB;161;18,76;88,60
1023;14/09/2025 21:00:00;URB;186;26,16;-1,00
1024;14/09/2025 21:00:00;URB;167;21,20;82,00
1025;14/09/2025 21:00:00;M30;498;28,95;80,00
1026;14/09/2025 21:00:00;URB;194;24,78;72,80
1027;14/09/2025 21:00:00;M30;419;18,85;85,30
1028;14/09/2025 21:00:00;URB;165;17,41;86,80
1029;14/09/2025 21:00:00;URB;184;22,14;-1,00
1030;14/09/2025 21:00:00;URB;171;29,36;83,10
1001;14/09/2025 22:00:00;M30;361;17,48;83,50
1002;14/09/2025 22:00:00;URB;128;17,17;-1,00
1003;14/09/2025 22:00:00;M30;381;18,78;82,50
1004;14/09/2025 22:00:00;M30;390;18,96;80,00
1005;14/09/2025 22:00:00;M30;331;14,06;92,10
1006;14/09/2025 22:00:00;M30;387;16,83;80,80
1008;14/09/2025 22:00:00;URB;126;18,65;79,30
1009;14/09/2025 22:00:00;M30;425;16,88;83,70
1010;14/09/2025 22:00:00;URB;111;14,46;-1,00
1011;14/09/2025 22:00:00;URB;120;12,32;93,70
1012;14/09/2025 22:00:00;M30;354;21,56;85,50
1013;14/09/2025 22:00:00;URB;139;24,23;-1,00
1014;14/09/2025 22:00:00;URB;128;15,44;92,50
1015;14/09/2025 22:00:00;M30;376;23,06;-1,00
1016;14/09/2025 22:00:00;URB;118;10,04;100,30
1017;14/09/2025 22:00:00;URB;121;20,48;86,30
1018;14/09/2025 22:00:00;URB;138;22,43;89,70
1019;14/09/2025 22:00:00;M30;363;19,61;88,60
1020;14/09/2025 22:00:00;URB;132;17,94;88,20
1021;14/09/2025 22:00:00;M30;344;14,02;95,30
1022;14/09/2025 22:00:00;URB;116;14,40;-1,00
1023;14/09/2025 22:00:00;URB;108;11,09;91,50
1024;14/09/2025 22:00:00;URB;149;27,30;80,00
1025;14/09/2025 22:00:00;M30;350;19,17;85,90
1026;14/09/2025 22:00:00;URB;155;21,62;-1,00
1027;14/09/2025 22:00:00;M30;434;21,76;84,50
1028;14/09/2025 22:00:00;URB;117;16,38;80,90
1029;14/09/2025 22:00:00;URB;118;12,24;-1,00
1030;14/09/2025 22:00:00;URB;126;17,19;88,20
1001;14/09/2025 23:00:00;M30;306;10,88;93,10
1002;14/09/2025 23:00:00;URB;116;15,47;81,30
1003;14/09/2025 23:00:00;M30;273;14,86;90,50
1004;14/09/2025 23:00:00;M30;263;12,21;86,00
1005;14/09/2025 23:00:00;M30;279;13,43;90,70
1006;14/09/2025 23:00:00;M30;308;18,07;86,60
1008;14/09/2025 23:00:00;URB;101;14,16;83,50
1009;14/09/2025 23:00:00;M30;295;14,99;93,00
1010;14/09/2025 23:00:00;URB;96;10,43;82,20
1011;14/09/2025 23:00:00;URB;110;10,86;87,50
1012;14/09/2025 23:00:00;M30;313;17,29;91,30
1013;14/09/2025 23:00:00;URB;93;12,97;89,80
1014;14/09/2025 23:00:00;URB;104;11,85;-1,00
1015;14/09/2025 23:00:00;M30;284;14,75;-1,00
1016;14/09/2025 23:00:00;URB;113;19,66;84,70
1017;14/09/2025 23:00:00;URB;116;14,96;83,10
1018;14/09/2025 23:00:00;URB;112;12,78;88,00
1019;14/09/2025 23:00:00;M30;326;17,91;85,50
1020;14/09/2025 23:00:00;URB;94;7,46;89,50
1021;14/09/2025 23:00:00;M30;263;14,63;88,00
1022;14/09/2025 23:00:00;URB;92;10,63;87,20
1023;14/09/2025 23:00:00;URB;93;14,37;87,40
1024;14/09/2025 23:00:00;URB;120;14,91;93,60
1025;14/09/2025 23:00:00;M30;262;11,63;-1,00
1026;14/09/2025 23:00:00;URB;108;15,43;82,60
1027;14/09/2025 23:00:00;M30;310;14,28;85,80
1028;14/09/2025 23:00:00;URB;102;12,10;88,70
1029;14/09/2025 23:00:00;URB;93;9,04;97,50
1030;14/09/2025 23:00:00;URB;108;14,62;-1,00
1001;15/09/2025 00:00:00;M30;273;14,17;-1,00
1002;15/09/2025 00:00:00;URB;116;15,17;85,30
1003;15/09/2025 00:00:00;M30;334;15,82;84,30
1004;15/09/2025 00:00:00;M30;301;10,41;89,50
1005;15/09/2025 00:00:00;M30;345;17,46;91,20
1006;15/09/2025 00:00:00;M30;299;16,04;88,60
1007;15/09/2025 00:00:00;M30;303;10,69;83,40
1008;15/09/2025 00:00:00;URB;122;15,81;87,10
1009;15/09/2025 00:00:00;M30;345;14,04;90,20
1010;15/09/2025 00:00:00;URB;117;13,30;94,00
1011;15/09/2025 00:00:00;URB;103;14,79;86,20
1012;15/09/2025 00:00:00;M30;298;18,23;85,40
1013;15/09/2025 00:00:00;URB;102;11,85;93,30
1014;15/09/2025 00:00:00;URB;117;9,30;-1,00
1015;15/09/2025 00:00:00;M30;247;12,76;91,00
1016;15/09/2025 00:00:00;URB;128;19,37;79,90
1017;15/09/2025 00:00:00;URB;121;14,25;81,10
1018;15/09/2025 00:00:00;URB;99;13,37;81,10
1019;15/09/2025 00:00:00;M30;318;11,09;86,90
1020;15/09/2025 00:00:00;URB;104;9,98;94,00
1021;15/09/2025 00:00:00;M30;329;12,04;86,70
1022;15/09/2025 00:00:00;URB;111;12,04;87,80
1023;15/09/2025 00:00:00;URB;94;10,93;-1,00
1024;15/09/2025 00:00:00;URB;115;12,03;89,30
1025;15/09/2025 00:00:00;M30;319;11,13;83,80
1026;15/09/2025 00:00:00;URB;107;10,64;-1,00
1027;15/09/2025 00:00:00;M30;300;12,44;95,00
1028;15/09/2025 00:00:00;URB;95;11,88;86,00
1029;15/09/2025 00:00:00;URB;125;14,45;77,30
1030;15/09/2025 00:00:00;URB;111;12,74;87,80
1001;15/09/2025 01:00:00;M30;307;16,12;89,40
1002;15/09/2025 01:00:00;URB;102;12,31;-1,00
1003;15/09/2025 01:00:00;M30;300;14,72;-1,00
1004;15/09/2025 01:00:00;M30;353;15,85;84,80
1005;15/09/2025 01:00:00;M30;310;14,82;92,20
1006;15/09/2025 01:00:00;M30;287;15,94;86,90
1007;15/09/2025 01:00:00;M30;280;11,04;86,40
1008;15/09/2025 01:00:00;URB;99;11,72;95,90
1009;15/09/2025 01:00:00;M30;361;13,74;81,10
1010;15/09/2025 01:00:00;URB;108;15,30;84,50
1011;15/09/2025 01:00:00;URB;102;12,51;85,20
1012;15/09/2025 01:00:00;M30;277;12,41;90,50
1013;15/09/2025 01:00:00;URB;102;12,05;89,50
1014;15/09/2025 01:00:00;URB;108;15,24;91,50
1015;15/09/2025 01:00:00;M30;324;13,85;-1,00
1016;15/09/2025 01:00:00;URB;109;15,36;84,40
1017;15/09/2025 01:00:00;URB;108;8,60;92,00
1018;15/09/2025 01:00:00;URB;88;10,10;-1,00
1019;15/09/2025 01:00:00;M30;316;18,28;87,30
1020;15/09/2025 01:00:00;URB;121;16,26;89,30
1021;15/09/2025 01:00:00;M30;298;9,69;89,90
1022;15/09/2025 01:00:00;URB;101;11,67;94,30
1023;15/09/2025 01:00:00;URB;100;14,68;88,80
1024;15/09/2025 01:00:00;URB;121;15,16;83,90
1025;15/09/2025 01:00:00;M30;314;17,56;86,80
1026;15/09/2025 01:00:00;URB;124;13,42;-1,00
1027;15/09/2025 01:00:00;M30;340;16,29;85,50
1028;15/09/2025 01:00:00;URB;128;19,02;74,40
1029;15/09/2025 01:00:00;URB;105;11,36;-1,00
1030;15/09/2025 01:00:00;URB;112;19,08;-1,00
1001;15/09/2025 02:00:00;M30;287;13,07;85,60
1002;15/09/2025 02:00:00;URB;125;16,59;85,30
1003;15/09/2025 02:00:00;M30;363;13,41;92,50
1004;15/09/2025 02:00:00;M30;342;15,61;89,10
1005;15/09/2025 02:00:00;M30;308;13,67;88,30
1006;15/09/2025 02:00:00;M30;253;13,73;92,20
1007;15/09/2025 02:00:00;M30;303;14,81;86,10
1008;15/09/2025 02:00:00;URB;105;9,66;95,90
1009;15/09/2025 02:00:00;M30;328;16,62;91,00
1010;15/09/2025 02:00:00;URB;116;19,18;87,40
1011;15/09/2025 02:00:00;URB;97;14,59;86,60
1012;15/09/2025 02:00:00;M30;316;9,55;88,70
1013;15/09/2025 02:00:00;URB;115;14,06;88,10
1014;15/09/2025 02:00:00;URB;107;7,49;95,50
1015;15/09/2025 02:00:00;M30;226;10,13;88,70
1016;15/09/2025 02:00:00;URB;89;7,57;91,10
1017;15/09/2025 02:00:00;URB;109;14,97;91,10
1018;15/09/2025 02:00:00;URB;107;11,64;83,60
1019;15/09/2025 02:00:00;M30;300;14,36;89,00
1020;15/09/2025 02:00:00;URB;99;8,28;80,90
1021;15/09/2025 02:00:00;M30;283;12,36;-1,00
1022;15/09/2025 02:00:00;URB;118;17,17;79,40
1023;15/09/2025 02:00:00;URB;113;15,90;76,60
1024;15/09/2025 02:00:00;URB;111;16,71;-1,00
1025;15/09/2025 02:00:00;M30;255;9,69;89,10
1026;15/09/2025 02:00:00;URB;110;12,30;84,70
1027;15/09/2025 02:00:00;M30;341;10,25;89,90
1028;15/09/2025 02:00:00;URB;96;14,64;-1,00
1029;15/09/2025 02:00:00;URB;121;18,93;88,30
1030;15/09/2025 02:00:00;URB;116;9,24;91,60
1001;15/09/2025 03:00:00;M30;294;11,04;91,90
1002;15/09/2025 03:00:00;URB;122;10,32;91,90
1003;15/09/2025 03:00:00;M30;326;12,02;88,70
1004;15/09/2025 03:00:00;M30;333;11,41;87,80
1005;15/09/2025 03:00:00;M30;398;16,74;90,10
1006;15/09/2025 03:00:00;M30;322;16,46;89,00
1007;15/09/2025 03:00:00;M30;306;11,64;85,80
1008;15/09/2025 03:00:00;URB;124;19,54;80,50
1009;15/09/2025 03:00:00;M30;267;9,92;88,90
1010;15/09/2025 03:00:00;URB;120;17,10;75,30
1011;15/09/2025 03:00:00;URB;122;19,49;91,00
1012;15/09/2025 03:00:00;M30;287;14,80;89,30
1013;15/09/2025 03:00:00;URB;111;18,36;82,60
1014;15/09/2025 03:00:00;URB;130;16,63;80,70
1015;15/09/2025 03:00:00;M30;363;20,31;85,50
1016;15/09/2025 03:00:00;URB;130;20,38;83,80
1017;15/09/2025 03:00:00;URB;106;9,50;90,80
1018;15/09/2025 03:00:00;URB;109;17,05;86,00
1019;15/09/2025 03:00:00;M30;281;11,93;88,10
1020;15/09/2025 03:00:00;URB;106;18,37;86,50
1021;15/09/2025 03:00:00;M30;321;11,97;-1,00
1022;15/09/2025 03:00:00;URB;108;15,00;-1,00
1023;15/09/2025 03:00:00;URB;131;16,31;83,70
1024;15/09/2025 03:00:00;URB;135;15,47;86,10
1025;15/09/2025 03:00:00;M30;326;17,22;85,70
1026;15/09/2025 03:00:00;URB;117;16,48;82,00
1027;15/09/2025 03:00:00;M30;301;12,33;92,00
1028;15/09/2025 03:00:00;URB;122;19,54;-1,00
1029;15/09/2025 03:00:00;URB;119;18,69;74,50
1030;15/09/2025 03:00:00;URB;122;17,72;77,10
1001;15/09/2025 04:00:00;M30;345;13,53;84,20
1002;15/09/2025 04:00:00;URB;136;18,67;-1,00
1003;15/09/2025 04:00:00;M30;307;17,28;79,90
1004;15/09/2025 04:00:00;M30;344;12,13;80,10
1005;15/09/2025 04:00:00;M30;357;17,93;93,70
1006;15/09/2025 04:00:00;M30;357;23,52;77,90
1007;15/09/2025 04:00:00;M30;410;21,40;75,70
1008;15/09/2025 04:00:00;URB;120;13,62;88,20
1009;15/09/2025 04:00:00;M30;346;20,64;80,70
1010;15/09/2025 04:00:00;URB;133;18,37;87,70
1011;15/09/2025 04:00:00;URB;128;15,26;88,10
1012;15/09/2025 04:00:00;M30;354;14,69;-1,00
1013;15/09/2025 04:00:00;URB;125;13,98;88,40
1014;15/09/2025 04:00:00;URB;115;17,56;93,50
1015;15/09/2025 04:00:00;M30;400;15,19;85,90
1016;15/09/2025 04:00:00;URB;160;25,81;79,50
1017;15/09/2025 04:00:00;URB;133;17,98;78,80
1018;15/09/2025 04:00:00;URB;144;22,48;85,20
1019;15/09/2025 04:00:00;M30;366;22,76;79,80
1020;15/09/2025 04:00:00;URB;116;14,50;88,40
1021;15/09/2025 04:00:00;M30;350;14,51;91,40
1022;15/09/2025 04:00:00;URB;121;18,07;82,70
1023;15/09/2025 04:00:00;URB;117;16,59;79,50
1024;15/09/2025 04:00:00;URB;150;15,38;82,60
1025;15/09/2025 04:00:00;M30;381;17,38;-1,00
1026;15/09/2025 04:00:00;URB;143;16,70;-1,00
1027;15/09/2025 04:00:00;M30;330;11,69;84,00
1028;15/09/2025 04:00:00;URB;132;16,81;-1,00
1029;15/09/2025 04:00:00;URB;133;15,43;86,30
1030;15/09/2025 04:00:00;URB;129;14,52;87,90
1001;15/09/2025 05:00:00;M30;435;26,13;87,00
1002;15/09/2025 05:00:00;URB;157;22,75;84,90
1003;15/09/2025 05:00:00;M30;432;15,11;88,30
1004;15/09/2025 05:00:00;M30;459;21,91;86,40
1005;15/09/2025 05:00:00;M30;392;15,76;-1,00
1006;15/09/2025 05:00:00;M30;395;17,90;83,90
1007;15/09/2025 05:00:00;M30;470;17,98;79,90
1008;15/09/2025 05:00:00;URB;153;21,62;86,20
1009;15/09/2025 05:00:00;M30;445;15,69;-1,00
1010;15/09/2025 05:00:00;URB;152;27,08;87,00
1011;15/09/2025 05:00:00;URB;150;20,59;79,90
1012;15/09/2025 05:00:00;M30;478;18,97;90,70
1013;15/09/2025 05:00:00;URB;169;19,48;86,90
1014;15/09/2025 05:00:00;URB;146;18,27;84,00
1015;15/09/2025 05:00:00;M30;438;16,90;77,30
1016;15/09/2025 05:00:00;URB;165;21,48;88,50
1017;15/09/2025 05:00:00;URB;160;25,46;77,60
1018;15/09/2025 05:00:00;URB;135;20,29;86,00
1019;15/09/2025 05:00:00;M30;414;17,17;88,60
1020;15/09/2025 05:00:00;URB;151;19,91;-1,00
1021;15/09/2025 05:00:00;M30;435;23,08;88,70
1022;15/09/2025 05:00:00;URB;178;22,17;76,90
1023;15/09/2025 05:00:00;URB;166;26,03;83,60
1024;15/09/2025 05:00:00;URB;169;20,68;84,70
1025;15/09/2025 05:00:00;M30;425;23,62;70,80
1026;15/09/2025 05:00:00;URB;155;16,62;85,50
1027;15/09/2025 05:00:00;M30;338;16,94;85,00
1028;15/09/2025 05:00:00;URB;162;21,90;83,80
1029;15/09/2025 05:00:00;URB;189;29,17;71,90
1030;15/09/2025 05:00:00;URB;139;10,01;92,90
1001;15/09/2025 06:00:00;M30;588;20,82;81,20
1002;15/09/2025 06:00:00;URB;179;18,04;87,90
1003;15/09/2025 06:00:00;M30;492;26,88;78,30
1004;15/09/2025 06:00:00;M30;605;25,39;-1,00
1005;15/09/2025 06:00:00;M30;570;32,55;77,20
1006;15/09/2025 06:00:00;M30;532;21,08;-1,00
1007;15/09/2025 06:00:00;M30;625;31,63;80,60
1008;15/09/2025 06:00:00;URB;216;29,43;-1,00
1009;15/09/2025 06:00:00;M30;664;17,91;92,40
1010;15/09/2025 06:00:00;URB;214;13,96;83,70
1011;15/09/2025 06:00:00;URB;228;32,82;-1,00
1012;15/09/2025 06:00:00;M30;554;26,29;81,80
1013;15/09/2025 06:00:00;URB;199;21,48;86,10
1014;15/09/2025 06:00:00;URB;211;30,28;80,20
1015;15/09/2025 06:00:00;M30;661;35,00;72,80
1016;15/09/2025 06:00:00;URB;222;36,94;74,50
1017;15/09/2025 06:00:00;URB;237;19,55;78,10
1018;15/09/2025 06:00:00;URB;221;31,71;76,00
1019;15/09/2025 06:00:00;M30;601;21,70;84,30
1020;15/09/2025 06:00:00;URB;235;34,09;77,20
1021;15/09/2025 06:00:00;M30;586;39,07;74,20
1022;15/09/2025 06:00:00;URB;190;25,68;82,00
1023;15/09/2025 06:00:00;URB;208;27,82;75,20
1024;15/09/2025 06:00:00;URB;191;20,17;84,60
1025;15/09/2025 06:00:00;M30;558;28,25;75,30
1026;15/09/2025 06:00:00;URB;237;29,97;75,80
1027;15/09/2025 06:00:00;M30;670;21,08;-1,00
1028;15/09/2025 06:00:00;URB;189;26,78;84,80
1029;15/09/2025 06:00:00;URB;203;20,82;-1,00
1030;15/09/2025 06:00:00;URB;213;27,62;77,50
1001;15/09/2025 07:00:00;M30;731;32,88;81,30
1002;15/09/2025 07:00:00;URB;257;37,55;72,60
1003;15/09/2025 07:00:00;M30;668;32,42;73,90
1004;15/09/2025 07:00:00;M30;909;32,29;79,20
1005;15/09/2025 07:00:00;M30;820;44,81;71,30
1006;15/09/2025 07:00:00;M30;764;44,48;71,30
1007;15/09/2025 07:00:00;M30;618;29,14;-1,00
1008;15/09/2025 07:00:00;URB;248;29,50;74,90
1009;15/09/2025 07:00:00;M30;739;39,45;72,70
1010;15/09/2025 07:00:00;URB;243;26,02;73,60
1011;15/09/2025 07:00:00;URB;268;37,67;78,90
1012;15/09/2025 07:00:00;M30;967;25,47;78,80
1013;15/09/2025 07:00:00;URB;268;31,43;79,20
1014;15/09/2025 07:00:00;URB;233;33,80;-1,00
1015;15/09/2025 07:00:00;M30;634;35,51;72,70
1016;15/09/2025 07:00:00;URB;266;32,32;75,00
1017;15/09/2025 07:00:00;URB;271;37,50;78,50
1018;15/09/2025 07:00:00;URB;325;47,22;68,70
1019;15/09/2025 07:00:00;M30;837;40,88;72,50
1020;15/09/2025 07:00:00;URB;260;25,72;81,10
1021;15/09/2025 07:00:00;M30;814;28,58;79,10
1022;15/09/2025 07:00:00;URB;275;43,45;70,70
1023;15/09/2025 07:00:00;URB;289;34,31;75,40
1024;15/09/2025 07:00:00;URB;304;37,69;71,60
1025;15/09/2025 07:00:00;M30;778;44,50;-1,00
1026;15/09/2025 07:00:00;URB;276;33,76;-1,00
1027;15/09/2025 07:00:00;M30;765;33,02;77,30
1028;15/09/2025 07:00:00;URB;230;29,85;82,20
1029;15/09/2025 07:00:00;URB;292;33,67;84,50
1030;15/09/2025 07:00:00;URB;250;34,90;71,20
1001;15/09/2025 08:00:00;M30;1.066;59,00;60,40
1002;15/09/2025 08:00:00;URB;360;64,23;-1,00
1003;15/09/2025 08:00:00;M30;971;49,56;66,00
1004;15/09/2025 08:00:00;M30;805;38,27;76,10
1005;15/09/2025 08:00:00;M30;878;44,72;74,50
1006;15/09/2025 08:00:00;M30;826;38,44;-1,00
1007;15/09/2025 08:00:00;M30;914;42,03;73,60
1008;15/09/2025 08:00:00;URB;279;32,28;79,10
1009;15/09/2025 08:00:00;M30;806;35,88;74,70
1010;15/09/2025 08:00:00;URB;325;41,12;78,60
1011;15/09/2025 08:00:00;URB;311;38,59;-1,00
1012;15/09/2025 08:00:00;M30;850;29,91;78,20
1013;15/09/2025 08:00:00;URB;344;47,04;64,10
1014;15/09/2025 08:00:00;URB;322;55,99;70,30
1015;15/09/2025 08:00:00;M30;903;50,19;65,20
1016;15/09/2025 08:00:00;URB;311;50,06;73,60
1017;15/09/2025 08:00:00;URB;270;33,98;77,60
1018;15/09/2025 08:00:00;URB;318;46,58;74,10
1019;15/09/2025 08:00:00;M30;874;35,71;76,50
1020;15/09/2025 08:00:00;URB;323;33,98;85,00
1021;15/09/2025 08:00:00;M30;1.020;52,73;70,60
1022;15/09/2025 08:00:00;URB;331;49,22;70,80
1023;15/09/2025 08:00:00;URB;329;53,68;58,00
1024;15/09/2025 08:00:00;URB;264;30,95;84,60
1025;15/09/2025 08:00:00;M30;906;40,04;75,80
1026;15/09/2025 08:00:00;URB;287;41,12;72,20
1027;15/09/2025 08:00:00;M30;990;34,09;74,60
1028;15/09/2025 08:00:00;URB;349;47,33;65,80
1029;15/09/2025 08:00:00;URB;246;31,19;82,70
1030;15/09/2025 08:00:00;URB;382;43,63;73,90
1001;15/09/2025 09:00:00;M30;1.014;35,78;73,70
1002;15/09/2025 09:00:00;URB;311;43,47;62,60
1003;15/09/2025 09:00:00;M30;1.009;40,53;-1,00
1004;15/09/2025 09:00:00;M30;935;53,11;66,30
1005;15/09/2025 09:00:00;M30;934;34,78;-1,00
1006;15/09/2025 09:00:00;M30;872;42,79;76,90
1007;15/09/2025 09:00:00;M30;928;45,02;61,10
1008;15/09/2025 09:00:00;URB;322;48,42;73,10
1009;15/09/2025 09:00:00;M30;646;34,28;76,60
1010;15/09/2025 09:00:00;URB;328;50,26;71,70
1011;15/09/2025 09:00:00;URB;277;35,31;75,00
1012;15/09/2025 09:00:00;M30;929;44,45;79,50
1013;15/09/2025 09:00:00;URB;330;39,92;70,20
1014;15/09/2025 09:00:00;URB;307;35,00;81,40
1015;15/09/2025 09:00:00;M30;996;54,15;63,20
1016;15/09/2025 09:00:00;URB;329;52,09;66,60
1017;15/09/2025 09:00:00;URB;312;41,52;72,40
1018;15/09/2025 09:00:00;URB;316;39,57;78,80
1019;15/09/2025 09:00:00;M30;950;59,82;59,50
1020;15/09/2025 09:00:00;URB;348;44,78;75,10
1021;15/09/2025 09:00:00;M30;925;30,37;83,80
1022;15/09/2025 09:00:00;URB;301;48,82;65,00
1023;15/09/2025 09:00:00;URB;280;36,38;76,30
1024;15/09/2025 09:00:00;URB;338;37,72;71,20
1025;15/09/2025 09:00:00;M30;708;31,27;81,60
1026;15/09/2025 09:00:00;URB;364;47,32;63,30
1027;15/09/2025 09:00:00;M30;854;37,38;68,10
1028;15/09/2025 09:00:00;URB;319;41,48;78,00
1029;15/09/2025 09:00:00;URB;327;46,34;-1,00
1030;15/09/2025 09:00:00;URB;364;42,36;73,60
1001;15/09/2025 10:00:00;M30;778;32,38;72,50
1002;15/09/2025 10:00:00;URB;304;40,47;79,00
1003;15/09/2025 10:00:00;M30;630;22,56;75,60
1004;15/09/2025 10:00:00;M30;777;32,61;75,00
1005;15/09/2025 10:00:00;M30;754;35,55;79,70
1006;15/09/2025 10:00:00;M30;652;26,79;77,40
1007;15/09/2025 10:00:00;M30;733;34,53;-1,00
1008;15/09/2025 10:00:00;URB;300;44,17;74,70
1009;15/09/2025 10:00:00;M30;727;34,38;72,70
1010;15/09/2025 10:00:00;URB;266;33,92;79,40
1011;15/09/2025 10:00:00;URB;293;25,86;80,10
1012;15/09/2025 10:00:00;M30;743;36,18;75,10
1013;15/09/2025 10:00:00;URB;267;25,57;75,10
1014;15/09/2025 10:00:00;URB;252;26,36;83,50
1015;15/09/2025 10:00:00;M30;631;21,91;81,90
1016;15/09/2025 10:00:00;URB;244;30,23;76,10
1017;15/09/2025 10:00:00;URB;301;41,95;72,60
1018;15/09/2025 10:00:00;URB;243;44,75;73,50
1019;15/09/2025 10:00:00;M30;791;41,41;76,10
1020;15/09/2025 10:00:00;URB;260;44,05;75,00
1021;15/09/2025 10:00:00;M30;820;41,73;76,50
1022;15/09/2025 10:00:00;URB;242;37,65;76,80
1023;15/09/2025 10:00:00;URB;257;39,16;69,30
1024;15/09/2025 10:00:00;URB;258;26,95;-1,00
1025;15/09/2025 10:00:00;M30;816;38,45;80,20
1026;15/09/2025 10:00:00;URB;269;20,88;84,10
1027;15/09/2025 10:00:00;M30;827;35,73;69,10
1028;15/09/2025 10:00:00;URB;300;43,48;70,30
1029;15/09/2025 10:00:00;URB;249;28,58;78,40
1030;15/09/2025 10:00:00;URB;240;29,26;80,60
1001;15/09/2025 11:00:00;M30;693;38,24;72,60
1002;15/09/2025 11:00:00;URB;187;19,69;78,00
1003;15/09/2025 11:00:00;M30;543;25,28;82,50
1004;15/09/2025 11:00:00;M30;580;28,16;79,50
1005;15/09/2025 11:00:00;M30;467;24,78;75,70
1006;15/09/2025 11:00:00;M30;619;25,09;82,70
1007;15/09/2025 11:00:00;M30;568;24,18;83,40
1008;15/09/2025 11:00:00;URB;166;26,61;76,40
1009;15/09/2025 11:00:00;M30;646;25,47;81,90
1010;15/09/2025 11:00:00;URB;196;26,60;86,00
1011;15/09/2025 11:00:00;URB;198;27,95;85,50
1012;15/09/2025 11:00:00;M30;593;25,91;74,80
1013;15/09/2025 11:00:00;URB;230;23,59;79,20
1014;15/09/2025 11:00:00;URB;189;26,36;-1,00
1015;15/09/2025 11:00:00;M30;614;27,64;84,90
1016;15/09/2025 11:00:00;URB;227;22,37;77,60
1017;15/09/2025 11:00:00;URB;232;26,38;85,30
1018;15/09/2025 11:00:00;URB;219;23,70;82,80
1019;15/09/2025 11:00:00;M30;676;31,80;73,60
1020;15/09/2025 11:00:00;URB;221;27,20;-1,00
1021;15/09/2025 11:00:00;M30;576;25,23;-1,00
1022;15/09/2025 11:00:00;URB;216;26,06;84,40
1023;15/09/2025 11:00:00;URB;188;26,73;83,20
1024;15/09/2025 11:00:00;URB;226;31,47;81,80
1025;15/09/2025 11:00:00;M30;590;27,36;79,10
1026;15/09/2025 11:00:00;URB;190;30,06;-1,00
1027;15/09/2025 11:00:00;M30;599;26,03;79,40
1028;15/09/2025 11:00:00;URB;216;19,47;91,60
1029;15/09/2025 11:00:00;URB;187;26,88;80,30
1030;15/09/2025 11:00:00;URB;188;21,50;80,70
1001;15/09/2025 12:00:00;M30;384;15,47;86,20
1002;15/09/2025 12:00:00;URB;144;14,51;85,80
1003;15/09/2025 12:00:00;M30;399;14,59;90,60
1004;15/09/2025 12:00:00;M30;447;20,65;86,00
1005;15/09/2025 12:00:00;M30;364;20,05;84,80
1006;15/09/2025 12:00:00;M30;417;28,22;77,70
1007;15/09/2025 12:00:00;M30;503;25,93;80,60
1008;15/09/2025 12:00:00;URB;162;16,10;88,30
1009;15/09/2025 12:00:00;M30;350;21,98;-1,00
1010;15/09/2025 12:00:00;URB;135;16,69;89,00
1011;15/09/2025 12:00:00;URB;147;16,49;84,80
1012;15/09/2025 12:00:00;M30;464;19,69;85,00
1013;15/09/2025 12:00:00;URB;163;27,53;82,80
1014;15/09/2025 12:00:00;URB;144;14,65;87,60
1015;15/09/2025 12:00:00;M30;503;21,69;80,10
1016;15/09/2025 12:00:00;URB;161;22,07;84,20
1017;15/09/2025 12:00:00;URB;171;11,04;97,20
1018;15/09/2025 12:00:00;URB;163;16,36;80,80
1019;15/09/2025 12:00:00;M30;457;21,47;82,60
1020;15/09/2025 12:00:00;URB;154;18,83;86,10
1021;15/09/2025 12:00:00;M30;428;20,98;83,40
1022;15/09/2025 12:00:00;URB;152;22,57;81,20
1023;15/09/2025 12:00:00;URB;158;13,69;86,20
1024;15/09/2025 12:00:00;URB;156;15,45;88,30
1025;15/09/2025 12:00:00;M30;425;26,11;83,50
1026;15/09/2025 12:00:00;URB;160;15,61;-1,00
1027;15/09/2025 12:00:00;M30;450;20,82;85,90
1028;15/09/2025 12:00:00;URB;173;21,66;86,20
1029;15/09/2025 12:00:00;URB;176;27,27;82,10
1030;15/09/2025 12:00:00;URB;136;10,40;90,10
1001;15/09/2025 13:00:00;M30;411;15,46;83,90
1002;15/09/2025 13:00:00;URB;139;19,50;82,30
1003;15/09/2025 13:00:00;M30;361;12,70;-1,00
1004;15/09/2025 13:00:00;M30;384;12,82;83,30
1005;15/09/2025 13:00:00;M30;363;17,54;87,30
1006;15/09/2025 13:00:00;M30;379;16,62;-1,00
1007;15/09/2025 13:00:00;M30;313;13,10;90,60
1008;15/09/2025 13:00:00;URB;156;17,99;88,40
1009;15/09/2025 13:00:00;M30;381;19,24;86,60
1010;15/09/2025 13:00:00;URB;127;17,28;87,20
1011;15/09/2025 13:00:00;URB;109;17,28;84,70
1012;15/09/2025 13:00:00;M30;396;17,32;86,70
1013;15/09/2025 13:00:00;URB;139;19,45;78,80
1014;15/09/2025 13:00:00;URB;123;15,59;89,20
1015;15/09/2025 13:00:00;M30;386;19,56;-1,00
1016;15/09/2025 13:00:00;URB;125;18,65;84,00
1017;15/09/2025 13:00:00;URB;159;19,68;80,90
1018;15/09/2025 13:00:00;URB;136;14,39;89,30
1019;15/09/2025 13:00:00;M30;381;17,92;94,50
1020;15/09/2025 13:00:00;URB;141;19,51;-1,00
1021;15/09/2025 13:00:00;M30;341;13,99;87,30
1022;15/09/2025 13:00:00;URB;135;23,56;79,30
1023;15/09/2025 13:00:00;URB;148;17,16;88,10
1024;15/09/2025 13:00:00;URB;148;18,74;85,00
1025;15/09/2025 13:00:00;M30;348;18,39;84,80
1026;15/09/2025 13:00:00;URB;161;13,42;85,20
1027;15/09/2025 13:00:00;M30;296;13,45;82,70
1028;15/09/2025 13:00:00;URB;139;19,30;79,00
1029;15/09/2025 13:00:00;URB;144;25,13;84,00
1030;15/09/2025 13:00:00;URB;146;17,70;86,60
1001;15/09/2025 14:00:00;M30;395;15,12;91,70
1002;15/09/2025 14:00:00;URB;140;13,09;93,00
1003;15/09/2025 14:00:00;M30;374;19,26;-1,00
1004;15/09/2025 14:00:00;M30;344;9,75;93,10
1005;15/09/2025 14:00:00;M30;400;17,39;87,60
1006;15/09/2025 14:00:00;M30;383;19,91;79,50
1007;15/09/2025 14:00:00;M30;387;10,60;-1,00
1008;15/09/2025 14:00:00;URB;146;15,40;92,40
1009;15/09/2025 14:00:00;M30;368;18,04;85,40
1010;15/09/2025 14:00:00;URB;155;26,47;78,80
1011;15/09/2025 14:00:00;URB;140;25,12;83,00
1012;15/09/2025 14:00:00;M30;399;20,82;90,00
1013;15/09/2025 14:00:00;URB;151;25,17;79,00
1014;15/09/2025 14:00:00;URB;149;21,81;76,00
1015;15/09/2025 14:00:00;M30;463;23,35;81,20
1016;15/09/2025 14:00:00;URB;146;17,91;80,20
1017;15/09/2025 14:00:00;URB;147;18,71;88,20
1018;15/09/2025 14:00:00;URB;143;19,93;82,10
1019;15/09/2025 14:00:00;M30;406;13,10;92,50
1020;15/09/2025 14:00:00;URB;123;14,77;85,70
1021;15/09/2025 14:00:00;M30;341;15,20;-1,00
1022;15/09/2025 14:00:00;URB;158;20,50;78,60
1023;15/09/2025 14:00:00;URB;113;16,93;88,40
1024;15/09/2025 14:00:00;URB;140;18,48;76,40
1025;15/09/2025 14:00:00;M30;428;17,56;84,60
1026;15/09/2025 14:00:00;URB;125;16,24;89,30
1027;15/09/2025 14:00:00;M30;319;15,40;88,50
1028;15/09/2025 14:00:00;URB;142;14,19;91,70
1029;15/09/2025 14:00:00;URB;166;20,22;-1,00
1030;15/09/2025 14:00:00;URB;137;21,81;73,80
1001;15/09/2025 15:00:00;M30;491;24,97;-1,00
1002;15/09/2025 15:00:00;URB;170;26,11;82,40
1003;15/09/2025 15:00:00;M30;457;15,88;81,50
1004;15/09/2025 15:00:00;M30;478;25,30;79,70
1005;15/09/2025 15:00:00;M30;503;21,40;83,50
1006;15/09/2025 15:00:00;M30;524;24,53;86,60
1007;15/09/2025 15:00:00;M30;486;22,07;78,80
1008;15/09/2025 15:00:00;URB;163;19,93;84,00
1009;15/09/2025 15:00:00;M30;552;23,60;79,50
1010;15/09/2025 15:00:00;URB;158;22,56;84,60
1011;15/09/2025 15:00:00;URB;145;20,13;81,20
1012;15/09/2025 15:00:00;M30;441;20,58;80,40
1013;15/09/2025 15:00:00;URB;153;18,14;-1,00
1014;15/09/2025 15:00:00;URB;195;27,94;81,90
1015;15/09/2025 15:00:00;M30;460;16,57;85,50
1016;15/09/2025 15:00:00;URB;194;24,38;78,00
1017;15/09/2025 15:00:00;URB;177;26,34;79,40
1018;15/09/2025 15:00:00;URB;175;24,64;80,40
1019;15/09/2025 15:00:00;M30;345;16,79;-1,00
1020;15/09/2025 15:00:00;URB;132;17,70;-1,00
1021;15/09/2025 15:00:00;M30;584;17,07;84,40
1022;15/09/2025 15:00:00;URB;171;26,89;74,80
1023;15/09/2025 15:00:00;URB;200;26,43;77,40
1024;15/09/2025 15:00:00;URB;131;19,55;78,10
1025;15/09/2025 15:00:00;M30;558;26,18;84,10
1026;15/09/2025 15:00:00;URB;155;20,45;78,40
1027;15/09/2025 15:00:00;M30;455;18,51;88,10
1028;15/09/2025 15:00:00;URB;152;11,62;87,50
1029;15/09/2025 15:00:00;URB;168;17,84;82,70
1030;15/09/2025 15:00:00;URB;158;21,52;81,50
1001;15/09/2025 16:00:00;M30;527;27,78;77,80
1002;15/09/2025 16:00:00;URB;222;33,14;72,20
1003;15/09/2025 16:00:00;M30;598;24,94;80,30
1004;15/09/2025 16:00:00;M30;539;29,86;75,20
1005;15/09/2025 16:00:00;M30;529;26,21;80,70
1006;15/09/2025 16:00:00;M30;506;29,09;77,90
1007;15/09/2025 16:00:00;M30;648;31,57;84,50
1008;15/09/2025 16:00:00;URB;218;36,09;77,80
1009;15/09/2025 16:00:00;M30;597;20,46;86,10
1010;15/09/2025 16:00:00;URB;200;23,42;81,80
1011;15/09/2025 16:00:00;URB;226;35,67;-1,00
1012;15/09/2025 16:00:00;M30;580;24,84;75,40
1013;15/09/2025 16:00:00;URB;223;25,18;84,60
1014;15/09/2025 16:00:00;URB;238;25,51;77,70
1015;15/09/2025 16:00:00;M30;641;24,49;80,30
1016;15/09/2025 16:00:00;URB;165;19,98;-1,00
1017;15/09/2025 16:00:00;URB;195;21,94;80,60
1018;15/09/2025 16:00:00;URB;241;40,71;68,00
1019;15/09/2025 16:00:00;M30;625;30,78;78,50
1020;15/09/2025 16:00:00;URB;192;16,05;86,10
1021;15/09/2025 16:00:00;M30;635;20,64;85,60
1022;15/09/2025 16:00:00;URB;184;28,10;81,60
1023;15/09/2025 16:00:00;URB;222;22,79;89,10
1024;15/09/2025 16:00:00;URB;230;32,01;82,40
1025;15/09/2025 16:00:00;M30;651;25,67;80,80
1026;15/09/2025 16:00:00;URB;202;27,54;70,00
1027;15/09/2025 16:00:00;M30;568;21,61;80,60
1028;15/09/2025 16:00:00;URB;186;24,97;84,50
1029;15/09/2025 16:00:00;URB;250;29,46;84,60
1030;15/09/2025 16:00:00;URB;231;19,57;86,10
1001;15/09/2025 17:00:00;M30;768;35,39;75,00
1002;15/09/2025 17:00:00;URB;268;38,68;74,60
1003;15/09/2025 17:00:00;M30;764;30,88;73,20
1004;15/09/2025 17:00:00;M30;804;39,27;73,50
1005;15/09/2025 17:00:00;M30;761;34,05;68,40
1006;15/09/2025 17:00:00;M30;791;27,58;72,70
1007;15/09/2025 17:00:00;M30;903;18,88;85,50
1008;15/09/2025 17:00:00;URB;275;36,89;74,50
1009;15/09/2025 17:00:00;M30;794;37,93;79,20
1010;15/09/2025 17:00:00;URB;297;36,49;77,40
1011;15/09/2025 17:00:00;URB;302;35,66;80,30
1012;15/09/2025 17:00:00;M30;737;28,50;83,70
1013;15/09/2025 17:00:00;URB;248;39,04;76,80
1014;15/09/2025 17:00:00;URB;239;22,35;75,80
1015;15/09/2025 17:00:00;M30;902;35,50;81,50
1016;15/09/2025 17:00:00;URB;290;36,12;72,20
1017;15/09/2025 17:00:00;URB;323;40,82;-1,00
1018;15/09/2025 17:00:00;URB;276;44,01;66,60
1019;15/09/2025 17:00:00;M30;788;35,36;73,30
1020;15/09/2025 17:00:00;URB;204;26,53;82,10
1021;15/09/2025 17:00:00;M30;932;38,64;71,10
1022;15/09/2025 17:00:00;URB;303;34,51;74,50
1023;15/09/2025 17:00:00;URB;284;33,36;79,40
1024;15/09/2025 17:00:00;URB;354;49,50;67,40
1025;15/09/2025 17:00:00;M30;784;44,72;72,00
1026;15/09/2025 17:00:00;URB;264;41,19;69,40
1027;15/09/2025 17:00:00;M30;703;29,37;79,60
1028;15/09/2025 17:00:00;URB;275;25,88;81,40
1029;15/09/2025 17:00:00;URB;342;32,21;75,70
1030;15/09/2025 17:00:00;URB;231;30,95;74,40
1001;15/09/2025 18:00:00;M30;917;40,62;74,00
1002;15/09/2025 18:00:00;URB;330;53,43;73,50
1003;15/09/2025 18:00:00;M30;844;32,11;83,60
1004;15/09/2025 18:00:00;M30;1.004;62,85;64,50
1005;15/09/2025 18:00:00;M30;992;38,51;77,80
1006;15/09/2025 18:00:00;M30;794;36,85;69,30
1007;15/09/2025 18:00:00;M30;1.015;36,60;73,30
1008;15/09/2025 18:00:00;URB;331;36,94;78,40
1009;15/09/2025 18:00:00;M30;1.026;35,42;75,80
1010;15/09/2025 18:00:00;URB;303;37,94;75,20
1011;15/09/2025 18:00:00;URB;317;35,00;-1,00
1012;15/09/2025 18:00:00;M30;1.049;50,86;72,20
1013;15/09/2025 18:00:00;URB;354;44,10;75,00
1014;15/09/2025 18:00:00;URB;314;37,92;72,00
1015;15/09/2025 18:00:00;M30;951;49,25;72,30
1016;15/09/2025 18:00:00;URB;309;35,17;79,60
1017;15/09/2025 18:00:00;URB;406;48,44;70,50
1018;15/09/2025 18:00:00;URB;373;43,79;-1,00
1019;15/09/2025 18:00:00;M30;826;30,63;79,50
1020;15/09/2025 18:00:00;URB;343;55,49;69,40
1021;15/09/2025 18:00:00;M30;1.094;43,91;73,90
1022;15/09/2025 18:00:00;URB;359;45,89;68,70
1023;15/09/2025 18:00:00;URB;312;53,65;72,90
1024;15/09/2025 18:00:00;URB;291;45,69;59,70
1025;15/09/2025 18:00:00;M30;966;44,12;69,80
1026;15/09/2025 18:00:00;URB;378;55,66;72,80
1027;15/09/2025 18:00:00;M30;1.002;44,13;72,80
1028;15/09/2025 18:00:00;URB;358;32,73;75,30
1029;15/09/2025 18:00:00;URB;434;59,49;-1,00
1030;15/09/2025 18:00:00;URB;334;41,95;72,70
1001;15/09/2025 19:00:00;M30;919;47,82;65,40
1002;15/09/2025 19:00:00;URB;317;44,98;-1,00
1003;15/09/2025 19:00:00;M30;1.072;37,88;80,40
1004;15/09/2025 19:00:00;M30;943;43,91;-1,00
1005;15/09/2025 19:00:00;M30;982;37,69;70,10
1006;15/09/2025 19:00:00;M30;1.051;53,04;70,90
1007;15/09/2025 19:00:00;M30;986;44,50;72,00
1008;15/09/2025 19:00:00;URB;359;39,66;71,00
1009;15/09/2025 19:00:00;M30;1.017;42,80;66,40
1010;15/09/2025 19:00:00;URB;325;41,07;75,80
1011;15/09/2025 19:00:00;URB;336;46,33;74,20
1012;15/09/2025 19:00:00;M30;1.094;59,49;-1,00
1013;15/09/2025 19:00:00;URB;394;54,49;57,60
1014;15/09/2025 19:00:00;URB;322;38,15;75,00
1015;15/09/2025 19:00:00;M30;997;47,67;65,40
1016;15/09/2025 19:00:00;URB;403;47,95;65,40
1017;15/09/2025 19:00:00;URB;384;43,44;76,90
1018;15/09/2025 19:00:00;URB;307;41,27;78,10
1019;15/09/2025 19:00:00;M30;1.078;56,27;-1,00
1020;15/09/2025 19:00:00;URB;303;47,24;-1,00
1021;15/09/2025 19:00:00;M30;1.022;52,33;71,20
1022;15/09/2025 19:00:00;URB;356;47,31;68,40
1023;15/09/2025 19:00:00;URB;405;52,65;69,50
1024;15/09/2025 19:00:00;URB;345;48,24;69,40
1025;15/09/2025 19:00:00;M30;1.140;39,04;68,10
1026;15/09/2025 19:00:00;URB;378;41,51;73,50
1027;15/09/2025 19:00:00;M30;1.162;57,65;68,00
1028;15/09/2025 19:00:00;URB;365;57,46;57,10
1029;15/09/2025 19:00:00;URB;362;59,05;56,00
1030;15/09/2025 19:00:00;URB;402;46,32;-1,00
1001;15/09/2025 20:00:00;M30;1.032;40,35;64,70
1002;15/09/2025 20:00:00;URB;333;41,80;72,80
1003;15/09/2025 20:00:00;M30;1.002;39,78;81,30
1004;15/09/2025 20:00:00;M30;954;41,16;78,70
1005;15/09/2025 20:00:00;M30;1.016;48,31;68,80
1006;15/09/2025 20:00:00;M30;929;58,15;64,50
1007;15/09/2025 20:00:00;M30;1.073;49,82;63,20
1008;15/09/2025 20:00:00;URB;309;26,49;73,80
1009;15/09/2025 20:00:00;M30;963;41,69;74,10
1010;15/09/2025 20:00:00;URB;338;38,92;68,40
1011;15/09/2025 20:00:00;URB;343;46,01;76,40
1012;15/09/2025 20:00:00;M30;1.118;50,58;64,70
1013;15/09/2025 20:00:00;URB;367;47,61;63,90
1014;15/09/2025 20:00:00;URB;343;48,73;75,10
1015;15/09/2025 20:00:00;M30;932;40,42;69,10
1016;15/09/2025 20:00:00;URB;319;43,13;67,20
1017;15/09/2025 20:00:00;URB;331;38,05;76,00
1018;15/09/2025 20:00:00;URB;320;40,80;69,70
1019;15/09/2025 20:00:00;M30;863;35,63;76,70
1020;15/09/2025 20:00:00;URB;305;37,35;77,60
1021;15/09/2025 20:00:00;M30;1.053;45,45;74,50
1022;15/09/2025 20:00:00;URB;344;32,62;76,00
1023;15/09/2025 20:00:00;URB;359;54,16;58,20
1024;15/09/2025 20:00:00;URB;331;46,12;76,30
1025;15/09/2025 20:00:00;M30;1.035;43,78;68,90
1026;15/09/2025 20:00:00;URB;346;52,93;69,00
1027;15/09/2025 20:00:00;M30;958;34,21;-1,00
1028;15/09/2025 20:00:00;URB;320;40,01;-1,00
1029;15/09/2025 20:00:00;URB;387;49,41;70,00
1030;15/09/2025 20:00:00;URB;328;37,30;77,70
1001;15/09/2025 21:00:00;M30;743;31,86;76,10
1002;15/09/2025 21:00:00;URB;283;44,83;72,70
1003;15/09/2025 21:00:00;M30;747;28,20;81,30
1004;15/09/2025 21:00:00;M30;713;29,43;81,60
1005;15/09/2025 21:00:00;M30;645;33,71;70,30
1006;15/09/2025 21:00:00;M30;664;34,15;74,40
1007;15/09/2025 21:00:00;M30;733;16,55;84,90
1008;15/09/2025 21:00:00;URB;309;46,01;64,30
1009;15/09/2025 21:00:00;M30;858;45,88;73,70
1010;15/09/2025 21:00:00;URB;309;39,38;74,70
1011;15/09/2025 21:00:00;URB;271;40,87;81,60
1012;15/09/2025 21:00:00;M30;759;36,29;74,40
1013;15/09/2025 21:00:00;URB;262;29,41;86,20
1014;15/09/2025 21:00:00;URB;263;39,12;66,70
1015;15/09/2025 21:00:00;M30;783;33,35;81,40
1016;15/09/2025 21:00:00;URB;252;28,76;-1,00
1017;15/09/2025 21:00:00;URB;289;33,41;80,10
1018;15/09/2025 21:00:00;URB;335;46,85;65,00
1019;15/09/2025 21:00:00;M30;816;36,71;75,10
1020;15/09/2025 21:00:00;URB;299;33,00;77,70
1021;15/09/2025 21:00:00;M30;853;43,19;-1,00
1022;15/09/2025 21:00:00;URB;279;26,82;79,30
1023;15/09/2025 21:00:00;URB;297;41,24;71,90
1024;15/09/2025 21:00:00;URB;235;36,14;81,00
1025;15/09/2025 21:00:00;M30;832;47,89;73,60
1026;15/09/2025 21:00:00;URB;313;42,19;69,70
1027;15/09/2025 21:00:00;M30;743;31,09;84,20
1028;15/09/2025 21:00:00;URB;280;36,02;71,70
1029;15/09/2025 21:00:00;URB;329;45,99;-1,00
1030;15/09/2025 21:00:00;URB;254;26,22;83,80
1001;15/09/2025 22:00:00;M30;601;31,36;78,50
1002;15/09/2025 22:00:00;URB;208;31,09;72,50
1003;15/09/2025 22:00:00;M30;715;39,84;78,60
1004;15/09/2025 22:00:00;M30;680;22,75;83,40
1005;15/09/2025 22:00:00;M30;601;27,33;75,90
1006;15/09/2025 22:00:00;M30;645;19,26;83,90
1007;15/09/2025 22:00:00;M30;671;28,87;74,70
1008;15/09/2025 22:00:00;URB;223;35,68;70,10
1009;15/09/2025 22:00:00;M30;625;29,11;-1,00
1010;15/09/2025 22:00:00;URB;228;38,42;76,80
1011;15/09/2025 22:00:00;URB;211;23,04;78,40
1012;15/09/2025 22:00:00;M30;601;29,69;84,90
1013;15/09/2025 22:00:00;URB;221;28,38;77,70
1014;15/09/2025 22:00:00;URB;221;23,32;83,90
1015;15/09/2025 22:00:00;M30;572;27,59;77,50
1016;15/09/2025 22:00:00;URB;219;29,20;82,90
1017;15/09/2025 22:00:00;URB;216;18,36;85,90
1018;15/09/2025 22:00:00;URB;222;26,79;79,00
1019;15/09/2025 22:00:00;M30;546;28,76;74,30
1020;15/09/2025 22:00:00;URB;187;24,67;82,00
1021;15/09/2025 22:00:00;M30;547;28,90;76,10
1022;15/09/2025 22:00:00;URB;256;35,81;70,10
1023;15/09/2025 22:00:00;URB;226;28,37;73,00
1024;15/09/2025 22:00:00;URB;207;34,31;76,00
1025;15/09/2025 22:00:00;M30;534;22,60;83,90
1026;15/09/2025 22:00:00;URB;208;20,13;78,70
1027;15/09/2025 22:00:00;M30;617;31,03;81,60
1028;15/09/2025 22:00:00;URB;218;28,49;80,70
1029;15/09/2025 22:00:00;URB;252;38,88;74,80
1030;15/09/2025 22:00:00;URB;173;26,95;79,40
1001;15/09/2025 23:00:00;M30;425;15,94;85,60
1002;15/09/2025 23:00:00;URB;161;12,32;95,10
1003;15/09/2025 23:00:00;M30;433;15,99;92,90
1004;15/09/2025 23:00:00;M30;493;27,05;-1,00
1005;15/09/2025 23:00:00;M30;461;20,08;86,30
1006;15/09/2025 23:00:00;M30;461;18,98;81,50
1007;15/09/2025 23:00:00;M30;435;23,57;83,70
1008;15/09/2025 23:00:00;URB;153;19,80;83,70
1009;15/09/2025 23:00:00;M30;444;21,54;-1,00
1010;15/09/2025 23:00:00;URB;161;15,70;-1,00
1011;15/09/2025 23:00:00;URB;161;19,87;87,50
1012;15/09/2025 23:00:00;M30;401;22,39;82,00
1013;15/09/2025 23:00:00;URB;170;29,76;76,70
1014;15/09/2025 23:00:00;URB;137;15,18;-1,00
1015;15/09/2025 23:00:00;M30;454;13,29;-1,00
1016;15/09/2025 23:00:00;URB;180;20,59;83,60
1017;15/09/2025 23:00:00;URB;188;18,63;81,70
1018;15/09/2025 23:00:00;URB;177;24,57;78,20
1019;15/09/2025 23:00:00;M30;538;20,80;90,60
1020;15/09/2025 23:00:00;URB;166;16,86;-1,00
1021;15/09/2025 23:00:00;M30;527;22,45;78,80
1022;15/09/2025 23:00:00;URB;149;15,61;86,70
1023;15/09/2025 23:00:00;URB;178;18,93;86,20
1024;15/09/2025 23:00:00;URB;152;26,98;-1,00
1025;15/09/2025 23:00:00;M30;399;22,37;81,30
1026;15/09/2025 23:00:00;URB;151;17,41;-1,00
1027;15/09/2025 23:00:00;M30;498;21,50;84,80
1028;15/09/2025 23:00:00;URB;154;24,74;80,40
1029;15/09/2025 23:00:00;URB;153;21,86;80,50
1030;15/09/2025 23:00:00;URB;168;20,76;84,80
1001;16/09/2025 00:00:00;M30;347;20,83;84,20
1002;16/09/2025 00:00:00;URB;122;16,31;88,80
1003;16/09/2025 00:00:00;M30;305;17,52;83,20
1004;16/09/2025 00:00:00;M30;313;15,35;89,10
1005;16/09/2025 00:00:00;M30;356;20,38;75,80
1006;16/09/2025 00:00:00;M30;337;17,93;79,90
1007;16/09/2025 00:00:00;M30;253;14,08;90,40
1008;16/09/2025 00:00:00;URB;110;10,77;94,20
1009;16/09/2025 00:00:00;M30;303;13,90;84,70
1010;16/09/2025 00:00:00;URB;89;12,17;86,00
1011;16/09/2025 00:00:00;URB;120;17,67;91,30
1012;16/09/2025 00:00:00;M30;363;20,81;90,60
1013;16/09/2025 00:00:00;URB;124;18,90;86,20
1014;16/09/2025 00:00:00;URB;110;15,86;84,70
1015;16/09/2025 00:00:00;M30;277;13,33;89,40
1016;16/09/2025 00:00:00;URB;115;17,14;80,00
1017;16/09/2025 00:00:00;URB;89;11,30;90,40
1018;16/09/2025 00:00:00;URB;108;14,15;88,70
1019;16/09/2025 00:00:00;M30;335;16,82;84,70
1020;16/09/2025 00:00:00;URB;116;15,52;75,70
1021;16/09/2025 00:00:00;M30;242;11,77;-1,00
1022;16/09/2025 00:00:00;URB;125;14,35;82,20
1023;16/09/2025 00:00:00;URB;104;14,38;86,60
1024;16/09/2025 00:00:00;URB;99;12,55;87,60
1025;16/09/2025 00:00:00;M30;306;15,38;83,30
1026;16/09/2025 00:00:00;URB;98;10,79;90,80
1027;16/09/2025 00:00:00;M30;331;17,19;78,70
1028;16/09/2025 00:00:00;URB;116;14,24;85,80
1029;16/09/2025 00:00:00;URB;126;16,97;83,20
1030;16/09/2025 00:00:00;URB;128;15,52;85,80
1001;16/09/2025 01:00:00;M30;361;15,53;89,00
1002;16/09/2025 01:00:00;URB;116;17,71;81,70
1003;16/09/2025 01:00:00;M30;317;14,29;-1,00
1004;16/09/2025 01:00:00;M30;277;10,09;93,80
1005;16/09/2025 01:00:00;M30;308;9,02;91,80
1006;16/09/2025 01:00:00;M30;334;14,21;89,70
1007;16/09/2025 01:00:00;M30;259;11,03;86,10
1008;16/09/2025 01:00:00;URB;126;16,97;87,60
1009;16/09/2025 01:00:00;M30;393;18,97;89,00
1010;16/09/2025 01:00:00;URB;98;13,81;-1,00
1011;16/09/2025 01:00:00;URB;113;10,24;91,00
1012;16/09/2025 01:00:00;M30;348;21,03;87,00
1013;16/09/2025 01:00:00;URB;104;16,48;90,90
1014;16/09/2025 01:00:00;URB;104;11,88;99,60
1015;16/09/2025 01:00:00;M30;315;15,29;81,00
1016;16/09/2025 01:00:00;URB;127;16,59;85,20
1017;16/09/2025 01:00:00;URB;110;13,72;89,40
1018;16/09/2025 01:00:00;URB;117;14,93;89,10
1019;16/09/2025 01:00:00;M30;325;18,27;88,70
1020;16/09/2025 01:00:00;URB;110;15,31;89,60
1021;16/09/2025 01:00:00;M30;294;14,84;84,10
1022;16/09/2025 01:00:00;URB;130;17,12;86,00
1023;16/09/2025 01:00:00;URB;89;10,15;94,20
1024;16/09/2025 01:00:00;URB;109;14,84;89,30
1025;16/09/2025 01:00:00;M30;317;19,22;83,70
1026;16/09/2025 01:00:00;URB;148;22,06;78,00
1027;16/09/2025 01:00:00;M30;387;12,18;-1,00
1028;16/09/2025 01:00:00;URB;121;16,01;81,70
1029;16/09/2025 01:00:00;URB;108;13,69;93,80
1030;16/09/2025 01:00:00;URB;127;15,99;87,40
1001;16/09/2025 02:00:00;M30;338;14,59;90,10
1002;16/09/2025 02:00:00;URB;118;17,93;82,60
1003;16/09/2025 02:00:00;M30;315;10,42;82,70
1004;16/09/2025 02:00:00;M30;328;15,33;81,40
1005;16/09/2025 02:00:00;M30;278;14,75;88,70
1006;16/09/2025 02:00:00;M30;338;19,36;82,80
1007;16/09/2025 02:00:00;M30;261;10,48;93,80
1008;16/09/2025 02:00:00;URB;104;9,71;92,80
1009;16/09/2025 02:00:00;M30;259;18,43;-1,00
1009;16/09/2025 02:00:00;M30;259;18,43;-1,00
1010;16/09/2025 02:00:00;URB;90;10,94;91,30
1011;16/09/2025 02:00:00;URB;107;11,42;85,20
1012;16/09/2025 02:00:00;M30;369;16,74;82,90
1013;16/09/2025 02:00:00;URB;112;10,28;88,20
1014;16/09/2025 02:00:00;URB;122;16,88;88,30
1015;16/09/2025 02:00:00;M30;299;16,54;83,30
1016;16/09/2025 02:00:00;URB;94;11,19;88,90
1017;16/09/2025 02:00:00;URB;103;11,06;93,20
1018;16/09/2025 02:00:00;URB;105;16,91;80,50
1019;16/09/2025 02:00:00;M30;341;18,68;-1,00
1020;16/09/2025 02:00:00;URB;111;19,32;85,60
1021;16/09/2025 02:00:00;M30;314;18,74;85,40
1022;16/09/2025 02:00:00;URB;123;15,32;91,50
1023;16/09/2025 02:00:00;URB;100;11,12;91,10
1024;16/09/2025 02:00:00;URB;100;8,64;89,70
1025;16/09/2025 02:00:00;M30;336;15,27;92,10
1026;16/09/2025 02:00:00;URB;110;11,44;90,70
1027;16/09/2025 02:00:00;M30;334;13,39;89,60
1028;16/09/2025 02:00:00;URB;113;20,69;87,80
1029;16/09/2025 02:00:00;URB;96;17,06;85,30
1030;16/09/2025 02:00:00;URB;120;11,09;91,30
1001;16/09/2025 03:00:00;M30;366;18,57;85,30
1002;16/09/2025 03:00:00;URB;121;12,14;94,20
1003;16/09/2025 03:00:00;M30;324;9,77;-1,00
1004;16/09/2025 03:00:00;M30;315;12,76;90,80
1005;16/09/2025 03:00:00;M30;280;14,58;81,70
1006;16/09/2025 03:00:00;M30;357;10,97;84,50
1007;16/09/2025 03:00:00;M30;356;10,67;-1,00
1008;16/09/2025 03:00:00;URB;102;11,14;90,80
1009;16/09/2025 03:00:00;M30;352;17,38;79,90
1010;16/09/2025 03:00:00;URB;117;14,63;87,90
1011;16/09/2025 03:00:00;URB;104;11,64;87,20
1012;16/09/2025 03:00:00;M30;366;15,16;84,50
1013;16/09/2025 03:00:00;URB;116;12,51;91,40
1014;16/09/2025 03:00:00;URB;117;18,62;85,80
1015;16/09/2025 03:00:00;M30;348;18,81;82,70
1016;16/09/2025 03:00:00;URB;103;13,28;91,80
1017;16/09/2025 03:00:00;URB;123;17,84;84,30
1018;16/09/2025 03:00:00;URB;120;17,07;85,60
1018;16/09/2025 03:00:00;URB;120;17,07;85,60
1019;16/09/2025 03:00:00;M30;313;14,17;84,30
1020;16/09/2025 03:00:00;URB;121;13,18;85,20
1021;16/09/2025 03:00:00;M30;293;6,31;90,50
1022;16/09/2025 03:00:00;URB;111;13,86;86,80
1023;16/09/2025 03:00:00;URB;112;15,14;85,30
1024;16/09/2025 03:00:00;URB;102;12,63;81,40
1025;16/09/2025 03:00:00;M30;312;17,35;83,50
1026;16/09/2025 03:00:00;URB;130;12,90;95,60
1027;16/09/2025 03:00:00;M30;278;14,06;90,90
1028;16/09/2025 03:00:00;URB;128;18,75;81,50
1029;16/09/2025 03:00:00;URB;100;15,29;90,40
1030;16/09/2025 03:00:00;URB;124;12,66;89,90
1001;16/09/2025 04:00:00;M30;341;10,61;77,80
1002;16/09/2025 04:00:00;URB;134;17,42;80,60
1003;16/09/2025 04:00:00;M30;316;15,45;82,30
1004;16/09/2025 04:00:00;M30;363;13,10;91,00
1005;16/09/2025 04:00:00;M30;357;15,48;83,60
1006;16/09/2025 04:00:00;M30;401;17,86;87,70
1007;16/09/2025 04:00:00;M30;345;18,48;89,00
1008;16/09/2025 04:00:00;URB;122;21,05;85,80
1009;16/09/2025 04:00:00;M30;408;17,24;88,20
1010;16/09/2025 04:00:00;URB;144;15,56;82,50
1011;16/09/2025 04:00:00;URB;121;20,39;85,70
1012;16/09/2025 04:00:00;M30;410;26,80;85,00
1013;16/09/2025 04:00:00;URB;124;15,30;89,90
1014;16/09/2025 04:00:00;URB;144;19,87;84,60
1015;16/09/2025 04:00:00;M30;327;15,03;77,70
1016;16/09/2025 04:00:00;URB;133;15,73;81,70
1017;16/09/2025 04:00:00;URB;115;12,12;85,10
1018;16/09/2025 04:00:00;URB;130;10,76;89,80
1019;16/09/2025 04:00:00;M30;373;19,14;86,70
1020;16/09/2025 04:00:00;URB;119;13,21;88,10
1021;16/09/2025 04:00:00;M30;387;17,19;86,90
1022;16/09/2025 04:00:00;URB;132;15,73;86,50
1023;16/09/2025 04:00:00;URB;118;13,80;78,80
1024;16/09/2025 04:00:00;URB;122;18,77;83,00
1025;16/09/2025 04:00:00;M30;389;17,73;86,60
1026;16/09/2025 04:00:00;URB;126;11,49;98,00
1027;16/09/2025 04:00:00;M30;365;17,76;86,00
1028;16/09/2025 04:00:00;URB;122;14,32;86,30
1029;16/09/2025 04:00:00;URB;151;25,83;82,50
1030;16/09/2025 04:00:00;URB;109;9,86;-1,00
1001;16/09/2025 05:00:00;M30;538;15,70;86,10
1002;16/09/2025 05:00:00;URB;167;29,01;84,60
1003;16/09/2025 05:00:00;M30;497;21,24;82,70
1004;16/09/2025 05:00:00;M30;460;18,87;83,20
1005;16/09/2025 05:00:00;M30;492;22,95;83,60
1006;16/09/2025 05:00:00;M30;394;18,31;82,30
1007;16/09/2025 05:00:00;M30;490;18,29;77,80
1008;16/09/2025 05:00:00;URB;142;18,98;91,80
1009;16/09/2025 05:00:00;M30;406;20,43;76,70
1010;16/09/2025 05:00:00;URB;161;23,87;74,70
1011;16/09/2025 05:00:00;URB;182;26,95;80,90
1012;16/09/2025 05:00:00;M30;444;23,55;81,00
1013;16/09/2025 05:00:00;URB;125;14,04;80,90
1014;16/09/2025 05:00:00;URB;166;28,99;79,40
1015;16/09/2025 05:00:00;M30;391;20,72;86,10
1016;16/09/2025 05:00:00;URB;112;10,80;93,80
1017;16/09/2025 05:00:00;URB;154;20,02;84,60
1018;16/09/2025 05:00:00;URB;131;18,74;80,60
1019;16/09/2025 05:00:00;M30;350;19,55;82,60
1020;16/09/2025 05:00:00;URB;157;19,06;88,60
1021;16/09/2025 05:00:00;M30;344;18,56;89,70
1022;16/09/2025 05:00:00;URB;139;17,44;81,60
1023;16/09/2025 05:00:00;URB;179;20,05;75,30
1024;16/09/2025 05:00:00;URB;174;24,04;83,30
1025;16/09/2025 05:00:00;M30;464;21,30;-1,00
1026;16/09/2025 05:00:00;URB;167;18,32;85,40
1027;16/09/2025 05:00:00;M30;423;20,21;81,40
1028;16/09/2025 05:00:00;URB;137;11,89;-1,00
1029;16/09/2025 05:00:00;URB;164;25,64;78,30
1030;16/09/2025 05:00:00;URB;133;19,07;86,30
1001;16/09/2025 06:00:00;M30;540;25,90;90,80
1002;16/09/2025 06:00:00;URB;219;25,94;75,50
1003;16/09/2025 06:00:00;M30;539;23,16;75,20
1004;16/09/2025 06:00:00;M30;643;33,92;76,00
1005;16/09/2025 06:00:00;M30;442;27,90;77,40
1006;16/09/2025 06:00:00;M30;445;22,31;84,00
1007;16/09/2025 06:00:00;M30;558;16,77;83,90
1008;16/09/2025 06:00:00;URB;201;31,22;75,70
1009;16/09/2025 06:00:00;M30;632;28,32;79,00
1010;16/09/2025 06:00:00;URB;195;26,92;73,10
1011;16/09/2025 06:00:00;URB;219;31,90;81,80
1012;16/09/2025 06:00:00;M30;711;27,67;-1,00
1013;16/09/2025 06:00:00;URB;202;15,66;82,20
1014;16/09/2025 06:00:00;URB;178;20,42;82,40
1015;16/09/2025 06:00:00;M30;524;16,41;84,60
1016;16/09/2025 06:00:00;URB;209;26,53;73,30
1017;16/09/2025 06:00:00;URB;214;27,33;72,60
1018;16/09/2025 06:00:00;URB;258;31,23;77,50
1019;16/09/2025 06:00:00;M30;581;23,34;81,40
1020;16/09/2025 06:00:00;URB;185;22,43;82,80
1021;16/09/2025 06:00:00;M30;586;28,24;82,90
1022;16/09/2025 06:00:00;URB;188;27,87;82,00
1023;16/09/2025 06:00:00;URB;188;22,03;92,60
1024;16/09/2025 06:00:00;URB;214;38,00;74,30
1025;16/09/2025 06:00:00;M30;581;30,69;73,90
1026;16/09/2025 06:00:00;URB;200;25,53;83,40
1027;16/09/2025 06:00:00;M30;626;30,93;80,30
1028;16/09/2025 06:00:00;URB;201;21,93;80,10
1029;16/09/2025 06:00:00;URB;236;37,59;74,80
1030;16/09/2025 06:00:00;URB;207;24,72;81,50
1001;16/09/2025 07:00:00;M30;735;28,91;81,50
1002;16/09/2025 07:00:00;URB;286;18,70;87,30
1003;16/09/2025 07:00:00;M30;771;44,82;68,50
1004;16/09/2025 07:00:00;M30;753;16,91;88,30
1005;16/09/2025 07:00:00;M30;860;39,01;77,70
1006;16/09/2025 07:00:00;M30;714;37,17;72,20
1007;16/09/2025 07:00:00;M30;769;29,69;79,70
1008;16/09/2025 07:00:00;URB;268;46,21;64,50
1009;16/09/2025 07:00:00;M30;796;38,21;75,00
1010;16/09/2025 07:00:00;URB;338;38,49;76,70
1011;16/09/2025 07:00:00;URB;255;34,26;68,00
1012;16/09/2025 07:00:00;M30;814;37,76;75,90
1013;16/09/2025 07:00:00;URB;234;28,84;79,10
1014;16/09/2025 07:00:00;URB;258;34,80;73,10
1015;16/09/2025 07:00:00;M30;847;39,56;75,90
1016;16/09/2025 07:00:00;URB;279;26,28;-1,00
1017;16/09/2025 07:00:00;URB;244;34,25;73,50
1018;16/09/2025 07:00:00;URB;261;38,20;80,10
1019;16/09/2025 07:00:00;M30;767;42,47;75,00
1020;16/09/2025 07:00:00;URB;296;41,27;70,10
1021;16/09/2025 07:00:00;M30;634;33,70;77,50
1022;16/09/2025 07:00:00;URB;249;43,64;76,80
1023;16/09/2025 07:00:00;URB;249;33,57;79,10
1024;16/09/2025 07:00:00;URB;304;45,73;-1,00
1025;16/09/2025 07:00:00;M30;749;35,06;76,80
1026;16/09/2025 07:00:00;URB;239;32,29;71,30
1027;16/09/2025 07:00:00;M30;843;34,34;73,70
1028;16/09/2025 07:00:00;URB;233;26,31;84,80
1029;16/09/2025 07:00:00;URB;270;39,45;73,60
1030;16/09/2025 07:00:00;URB;254;25,20;84,40
1001;16/09/2025 08:00:00;M30;792;44,10;69,80
1002;16/09/2025 08:00:00;URB;321;36,56;72,90
1003;16/09/2025 08:00:00;M30;1.008;27,13;75,80
1004;16/09/2025 08:00:00;M30;946;36,90;80,70
1005;16/09/2025 08:00:00;M30;852;43,46;70,40
1006;16/09/2025 08:00:00;M30;960;49,81;70,90
1007;16/09/2025 08:00:00;M30;892;51,83;63,20
1008;16/09/2025 08:00:00;URB;356;43,33;64,30
1009;16/09/2025 08:00:00;M30;927;40,96;-1,00
1010;16/09/2025 08:00:00;URB;288;37,41;-1,00
1011;16/09/2025 08:00:00;URB;340;37,87;72,40
1012;16/09/2025 08:00:00;M30;976;41,85;71,80
1013;16/09/2025 08:00:00;URB;337;51,60;69,80
1014;16/09/2025 08:00:00;URB;336;40,66;69,70
1015;16/09/2025 08:00:00;M30;908;58,80;56,80
1016;16/09/2025 08:00:00;URB;331;35,30;69,90
1017;16/09/2025 08:00:00;URB;327;35,69;74,90
1018;16/09/2025 08:00:00;URB;274;28,60;79,20
1019;16/09/2025 08:00:00;M30;988;45,55;73,60
1020;16/09/2025 08:00:00;URB;307;38,60;78,20
1021;16/09/2025 08:00:00;M30;916;37,60;-1,00
1022;16/09/2025 08:00:00;URB;370;48,75;76,00
1023;16/09/2025 08:00:00;URB;356;45,40;68,00
1024;16/09/2025 08:00:00;URB;260;35,05;78,50
1025;16/09/2025 08:00:00;M30;977;19,73;83,30
1026;16/09/2025 08:00:00;URB;295;29,63;81,40
1027;16/09/2025 08:00:00;M30;881;39,16;78,90
1028;16/09/2025 08:00:00;URB;322;44,19;73,70
1029;16/09/2025 08:00:00;URB;324;39,30;72,70
1030;16/09/2025 08:00:00;URB;267;39,48;69,70
1001;16/09/2025 09:00:00;M30;1.088;47,58;70,70
1002;16/09/2025 09:00:00;URB;331;50,54;66,50
1003;16/09/2025 09:00:00;M30;849;40,57;76,10
1004;16/09/2025 09:00:00;M30;840;48,39;65,90
1004;16/09/2025 09:00:00;M30;840;48,39;65,90
1005;16/09/2025 09:00:00;M30;939;40,15;70,80
1006;16/09/2025 09:00:00;M30;951;51,03;69,20
1007;16/09/2025 09:00:00;M30;880;39,89;72,70
1008;16/09/2025 09:00:00;URB;333;51,90;68,50
1009;16/09/2025 09:00:00;M30;884;33,54;73,40
1010;16/09/2025 09:00:00;URB;317;47,35;63,10
1011;16/09/2025 09:00:00;URB;322;32,28;71,00
1012;16/09/2025 09:00:00;M30;793;32,84;78,50
1013;16/09/2025 09:00:00;URB;300;36,32;73,70
1014;16/09/2025 09:00:00;URB;338;49,71;68,10
1015;16/09/2025 09:00:00;M30;817;38,04;73,30
1016;16/09/2025 09:00:00;URB;366;46,27;71,40
1017;16/09/2025 09:00:00;URB;364;47,22;69,00
1018;16/09/2025 09:00:00;URB;316;26,86;82,20
1019;16/09/2025 09:00:00;M30;861;39,13;75,20
1020;16/09/2025 09:00:00;URB;285;29,68;83,60
1021;16/09/2025 09:00:00;M30;900;46,35;66,00
1022;16/09/2025 09:00:00;URB;265;40,44;74,90
1023;16/09/2025 09:00:00;URB;325;28,05;-1,00
1024;16/09/2025 09:00:00;URB;368;39,94;72,70
1025;16/09/2025 09:00:00;M30;792;37,90;78,30
1026;16/09/2025 09:00:00;URB;355;41,62;71,00
1027;16/09/2025 09:00:00;M30;718;40,28;68,50
1028;16/09/2025 09:00:00;URB;359;49,51;69,50
1029;16/09/2025 09:00:00;URB;307;32,64;70,90
1030;16/09/2025 09:00:00;URB;308;48,07;75,80
1001;16/09/2025 10:00:00;M30;893;48,92;59,30
1002;16/09/2025 10:00:00;URB;305;37,15;73,50
1003;16/09/2025 10:00:00;M30;740;41,20;78,30
1004;16/09/2025 10:00:00;M30;699;39,46;68,20
1005;16/09/2025 10:00:00;M30;824;27,59;76,90
1006;16/09/2025 10:00:00;M30;665;40,82;77,10
1007;16/09/2025 10:00:00;M30;699;32,49;78,30
1008;16/09/2025 10:00:00;URB;325;40,27;75,40
1009;16/09/2025 10:00:00;M30;731;40,34;80,60
1010;16/09/2025 10:00:00;URB;292;26,05;77,10
1011;16/09/2025 10:00:00;URB;312;31,95;79,70
1012;16/09/2025 10:00:00;M30;744;31,27;73,40
1013;16/09/2025 10:00:00;URB;234;30,75;75,20
1014;16/09/2025 10:00:00;URB;259;39,49;-1,00
1015;16/09/2025 10:00:00;M30;854;40,27;79,10
1016;16/09/2025 10:00:00;URB;272;25,97;80,70
1017;16/09/2025 10:00:00;URB;304;36,47;74,50
1018;16/09/2025 10:00:00;URB;266;37,12;78,20
1019;16/09/2025 10:00:00;M30;867;41,73;69,30
1020;16/09/2025 10:00:00;URB;256;33,62;78,30
1021;16/09/2025 10:00:00;M30;848;33,80;77,00
1022;16/09/2025 10:00:00;URB;285;43,55;73,60
1023;16/09/2025 10:00:00;URB;288;36,91;76,50
1024;16/09/2025 10:00:00;URB;228;35,83;79,30
1025;16/09/2025 10:00:00;M30;736;32,39;-1,00
1026;16/09/2025 10:00:00;URB;285;27,72;79,10
1027;16/09/2025 10:00:00;M30;688;30,30;70,00
1028;16/09/2025 10:00:00;URB;265;34,02;76,80
1029;16/09/2025 10:00:00;URB;272;37,73;75,10
1030;16/09/2025 10:00:00;URB;310;52,67;67,00
1001;16/09/2025 11:00:00;M30;596;28,40;76,70
1002;16/09/2025 11:00:00;URB;227;33,03;76,20
1003;16/09/2025 11:00:00;M30;568;32,53;72,60
1004;16/09/2025 11:00:00;M30;573;30,75;-1,00
1005;16/09/2025 11:00:00;M30;680;32,67;76,50
1006;16/09/2025 11:00:00;M30;558;36,90;74,00
1007;16/09/2025 11:00:00;M30;629;42,16;73,50
1008;16/09/2025 11:00:00;URB;215;33,11;-1,00
1009;16/09/2025 11:00:00;M30;499;24,32;83,30
1010;16/09/2025 11:00:00;URB;262;33,06;75,20
1011;16/09/2025 11:00:00;URB;216;26,85;78,60
1012;16/09/2025 11:00:00;M30;600;34,53;76,80
1013;16/09/2025 11:00:00;URB;193;18,74;-1,00
1014;16/09/2025 11:00:00;URB;205;32,73;77,50
1015;16/09/2025 11:00:00;M30;435;19,79;86,30
1016;16/09/2025 11:00:00;URB;201;19,65;80,00
1017;16/09/2025 11:00:00;URB;182;18,57;83,60
1018;16/09/2025 11:00:00;URB;193;26,49;80,90
1019;16/09/2025 11:00:00;M30;660;26,97;78,60
1020;16/09/2025 11:00:00;URB;217;23,69;86,70
1021;16/09/2025 11:00:00;M30;683;31,98;74,30
1022;16/09/2025 11:00:00;URB;186;20,74;84,30
1023;16/09/2025 11:00:00;URB;170;22,55;82,20
1024;16/09/2025 11:00:00;URB;223;28,88;73,40
1025;16/09/2025 11:00:00;M30;637;23,98;88,60
1026;16/09/2025 11:00:00;URB;204;21,33;82,10
1027;16/09/2025 11:00:00;M30;471;26,66;84,50
1028;16/09/2025 11:00:00;URB;195;28,28;83,80
1029;16/09/2025 11:00:00;URB;205;27,08;75,00
1030;16/09/2025 11:00:00;URB;216;28,45;80,10
1001;16/09/2025 12:00:00;M30;488;24,85;79,00
1002;16/09/2025 12:00:00;URB;160;24,60;73,80
1003;16/09/2025 12:00:00;M30;434;18,45;81,90
1004;16/09/2025 12:00:00;M30;412;24,68;70,70
1005;16/09/2025 12:00:00;M30;421;20,26;87,30
1006;16/09/2025 12:00:00;M30;444;22,94;86,60
1007;16/09/2025 12:00:00;M30;474;23,66;85,20
1008;16/09/2025 12:00:00;URB;187;25,79;82,60
1009;16/09/2025 12:00:00;M30;480;14,29;88,10
1010;16/09/2025 12:00:00;URB;159;15,93;83,50
1011;16/09/2025 12:00:00;URB;157;18,74;84,60
1012;16/09/2025 12:00:00;M30;490;17,97;91,70
1013;16/09/2025 12:00:00;URB;168;26,84;82,20
1014;16/09/2025 12:00:00;URB;154;18,27;88,00
1015;16/09/2025 12:00:00;M30;478;26,21;79,40
1016;16/09/2025 12:00:00;URB;150;16,66;80,90
1017;16/09/2025 12:00:00;URB;172;26,50;82,00
1018;16/09/2025 12:00:00;URB;138;16,06;88,30
1019;16/09/2025 12:00:00;M30;436;22,71;84,40
1020;16/09/2025 12:00:00;URB;159;17,81;90,10
1021;16/09/2025 12:00:00;M30;418;24,85;-1,00
1022;16/09/2025 12:00:00;URB;142;12,70;-1,00
1023;16/09/2025 12:00:00;URB;141;17,05;86,50
1024;16/09/2025 12:00:00;URB;162;21,55;81,30
1025;16/09/2025 12:00:00;M30;491;22,33;81,20
1026;16/09/2025 12:00:00;URB;151;20,39;-1,00
1027;16/09/2025 12:00:00;M30;521;25,48;76,50
1028;16/09/2025 12:00:00;URB;139;18,49;89,00
1029;16/09/2025 12:00:00;URB;158;13,23;84,70
1030;16/09/2025 12:00:00;URB;165;29,92;80,80
1001;16/09/2025 13:00:00;M30;432;24,09;84,10
1002;16/09/2025 13:00:00;URB;127;18,02;87,70
1003;16/09/2025 13:00:00;M30;346;18,37;86,10
1004;16/09/2025 13:00:00;M30;367;19,87;77,50
1005;16/09/2025 13:00:00;M30;383;17,98;-1,00
1006;16/09/2025 13:00:00;M30;328;14,15;87,90
1007;16/09/2025 13:00:00;M30;319;12,59;78,70
1008;16/09/2025 13:00:00;URB;119;16,42;75,30
1009;16/09/2025 13:00:00;M30;373;20,76;81,70
1010;16/09/2025 13:00:00;URB;145;19,11;95,00
1011;16/09/2025 13:00:00;URB;131;15,30;84,30
1012;16/09/2025 13:00:00;M30;401;20,05;79,80
1013;16/09/2025 13:00:00;URB;108;14,10;92,00
1014;16/09/2025 13:00:00;URB;123;13,85;89,80
1015;16/09/2025 13:00:00;M30;377;17,97;88,50
1016;16/09/2025 13:00:00;URB;130;18,35;88,40
1017;16/09/2025 13:00:00;URB;139;13,65;92,20
1018;16/09/2025 13:00:00;URB;148;18,09;-1,00
1019;16/09/2025 13:00:00;M30;312;12,79;90,60
1020;16/09/2025 13:00:00;URB;123;14,98;88,80
1021;16/09/2025 13:00:00;M30;366;21,16;89,40
1022;16/09/2025 13:00:00;URB;115;15,21;83,30
1023;16/09/2025 13:00:00;URB;155;17,86;86,40
1024;16/09/2025 13:00:00;URB;133;20,48;-1,00
1025;16/09/2025 13:00:00;M30;410;14,36;-1,00
1026;16/09/2025 13:00:00;URB;125;10,70;88,20
1027;16/09/2025 13:00:00;M30;365;21,51;-1,00
1028;16/09/2025 13:00:00;URB;154;18,69;83,20
1029;16/09/2025 13:00:00;URB;142;21,81;81,10
1030;16/09/2025 13:00:00;URB;140;17,73;82,90
1001;16/09/2025 14:00:00;M30;333;12,15;-1,00
1002;16/09/2025 14:00:00;URB;153;18,72;85,80
1003;16/09/2025 14:00:00;M30;374;16,48;-1,00
1004;16/09/2025 14:00:00;M30;441;14,89;89,00
1005;16/09/2025 14:00:00;M30;365;15,91;84,70
1006;16/09/2025 14:00:00;M30;392;13,27;84,30
1007;16/09/2025 14:00:00;M30;426;11,24;90,70
1008;16/09/2025 14:00:00;URB;141;11,90;86,90
1009;16/09/2025 14:00:00;M30;362;16,00;85,90
1010;16/09/2025 14:00:00;URB;130;14,54;92,40
1011;16/09/2025 14:00:00;URB;131;15,02;82,50
1012;16/09/2025 14:00:00;M30;376;13,47;81,30
1013;16/09/2025 14:00:00;URB;132;12,64;81,70
1014;16/09/2025 14:00:00;URB;128;19,07;76,00
1015;16/09/2025 14:00:00;M30;389;16,20;81,40
1016;16/09/2025 14:00:00;URB;127;18,33;77,10
1017;16/09/2025 14:00:00;URB;153;15,51;77,90
1018;16/09/2025 14:00:00;URB;118;18,81;88,00
1019;16/09/2025 14:00:00;M30;472;21,49;82,60
1020;16/09/2025 14:00:00;URB;128;18,19;90,40
1021;16/09/2025 14:00:00;M30;416;22,51;84,90
1022;16/09/2025 14:00:00;URB;149;22,21;84,70
1023;16/09/2025 14:00:00;URB;145;22,35;84,50
1024;16/09/2025 14:00:00;URB;119;15,92;82,40
1025;16/09/2025 14:00:00;M30;405;14,44;92,30
1026;16/09/2025 14:00:00;URB;147;20,74;87,20
1027;16/09/2025 14:00:00;M30;395;16,15;87,80
1028;16/09/2025 14:00:00;URB;153;23,93;81,70
1029;16/09/2025 14:00:00;URB;162;11,99;88,50
1030;16/09/2025 14:00:00;URB;135;11,81;89,80
1001;16/09/2025 15:00:00;M30;479;27,09;80,30
1002;16/09/2025 15:00:00;URB;154;16,44;81,60
1003;16/09/2025 15:00:00;M30;415;19,91;82,10
1004;16/09/2025 15:00:00;M30;432;21,20;85,30
1005;16/09/2025 15:00:00;M30;434;21,36;79,60
1006;16/09/2025 15:00:00;M30;432;19,64;-1,00
1007;16/09/2025 15:00:00;M30;461;15,86;87,80
1008;16/09/2025 15:00:00;URB;187;26,78;78,30
1009;16/09/2025 15:00:00;M30;562;23,51;-1,00
1010;16/09/2025 15:00:00;URB;157;20,59;81,40
1011;16/09/2025 15:00:00;URB;146;17,62;86,50
1012;16/09/2025 15:00:00;M30;445;14,19;82,20
1013;16/09/2025 15:00:00;URB;162;17,94;92,50
1014;16/09/2025 15:00:00;URB;146;22,78;80,50
1015;16/09/2025 15:00:00;M30;462;19,14;82,80
1016;16/09/2025 15:00:00;URB;176;26,19;78,00
1017;16/09/2025 15:00:00;URB;164;28,81;-1,00
1018;16/09/2025 15:00:00;URB;136;22,97;72,60
1019;16/09/2025 15:00:00;M30;423;22,47;80,80
1020;16/09/2025 15:00:00;URB;178;22,32;89,00
1021;16/09/2025 15:00:00;M30;457;25,24;78,50
1022;16/09/2025 15:00:00;URB;147;23,72;78,90
1023;16/09/2025 15:00:00;URB;163;18,42;88,00
1024;16/09/2025 15:00:00;URB;169;22,45;81,20
1025;16/09/2025 15:00:00;M30;454;27,20;79,80
1026;16/09/2025 15:00:00;URB;177;23,32;-1,00
1027;16/09/2025 15:00:00;M30;436;19,15;-1,00
1028;16/09/2025 15:00:00;URB;144;16,06;-1,00
1029;16/09/2025 15:00:00;URB;175;20,67;-1,00
1030;16/09/2025 15:00:00;URB;189;28,96;77,60
1001;16/09/2025 16:00:00;M30;678;25,06;80,50
1002;16/09/2025 16:00:00;URB;189;19,09;87,50
1003;16/09/2025 16:00:00;M30;590;28,62;84,00
1004;16/09/2025 16:00:00;M30;669;26,31;82,80
1005;16/09/2025 16:00:00;M30;653;29,22;82,60
1006;16/09/2025 16:00:00;M30;636;26,24;87,40
1007;16/09/2025 16:00:00;M30;590;25,83;78,20
1008;16/09/2025 16:00:00;URB;217;43,48;79,70
1009;16/09/2025 16:00:00;M30;507;24,02;77,20
1010;16/09/2025 16:00:00;URB;196;23,29;87,40
1011;16/09/2025 16:00:00;URB;205;31,92;-1,00
1012;16/09/2025 16:00:00;M30;658;31,56;81,90
1013;16/09/2025 16:00:00;URB;188;33,32;77,20
1014;16/09/2025 16:00:00;URB;192;26,84;75,40
1015;16/09/2025 16:00:00;M30;586;24,00;-1,00
1016;16/09/2025 16:00:00;URB;185;20,54;79,30
1017;16/09/2025 16:00:00;URB;219;28,54;76,80
1018;16/09/2025 16:00:00;URB;208;27,62;77,20
1019;16/09/2025 16:00:00;M30;591;32,56;81,70
1020;16/09/2025 16:00:00;URB;239;26,69;-1,00
1021;16/09/2025 16:00:00;M30;565;25,77;80,70
1022;16/09/2025 16:00:00;URB;224;32,07;76,60
1023;16/09/2025 16:00:00;URB;264;36,44;78,10
1024;16/09/2025 16:00:00;URB;217;27,04;79,70
1025;16/09/2025 16:00:00;M30;494;21,52;84,80
1026;16/09/2025 16:00:00;URB;285;27,81;80,80
1027;16/09/2025 16:00:00;M30;651;36,70;76,00
1028;16/09/2025 16:00:00;URB;224;28,02;81,60
1029;16/09/2025 16:00:00;URB;213;19,93;82,50
1030;16/09/2025 16:00:00;URB;208;24,30;77,40
1001;16/09/2025 17:00:00;M30;944;42,10;66,60
1002;16/09/2025 17:00:00;URB;282;30,66;77,90
1003;16/09/2025 17:00:00;M30;756;27,99;81,50
1004;16/09/2025 17:00:00;M30;748;44,53;66,90
1005;16/09/2025 17:00:00;M30;799;40,33;71,30
1006;16/09/2025 17:00:00;M30;770;25,69;86,50
1007;16/09/2025 17:00:00;M30;754;40,59;74,80
1008;16/09/2025 17:00:00;URB;264;28,92;80,80
1009;16/09/2025 17:00:00;M30;940;41,63;68,00
1010;16/09/2025 17:00:00;URB;298;49,57;70,60
1011;16/09/2025 17:00:00;URB;294;38,74;79,00
1012;16/09/2025 17:00:00;M30;832;36,19;67,40
1013;16/09/2025 17:00:00;URB;298;45,24;68,40
1014;16/09/2025 17:00:00;URB;293;37,92;77,80
1015;16/09/2025 17:00:00;M30;663;31,86;76,30
1016;16/09/2025 17:00:00;URB;278;38,11;78,90
1017;16/09/2025 17:00:00;URB;251;24,52;87,50
1018;16/09/2025 17:00:00;URB;301;39,66;79,00
1019;16/09/2025 17:00:00;M30;711;37,41;72,80
1020;16/09/2025 17:00:00;URB;270;37,64;69,20
1021;16/09/2025 17:00:00;M30;804;32,47;78,90
1022;16/09/2025 17:00:00;URB;256;27,54;78,90
1023;16/09/2025 17:00:00;URB;280;34,52;72,20
1024;16/09/2025 17:00:00;URB;280;42,22;70,50
1025;16/09/2025 17:00:00;M30;797;33,47;84,50
1026;16/09/2025 17:00:00;URB;271;29,36;79,90
1027;16/09/2025 17:00:00;M30;825;47,86;66,20
1028;16/09/2025 17:00:00;URB;255;24,16;79,00
1029;16/09/2025 17:00:00;URB;322;29,60;88,60
1030;16/09/2025 17:00:00;URB;270;33,78;76,50
1001;16/09/2025 18:00:00;M30;912;32,76;77,90
1002;16/09/2025 18:00:00;URB;371;48,45;69,10
1003;16/09/2025 18:00:00;M30;1.103;40,68;62,30
1004;16/09/2025 18:00:00;M30;979;47,27;64,90
1005;16/09/2025 18:00:00;M30;914;43,62;-1,00
1006;16/09/2025 18:00:00;M30;901;41,14;77,50
1007;16/09/2025 18:00:00;M30;1.006;41,87;73,50
1008;16/09/2025 18:00:00;URB;397;45,78;70,90
1009;16/09/2025 18:00:00;M30;848;33,88;78,50
1010;16/09/2025 18:00:00;URB;367;48,85;62,40
1011;16/09/2025 18:00:00;URB;337;37,77;68,80
1012;16/09/2025 18:00:00;M30;898;51,27;65,40
1013;16/09/2025 18:00:00;URB;322;39,98;76,10
1014;16/09/2025 18:00:00;URB;357;39,42;76,90
1015;16/09/2025 18:00:00;M30;1.050;39,11;75,30
1016;16/09/2025 18:00:00;URB;314;31,73;68,30
1017;16/09/2025 18:00:00;URB;356;30,35;76,70
1018;16/09/2025 18:00:00;URB;264;35,70;76,90
1019;16/09/2025 18:00:00;M30;926;34,61;-1,00
1020;16/09/2025 18:00:00;URB;305;26,85;-1,00
1021;16/09/2025 18:00:00;M30;901;39,30;78,30
1022;16/09/2025 18:00:00;URB;304;42,18;78,40
1023;16/09/2025 18:00:00;URB;356;31,62;80,00
1024;16/09/2025 18:00:00;URB;340;26,71;75,60
1025;16/09/2025 18:00:00;M30;891;45,75;68,30
1026;16/09/2025 18:00:00;URB;301;36,15;85,60
1027;16/09/2025 18:00:00;M30;912;43,34;75,70
1028;16/09/2025 18:00:00;URB;350;52,08;-1,00
1029;16/09/2025 18:00:00;URB;353;63,92;62,60
1030;16/09/2025 18:00:00;URB;375;45,48;75,10
1001;16/09/2025 19:00:00;M30;1.065;37,77;71,00
1002;16/09/2025 19:00:00;URB;335;45,60;60,60
1003;16/09/2025 19:00:00;M30;1.096;54,59;64,80
1004;16/09/2025 19:00:00;M30;1.027;47,92;73,90
1005;16/09/2025 19:00:00;M30;1.179;61,22;66,10
1006;16/09/2025 19:00:00;M30;1.015;42,73;66,20
1007;16/09/2025 19:00:00;M30;1.057;42,60;-1,00
1008;16/09/2025 19:00:00;URB;292;41,57;65,70
1009;16/09/2025 19:00:00;M30;1.151;58,23;62,50
1010;16/09/2025 19:00:00;URB;347;40,22;-1,00
1011;16/09/2025 19:00:00;URB;322;42,53;75,20
1012;16/09/2025 19:00:00;M30;1.080;63,09;57,20
1013;16/09/2025 19:00:00;URB;322;30,41;81,40
1014;16/09/2025 19:00:00;URB;363;37,90;74,80
1015;16/09/2025 19:00:00;M30;953;38,68;74,70
1016;16/09/2025 19:00:00;URB;437;55,74;68,60
1017;16/09/2025 19:00:00;URB;319;38,13;74,40
1018;16/09/2025 19:00:00;URB;347;54,87;67,30
1019;16/09/2025 19:00:00;M30;1.284;46,76;69,30
1020;16/09/2025 19:00:00;URB;368;33,79;79,40
1021;16/09/2025 19:00:00;M30;953;45,07;70,40
1022;16/09/2025 19:00:00;URB;377;60,15;67,00
1023;16/09/2025 19:00:00;URB;404;40,65;74,80
1024;16/09/2025 19:00:00;URB;332;34,38;77,50
1025;16/09/2025 19:00:00;M30;868;53,97;66,50
1026;16/09/2025 19:00:00;URB;355;48,72;69,40
1027;16/09/2025 19:00:00;M30;1.131;55,94;67,30
1028;16/09/2025 19:00:00;URB;297;49,22;64,50
1029;16/09/2025 19:00:00;URB;386;40,79;-1,00
1030;16/09/2025 19:00:00;URB;333;44,04;67,90
1001;16/09/2025 20:00:00;M30;1.088;45,91;59,70
1002;16/09/2025 20:00:00;URB;346;52,86;68,40
1003;16/09/2025 20:00:00;M30;780;28,40;71,30
1004;16/09/2025 20:00:00;M30;1.023;55,97;65,10
1005;16/09/2025 20:00:00;M30;892;41,82;74,00
1006;16/09/2025 20:00:00;M30;1.025;31,98;73,30
1007;16/09/2025 20:00:00;M30;811;26,78;84,10
1008;16/09/2025 20:00:00;URB;318;33,44;78,20
1009;16/09/2025 20:00:00;M30;1.059;43,95;69,90
1010;16/09/2025 20:00:00;URB;311;44,88;73,80
1011;16/09/2025 20:00:00;URB;382;42,30;69,70
1012;16/09/2025 20:00:00;M30;1.084;63,75;57,50
1013;16/09/2025 20:00:00;URB;309;46,77;68,50
1014;16/09/2025 20:00:00;URB;321;21,35;81,20
1015;16/09/2025 20:00:00;M30;967;35,09;71,50
1016;16/09/2025 20:00:00;URB;333;46,87;-1,00
1017;16/09/2025 20:00:00;URB;388;43,52;72,40
1018;16/09/2025 20:00:00;URB;324;46,04;67,60
1019;16/09/2025 20:00:00;M30;896;48,11;68,70
1020;16/09/2025 20:00:00;URB;399;50,38;60,00
1021;16/09/2025 20:00:00;M30;989;47,54;68,00
1022;16/09/2025 20:00:00;URB;309;36,23;77,70
1023;16/09/2025 20:00:00;URB;329;53,94;62,60
1024;16/09/2025 20:00:00;URB;328;43,62;75,50
1025;16/09/2025 20:00:00;M30;876;41,33;72,20
1026;16/09/2025 20:00:00;URB;314;37,14;70,40
1027;16/09/2025 20:00:00;M30;1.007;54,35;57,70
1028;16/09/2025 20:00:00;URB;342;44,42;66,50
1029;16/09/2025 20:00:00;URB;289;37,44;-1,00
1030;16/09/2025 20:00:00;URB;372;46,45;74,30
1001;16/09/2025 21:00:00;M30;733;27,56;86,70
1002;16/09/2025 21:00:00;URB;272;30,72;78,40
1003;16/09/2025 21:00:00;M30;810;29,16;76,30
1004;16/09/2025 21:00:00;M30;796;26,98;80,40
1005;16/09/2025 21:00:00;M30;753;38,00;75,80
1006;16/09/2025 21:00:00;M30;936;35,03;72,60
1007;16/09/2025 21:00:00;M30;757;40,96;-1,00
1008;16/09/2025 21:00:00;URB;301;31,34;76,90
1009;16/09/2025 21:00:00;M30;785;13,43;91,80
1010;16/09/2025 21:00:00;URB;321;41,37;-1,00
1011;16/09/2025 21:00:00;URB;310;40,76;72,40
1012;16/09/2025 21:00:00;M30;782;40,92;75,70
1013;16/09/2025 21:00:00;URB;278;33,22;81,60
1014;16/09/2025 21:00:00;URB;310;53,57;71,40
1015;16/09/2025 21:00:00;M30;785;41,01;70,60
1016;16/09/2025 21:00:00;URB;277;46,48;70,40
1017;16/09/2025 21:00:00;URB;240;42,09;76,40
1018;16/09/2025 21:00:00;URB;261;28,27;75,00
1019;16/09/2025 21:00:00;M30;747;31,63;82,40
1020;16/09/2025 21:00:00;URB;324;41,55;-1,00
1021;16/09/2025 21:00:00;M30;776;32,68;-1,00
1022;16/09/2025 21:00:00;URB;365;47,68;71,50
1023;16/09/2025 21:00:00;URB;260;37,12;79,90
1024;16/09/2025 21:00:00;URB;280;37,39;-1,00
1025;16/09/2025 21:00:00;M30;813;42,49;71,20
1026;16/09/2025 21:00:00;URB;269;29,13;74,30
1027;16/09/2025 21:00:00;M30;916;54,68;70,10
1028;16/09/2025 21:00:00;URB;264;42,57;66,90
1029;16/09/2025 21:00:00;URB;307;48,38;69,80
1030;16/09/2025 21:00:00;URB;295;42,55;74,10
1001;16/09/2025 22:00:00;M30;647;38,66;68,60
1002;16/09/2025 22:00:00;URB;233;25,95;77,70
1003;16/09/2025 22:00:00;M30;670;28,62;81,20
1004;16/09/2025 22:00:00;M30;568;27,57;81,60
1005;16/09/2025 22:00:00;M30;585;27,74;74,90
1006;16/09/2025 22:00:00;M30;537;22,74;88,00
1007;16/09/2025 22:00:00;M30;658;32,31;83,60
1008;16/09/2025 22:00:00;URB;215;35,68;75,20
1009;16/09/2025 22:00:00;M30;544;31,11;70,30
1010;16/09/2025 22:00:00;URB;232;31,28;-1,00
1011;16/09/2025 22:00:00;URB;211;29,87;81,70
1012;16/09/2025 22:00:00;M30;719;34,41;82,20
1013;16/09/2025 22:00:00;URB;219;36,95;77,60
1014;16/09/2025 22:00:00;URB;215;26,60;80,80
1015;16/09/2025 22:00:00;M30;706;35,55;76,00
1016;16/09/2025 22:00:00;URB;238;32,88;78,80
1017;16/09/2025 22:00:00;URB;182;21,78;82,70
1018;16/09/2025 22:00:00;URB;229;30,04;74,10
1019;16/09/2025 22:00:00;M30;728;27,64;76,20
1020;16/09/2025 22:00:00;URB;198;26,33;84,40
1021;16/09/2025 22:00:00;M30;649;26,96;79,20
1022;16/09/2025 22:00:00;URB;195;22,57;81,20
1023;16/09/2025 22:00:00;URB;203;24,32;83,80
1024;16/09/2025 22:00:00;URB;210;31,20;-1,00
1025;16/09/2025 22:00:00;M30;488;27,20;78,70
1026;16/09/2025 22:00:00;URB;208;22,26;85,80
1027;16/09/2025 22:00:00;M30;715;28,88;84,90
1028;16/09/2025 22:00:00;URB;198;25,41;81,60
1029;16/09/2025 22:00:00;URB;199;31,87;-1,00
1030;16/09/2025 22:00:00;URB;167;24,43;91,80
1001;16/09/2025 23:00:00;M30;316;10,80;89,60
1002;16/09/2025 23:00:00;URB;173;22,67;83,30
1003;16/09/2025 23:00:00;M30;549;16,69;88,40
1004;16/09/2025 23:00:00;M30;409;16,43;90,40
1005;16/09/2025 23:00:00;M30;429;24,53;86,00
1006;16/09/2025 23:00:00;M30;512;24,41;82,60
1007;16/09/2025 23:00:00;M30;400;15,61;-1,00
1008;16/09/2025 23:00:00;URB;151;14,96;-1,00
1009;16/09/2025 23:00:00;M30;454;26,07;82,80
1010;16/09/2025 23:00:00;URB;146;21,79;87,90
1011;16/09/2025 23:00:00;URB;159;23,49;86,90
1012;16/09/2025 23:00:00;M30;368;19,39;84,80
1013;16/09/2025 23:00:00;URB;169;12,15;94,30
1014;16/09/2025 23:00:00;URB;173;17,71;89,70
1015;16/09/2025 23:00:00;M30;455;22,43;80,00
1016;16/09/2025 23:00:00;URB;188;18,90;82,10
1017;16/09/2025 23:00:00;URB;160;19,44;82,50
1018;16/09/2025 23:00:00;URB;176;24,74;89,20
1019;16/09/2025 23:00:00;M30;471;21,30;-1,00
1020;16/09/2025 23:00:00;URB;165;23,54;-1,00
1021;16/09/2025 23:00:00;M30;468;22,57;78,70
1022;16/09/2025 23:00:00;URB;187;26,50;82,80
1023;16/09/2025 23:00:00;URB;179;23,50;81,20
1024;16/09/2025 23:00:00;URB;136;18,06;86,20
1025;16/09/2025 23:00:00;M30;427;15,54;87,90
1026;16/09/2025 23:00:00;URB;200;30,33;81,70
1027;16/09/2025 23:00:00;M30;489;16,61;82,70
1028;16/09/2025 23:00:00;URB;148;21,10;86,70
1029;16/09/2025 23:00:00;URB;175;26,68;80,50
1030;16/09/2025 23:00:00;URB;169;25,77;78,00
1001;17/09/2025 00:00:00;M30;343;20,45;77,00
1002;17/09/2025 00:00:00;URB;107;17,33;-1,00
1003;17/09/2025 00:00:00;M30;326;14,01;-1,00
1004;17/09/2025 00:00:00;M30;324;17,45;83,00
1005;17/09/2025 00:00:00;M30;324;11,70;86,10
1006;17/09/2025 00:00:00;M30;382;18,35;86,30
1007;17/09/2025 00:00:00;M30;296;14,70;85,10
1008;17/09/2025 00:00:00;URB;100;13,35;84,10
1009;17/09/2025 00:00:00;M30;321;15,21;89,90
1010;17/09/2025 00:00:00;URB;108;19,38;85,50
1011;17/09/2025 00:00:00;URB;140;18,08;86,40
1012;17/09/2025 00:00:00;M30;303;11,15;84,70
1013;17/09/2025 00:00:00;URB;96;13,50;87,80
1014;17/09/2025 00:00:00;URB;106;11,71;84,50
1015;17/09/2025 00:00:00;M30;292;11,62;-1,00
1016;17/09/2025 00:00:00;URB;100;15,13;79,90
1017;17/09/2025 00:00:00;URB;96;13,65;86,40
1018;17/09/2025 00:00:00;URB;125;16,35;96,00
1019;17/09/2025 00:00:00;M30;269;15,26;82,70
1020;17/09/2025 00:00:00;URB;118;15,59;92,40
1021;17/09/2025 00:00:00;M30;267;13,00;88,30
1022;17/09/2025 00:00:00;URB;123;14,74;85,70
1023;17/09/2025 00:00:00;URB;136;9,81;93,80
1024;17/09/2025 00:00:00;URB;123;16,31;85,90
1025;17/09/2025 00:00:00;M30;325;12,98;84,10
1026;17/09/2025 00:00:00;URB;109;13,14;95,00
1027;17/09/2025 00:00:00;M30;320;11,81;92,10
1028;17/09/2025 00:00:00;URB;106;12,66;86,50
1029;17/09/2025 00:00:00;URB;96;14,35;89,60
1030;17/09/2025 00:00:00;URB;107;14,55;89,60
1001;17/09/2025 01:00:00;M30;309;10,81;-1,00
1002;17/09/2025 01:00:00;URB;109;13,41;88,60
1003;17/09/2025 01:00:00;M30;310;13,68;91,90
1004;17/09/2025 01:00:00;M30;336;14,26;92,70
1005;17/09/2025 01:00:00;M30;307;14,77;-1,00
1006;17/09/2025 01:00:00;M30;321;15,91;86,60
1007;17/09/2025 01:00:00;M30;293;11,45;93,40
1008;17/09/2025 01:00:00;URB;94;13,90;86,90
1009;17/09/2025 01:00:00;M30;269;13,80;99,30
1010;17/09/2025 01:00:00;URB;106;15,08;80,40
1011;17/09/2025 01:00:00;URB;111;14,73;87,40
1012;17/09/2025 01:00:00;M30;348;13,87;80,90
1013;17/09/2025 01:00:00;URB;93;13,48;79,90
1014;17/09/2025 01:00:00;URB;105;10,94;87,00
1015;17/09/2025 01:00:00;M30;324;15,77;-1,00
1016;17/09/2025 01:00:00;URB;98;11,51;-1,00
1017;17/09/2025 01:00:00;URB;104;11,81;85,00
1018;17/09/2025 01:00:00;URB;96;10,84;85,10
1019;17/09/2025 01:00:00;M30;273;13,22;85,60
1020;17/09/2025 01:00:00;URB;99;13,23;92,50
1021;17/09/2025 01:00:00;M30;281;6,82;91,80
1022;17/09/2025 01:00:00;URB;134;13,70;90,10
1023;17/09/2025 01:00:00;URB;128;17,41;81,20
1024;17/09/2025 01:00:00;URB;116;12,33;91,20
1025;17/09/2025 01:00:00;M30;299;14,90;82,30
1026;17/09/2025 01:00:00;URB;104;11,22;92,70
1027;17/09/2025 01:00:00;M30;360;22,30;-1,00
1028;17/09/2025 01:00:00;URB;116;15,65;84,30
1029;17/09/2025 01:00:00;URB;106;18,25;85,90
1030;17/09/2025 01:00:00;URB;107;13,27;85,70
1001;17/09/2025 02:00:00;M30;272;9,90;84,20
1002;17/09/2025 02:00:00;URB;111;14,72;88,50
1003;17/09/2025 02:00:00;M30;320;14,06;94,00
1004;17/09/2025 02:00:00;M30;259;16,00;84,40
1005;17/09/2025 02:00:00;M30;302;10,99;-1,00
1006;17/09/2025 02:00:00;M30;267;11,97;84,90
1007;17/09/2025 02:00:00;M30;303;15,63;84,60
1008;17/09/2025 02:00:00;URB;125;16,96;90,30
1009;17/09/2025 02:00:00;M30;309;14,04;88,70
1010;17/09/2025 02:00:00;URB;132;15,65;86,20
1011;17/09/2025 02:00:00;URB;118;19,36;83,20
1012;17/09/2025 02:00:00;M30;309;13,52;88,50
1013;17/09/2025 02:00:00;URB;113;16,34;-1,00
1014;17/09/2025 02:00:00;URB;119;12,86;86,20
1015;17/09/2025 02:00:00;M30;316;19,04;82,70
1016;17/09/2025 02:00:00;URB;91;16,98;92,10
1017;17/09/2025 02:00:00;URB;119;14,01;86,10
1018;17/09/2025 02:00:00;URB;119;16,75;82,80
1019;17/09/2025 02:00:00;M30;318;14,54;-1,00
1020;17/09/2025 02:00:00;URB;119;15,10;85,60
1021;17/09/2025 02:00:00;M30;305;15,82;87,40
1022;17/09/2025 02:00:00;URB;102;10,89;88,00
1023;17/09/2025 02:00:00;URB;106;15,44;88,30
1024;17/09/2025 02:00:00;URB;129;16,09;93,90
1025;17/09/2025 02:00:00;M30;264;13,92;86,40
1026;17/09/2025 02:00:00;URB;101;14,14;-1,00
1027;17/09/2025 02:00:00;M30;331;16,68;89,90
1028;17/09/2025 02:00:00;URB;102;12,82;-1,00
1029;17/09/2025 02:00:00;URB;108;13,57;87,70
1030;17/09/2025 02:00:00;URB;118;15,91;85,40
1001;17/09/2025 03:00:00;M30;329;16,95;84,30
1002;17/09/2025 03:00:00;URB;128;16,97;85,20
1003;17/09/2025 03:00:00;M30;333;16,80;90,50
1004;17/09/2025 03:00:00;M30;278;15,37;87,00
1005;17/09/2025 03:00:00;M30;326;12,12;82,20
1006;17/09/2025 03:00:00;M30;364;15,13;77,60
1007;17/09/2025 03:00:00;M30;329;19,34;86,70
1008;17/09/2025 03:00:00;URB;130;21,29;78,40
1009;17/09/2025 03:00:00;M30;340;12,57;86,10
1010;17/09/2025 03:00:00;URB;109;14,23;86,40
1011;17/09/2025 03:00:00;URB;107;11,42;86,20
1012;17/09/2025 03:00:00;M30;376;17,13;77,80
1013;17/09/2025 03:00:00;URB;133;15,23;-1,00
1014;17/09/2025 03:00:00;URB;139;16,58;89,90
1015;17/09/2025 03:00:00;M30;386;16,35;88,20
1016;17/09/2025 03:00:00;URB;122;14,51;88,40
1017;17/09/2025 03:00:00;URB;128;13,53;-1,00
1018;17/09/2025 03:00:00;URB;130;18,50;81,20
1019;17/09/2025 03:00:00;M30;322;15,35;89,40
1020;17/09/2025 03:00:00;URB;127;13,91;-1,00
1021;17/09/2025 03:00:00;M30;336;16,94;84,00
1022;17/09/2025 03:00:00;URB;111;15,03;82,60
1023;17/09/2025 03:00:00;URB;123;17,89;-1,00
1024;17/09/2025 03:00:00;URB;139;18,80;-1,00
1025;17/09/2025 03:00:00;M30;331;15,57;93,10
1026;17/09/2025 03:00:00;URB;109;15,43;92,70
1027;17/09/2025 03:00:00;M30;364;16,74;88,10
1028;17/09/2025 03:00:00;URB;114;16,30;83,10
1029;17/09/2025 03:00:00;URB;122;17,67;-1,00
1030;17/09/2025 03:00:00;URB;118;15,15;84,60
1001;17/09/2025 04:00:00;M30;421;24,01;82,70
1002;17/09/2025 04:00:00;URB;129;19,15;83,80
1003;17/09/2025 04:00:00;M30;326;16,19;88,10
1004;17/09/2025 04:00:00;M30;374;23,36;84,10
1005;17/09/2025 04:00:00;M30;374;18,94;85,70
1006;17/09/2025 04:00:00;M30;406;18,34;75,70
1007;17/09/2025 04:00:00;M30;370;14,31;88,80
1008;17/09/2025 04:00:00;URB;137;15,85;85,10
1009;17/09/2025 04:00:00;M30;419;16,88;91,00
1010;17/09/2025 04:00:00;URB;142;15,76;93,40
1011;17/09/2025 04:00:00;URB;138;13,37;87,90
1012;17/09/2025 04:00:00;M30;400;21,98;86,00
1013;17/09/2025 04:00:00;URB;135;13,75;92,50
1014;17/09/2025 04:00:00;URB;118;18,31;-1,00
1015;17/09/2025 04:00:00;M30;383;15,45;88,30
1016;17/09/2025 04:00:00;URB;122;15,48;90,90
1017;17/09/2025 04:00:00;URB;125;16,40;-1,00
1018;17/09/2025 04:00:00;URB;140;19,50;82,30
1019;17/09/2025 04:00:00;M30;306;16,49;87,30
1020;17/09/2025 04:00:00;URB;119;10,35;91,00
1021;17/09/2025 04:00:00;M30;342;12,17;89,70
1022;17/09/2025 04:00:00;URB;131;18,34;70,80
1023;17/09/2025 04:00:00;URB;132;16,38;80,80
1024;17/09/2025 04:00:00;URB;128;14,85;91,90
1025;17/09/2025 04:00:00;M30;301;12,43;86,80
1026;17/09/2025 04:00:00;URB;119;18,03;82,00
1027;17/09/2025 04:00:00;M30;319;10,05;90,10
1028;17/09/2025 04:00:00;URB;141;15,25;83,90
1029;17/09/2025 04:00:00;URB;145;21,53;81,50
1030;17/09/2025 04:00:00;URB;116;14,07;92,00
1001;17/09/2025 05:00:00;M30;465;11,85;-1,00
1002;17/09/2025 05:00:00;URB;161;11,31;86,40
1003;17/09/2025 05:00:00;M30;488;22,71;-1,00
1004;17/09/2025 05:00:00;M30;474;24,22;88,30
1005;17/09/2025 05:00:00;M30;367;14,36;94,40
1006;17/09/2025 05:00:00;M30;457;19,29;77,20
1007;17/09/2025 05:00:00;M30;491;18,00;89,10
1008;17/09/2025 05:00:00;URB;160;21,39;85,80
1009;17/09/2025 05:00:00;M30;395;21,17;85,30
1010;17/09/2025 05:00:00;URB;157;16,76;84,50
1011;17/09/2025 05:00:00;URB;166;24,79;74,00
1012;17/09/2025 05:00:00;M30;456;21,77;83,90
1013;17/09/2025 05:00:00;URB;152;24,00;79,60
1014;17/09/2025 05:00:00;URB;131;11,95;87,60
1015;17/09/2025 05:00:00;M30;454;28,94;73,20
1016;17/09/2025 05:00:00;URB;156;23,56;86,20
1017;17/09/2025 05:00:00;URB;154;17,90;83,20
1018;17/09/2025 05:00:00;URB;147;22,86;87,10
1019;17/09/2025 05:00:00;M30;480;19,88;84,00
1020;17/09/2025 05:00:00;URB;163;26,61;83,20
1021;17/09/2025 05:00:00;M30;436;21,35;80,60
1022;17/09/2025 05:00:00;URB;161;29,09;-1,00
1023;17/09/2025 05:00:00;URB;172;17,94;84,40
1024;17/09/2025 05:00:00;URB;151;14,30;85,70
1025;17/09/2025 05:00:00;M30;488;26,87;78,40
1026;17/09/2025 05:00:00;URB;172;25,18;83,70
1027;17/09/2025 05:00:00;M30;456;16,30;81,70
1028;17/09/2025 05:00:00;URB;137;18,78;85,50
1029;17/09/2025 05:00:00;URB;175;25,57;77,30
1030;17/09/2025 05:00:00;URB;140;22,15;74,10
1001;17/09/2025 06:00:00;M30;572;22,26;81,10
1002;17/09/2025 06:00:00;URB;194;19,84;85,40
1003;17/09/2025 06:00:00;M30;591;33,21;82,50
1004;17/09/2025 06:00:00;M30;583;26,92;76,40
1005;17/09/2025 06:00:00;M30;476;21,87;85,10
1006;17/09/2025 06:00:00;M30;642;34,58;72,50
1007;17/09/2025 06:00:00;M30;634;25,77;74,40
1008;17/09/2025 06:00:00;URB;232;33,58;79,60
1009;17/09/2025 06:00:00;M30;672;35,71;82,60
1010;17/09/2025 06:00:00;URB;211;34,21;70,10
1011;17/09/2025 06:00:00;URB;181;31,48;80,00
1012;17/09/2025 06:00:00;M30;609;25,65;85,30
1013;17/09/2025 06:00:00;URB;192;24,22;81,80
1014;17/09/2025 06:00:00;URB;242;33,21;71,60
1015;17/09/2025 06:00:00;M30;571;27,61;87,80
1016;17/09/2025 06:00:00;URB;223;27,14;75,50
1017;17/09/2025 06:00:00;URB;190;31,29;87,50
1018;17/09/2025 06:00:00;URB;212;25,50;81,30
1019;17/09/2025 06:00:00;M30;548;23,47;83,50
1020;17/09/2025 06:00:00;URB;214;20,75;-1,00
1021;17/09/2025 06:00:00;M30;654;19,85;82,50
1022;17/09/2025 06:00:00;URB;249;34,48;73,30
1023;17/09/2025 06:00:00;URB;196;26,88;88,80
1024;17/09/2025 06:00:00;URB;222;21,64;83,50
1025;17/09/2025 06:00:00;M30;612;35,10;75,10
1026;17/09/2025 06:00:00;URB;239;27,13;80,80
1027;17/09/2025 06:00:00;M30;597;23,56;77,90
1028;17/09/2025 06:00:00;URB;204;26,98;71,40
1029;17/09/2025 06:00:00;URB;218;22,18;81,80
1030;17/09/2025 06:00:00;URB;220;28,13;-1,00
1001;17/09/2025 07:00:00;M30;808;33,59;76,60
1002;17/09/2025 07:00:00;URB;262;35,36;69,80
1003;17/09/2025 07:00:00;M30;796;34,42;72,10
1004;17/09/2025 07:00:00;M30;626;30,32;74,10
1005;17/09/2025 07:00:00;M30;650;26,39;74,40
1006;17/09/2025 07:00:00;M30;788;38,62;-1,00
1007;17/09/2025 07:00:00;M30;743;35,50;76,60
1008;17/09/2025 07:00:00;URB;221;28,20;83,40
1009;17/09/2025 07:00:00;M30;766;31,74;71,30
1010;17/09/2025 07:00:00;URB;256;32,33;78,30
1011;17/09/2025 07:00:00;URB;297;44,30;78,00
1012;17/09/2025 07:00:00;M30;676;24,20;88,80
1013;17/09/2025 07:00:00;URB;281;40,19;69,00
1014;17/09/2025 07:00:00;URB;243;35,95;73,50
1015;17/09/2025 07:00:00;M30;676;37,53;73,70
1016;17/09/2025 07:00:00;URB;277;38,75;72,50
1017;17/09/2025 07:00:00;URB;325;41,03;72,50
1018;17/09/2025 07:00:00;URB;251;34,89;76,60
1019;17/09/2025 07:00:00;M30;700;28,00;73,60
1020;17/09/2025 07:00:00;URB;248;36,39;69,90
1021;17/09/2025 07:00:00;M30;738;36,16;67,60
1022;17/09/2025 07:00:00;URB;268;44,46;62,20
1023;17/09/2025 07:00:00;URB;247;27,15;78,10
1024;17/09/2025 07:00:00;URB;273;36,65;68,80
1025;17/09/2025 07:00:00;M30;806;44,43;65,50
1026;17/09/2025 07:00:00;URB;305;45,62;73,80
1027;17/09/2025 07:00:00;M30;812;52,38;72,30
1028;17/09/2025 07:00:00;URB;310;48,19;76,10
1029;17/09/2025 07:00:00;URB;248;24,24;78,20
1030;17/09/2025 07:00:00;URB;217;25,05;-1,00
1001;17/09/2025 08:00:00;M30;935;44,91;64,30
1002;17/09/2025 08:00:00;URB;311;40,84;75,60
1003;17/09/2025 08:00:00;M30;897;41,33;66,80
1004;17/09/2025 08:00:00;M30;826;29,40;76,90
1005;17/09/2025 08:00:00;M30;878;45,68;66,90
1006;17/09/2025 08:00:00;M30;862;29,38;79,50
1007;17/09/2025 08:00:00;M30;918;40,02;82,20
1008;17/09/2025 08:00:00;URB;290;41,30;76,50
1009;17/09/2025 08:00:00;M30;765;38,08;69,20
1010;17/09/2025 08:00:00;URB;375;37,16;72,00
1011;17/09/2025 08:00:00;URB;332;43,77;70,80
1012;17/09/2025 08:00:00;M30;1.018;47,52;69,90
1013;17/09/2025 08:00:00;URB;336;39,51;73,10
1014;17/09/2025 08:00:00;URB;312;34,63;83,50
1015;17/09/2025 08:00:00;M30;787;46,10;65,30
1016;17/09/2025 08:00:00;URB;351;55,67;67,50
1017;17/09/2025 08:00:00;URB;296;50,95;66,20
1018;17/09/2025 08:00:00;URB;285;45,83;69,90
1019;17/09/2025 08:00:00;M30;971;57,38;60,20
1020;17/09/2025 08:00:00;URB;322;43,09;72,30
1021;17/09/2025 08:00:00;M30;901;49,90;69,90
1022;17/09/2025 08:00:00;URB;269;24,06;87,60
1023;17/09/2025 08:00:00;URB;345;45,81;68,20
1024;17/09/2025 08:00:00;URB;331;38,51;72,50
1025;17/09/2025 08:00:00;M30;983;58,10;67,30
1026;17/09/2025 08:00:00;URB;291;29,32;-1,00
1027;17/09/2025 08:00:00;M30;753;41,87;72,70
1028;17/09/2025 08:00:00;URB;314;45,55;72,60
1029;17/09/2025 08:00:00;URB;277;28,07;83,40
1030;17/09/2025 08:00:00;URB;318;47,16;71,20
1001;17/09/2025 09:00:00;M30;801;38,99;77,20
1002;17/09/2025 09:00:00;URB;295;37,65;77,20
1003;17/09/2025 09:00:00;M30;796;32,87;71,90
1004;17/09/2025 09:00:00;M30;778;36,32;66,50
1005;17/09/2025 09:00:00;M30;888;32,79;74,20
1006;17/09/2025 09:00:00;M30;914;48,15;64,20
1007;17/09/2025 09:00:00;M30;896;37,45;78,80
1008;17/09/2025 09:00:00;URB;338;66,89;58,00
1009;17/09/2025 09:00:00;M30;917;44,14;67,90
1010;17/09/2025 09:00:00;URB;330;35,71;85,20
1011;17/09/2025 09:00:00;URB;316;35,25;73,20
1012;17/09/2025 09:00:00;M30;815;32,47;80,60
1013;17/09/2025 09:00:00;URB;337;38,34;70,60
1014;17/09/2025 09:00:00;URB;316;37,73;77,90
1015;17/09/2025 09:00:00;M30;930;33,25;74,70
1016;17/09/2025 09:00:00;URB;287;39,24;67,80
1017;17/09/2025 09:00:00;URB;254;37,04;72,20
1018;17/09/2025 09:00:00;URB;306;49,18;66,10
1019;17/09/2025 09:00:00;M30;993;43,21;64,60
1020;17/09/2025 09:00:00;URB;323;39,37;68,20
1021;17/09/2025 09:00:00;M30;789;38,40;76,60
1022;17/09/2025 09:00:00;URB;338;41,87;68,10
1023;17/09/2025 09:00:00;URB;268;35,65;72,60
1024;17/09/2025 09:00:00;URB;312;45,20;63,40
1025;17/09/2025 09:00:00;M30;963;43,67;75,80
1026;17/09/2025 09:00:00;URB;349;48,97;68,70
1027;17/09/2025 09:00:00;M30;900;32,71;80,90
1028;17/09/2025 09:00:00;URB;342;39,38;74,60
1029;17/09/2025 09:00:00;URB;280;34,47;74,40
1030;17/09/2025 09:00:00;URB;356;31,91;78,00
1001;17/09/2025 10:00:00;M30;713;36,83;-1,00
1002;17/09/2025 10:00:00;URB;244;45,88;-1,00
1003;17/09/2025 10:00:00;M30;721;26,35;76,50
1004;17/09/2025 10:00:00;M30;697;40,76;76,40
1005;17/09/2025 10:00:00;M30;775;35,06;74,80
1006;17/09/2025 10:00:00;M30;801;37,58;72,40
1007;17/09/2025 10:00:00;M30;669;30,48;79,70
1008;17/09/2025 10:00:00;URB;210;22,60;82,50
1009;17/09/2025 10:00:00;M30;833;43,11;73,90
1010;17/09/2025 10:00:00;URB;304;47,72;-1,00
1011;17/09/2025 10:00:00;URB;254;33,96;71,80
1012;17/09/2025 10:00:00;M30;778;32,07;77,90
1013;17/09/2025 10:00:00;URB;244;28,40;79,00
1014;17/09/2025 10:00:00;URB;274;38,19;69,30
1015;17/09/2025 10:00:00;M30;748;34,52;79,50
1016;17/09/2025 10:00:00;URB;259;40,63;70,10
1017;17/09/2025 10:00:00;URB;288;42,28;71,70
1018;17/09/2025 10:00:00;URB;286;37,99;-1,00
1019;17/09/2025 10:00:00;M30;820;30,52;73,60
1020;17/09/2025 10:00:00;URB;271;51,46;72,60
1021;17/09/2025 10:00:00;M30;705;28,85;73,20
1022;17/09/2025 10:00:00;URB;212;29,55;78,70
1023;17/09/2025 10:00:00;URB;319;37,72;69,60
1024;17/09/2025 10:00:00;URB;260;26,00;76,90
1025;17/09/2025 10:00:00;M30;732;20,47;83,10
1026;17/09/2025 10:00:00;URB;291;36,15;80,10
1027;17/09/2025 10:00:00;M30;953;58,59;64,80
1028;17/09/2025 10:00:00;URB;313;37,65;68,50
1029;17/09/2025 10:00:00;URB;259;30,74;-1,00
1030;17/09/2025 10:00:00;URB;320;37,02;73,20
1001;17/09/2025 11:00:00;M30;636;24,54;82,30
1002;17/09/2025 11:00:00;URB;235;32,32;79,20
1003;17/09/2025 11:00:00;M30;610;25,22;78,10
1004;17/09/2025 11:00:00;M30;529;30,35;80,90
1005;17/09/2025 11:00:00;M30;623;24,51;74,80
1006;17/09/2025 11:00:00;M30;634;18,20;88,60
1007;17/09/2025 11:00:00;M30;676;33,73;70,60
1008;17/09/2025 11:00:00;URB;222;25,02;82,60
1009;17/09/2025 11:00:00;M30;619;36,18;72,00
1010;17/09/2025 11:00:00;URB;195;21,92;82,10
1011;17/09/2025 11:00:00;URB;184;26,64;82,50
1012;17/09/2025 11:00:00;M30;602;23,93;-1,00
1013;17/09/2025 11:00:00;URB;233;25,93;86,50
1014;17/09/2025 11:00:00;URB;261;40,03;75,90
1015;17/09/2025 11:00:00;M30;547;15,60;81,00
1016;17/09/2025 11:00:00;URB;211;32,91;78,30
1017;17/09/2025 11:00:00;URB;180;16,98;86,50
1018;17/09/2025 11:00:00;URB;173;23,71;93,50
1019;17/09/2025 11:00:00;M30;564;19,12;78,20
1020;17/09/2025 11:00:00;URB;216;20,24;82,20
1021;17/09/2025 11:00:00;M30;522;24,38;83,00
1022;17/09/2025 11:00:00;URB;215;25,24;81,50
1023;17/09/2025 11:00:00;URB;207;21,33;86,10
1024;17/09/2025 11:00:00;URB;234;24,72;85,40
1025;17/09/2025 11:00:00;M30;529;29,04;-1,00
1026;17/09/2025 11:00:00;URB;227;22,85;82,30
1027;17/09/2025 11:00:00;M30;575;25,64;75,20
1028;17/09/2025 11:00:00;URB;194;23,26;84,20
1029;17/09/2025 11:00:00;URB;206;18,81;88,30
1030;17/09/2025 11:00:00;URB;200;26,20;72,10
1001;17/09/2025 12:00:00;M30;464;21,80;88,80
1002;17/09/2025 12:00:00;URB;161;24,26;73,30
1003;17/09/2025 12:00:00;M30;407;14,49;96,70
1004;17/09/2025 12:00:00;M30;518;20,06;-1,00
1005;17/09/2025 12:00:00;M30;495;21,24;88,50
1006;17/09/2025 12:00:00;M30;474;24,82;80,00
1007;17/09/2025 12:00:00;M30;373;15,94;-1,00
1008;17/09/2025 12:00:00;URB;179;19,02;80,20
1009;17/09/2025 12:00:00;M30;414;16,79;80,90
1010;17/09/2025 12:00:00;URB;139;25,33;-1,00
1011;17/09/2025 12:00:00;URB;183;24,68;77,10
1012;17/09/2025 12:00:00;M30;491;18,28;84,80
1013;17/09/2025 12:00:00;URB;164;15,55;86,80
1014;17/09/2025 12:00:00;URB;146;23,56;79,00
1015;17/09/2025 12:00:00;M30;456;29,44;-1,00
1016;17/09/2025 12:00:00;URB;150;13,88;90,80
1017;17/09/2025 12:00:00;URB;143;17,45;83,90
1018;17/09/2025 12:00:00;URB;172;13,54;89,00
1019;17/09/2025 12:00:00;M30;382;14,76;86,50
1020;17/09/2025 12:00:00;URB;180;22,18;81,30
1021;17/09/2025 12:00:00;M30;518;25,22;89,00
1022;17/09/2025 12:00:00;URB;137;18,16;80,70
1023;17/09/2025 12:00:00;URB;166;24,45;85,40
1024;17/09/2025 12:00:00;URB;198;32,18;76,60
1025;17/09/2025 12:00:00;M30;495;25,29;73,20
1026;17/09/2025 12:00:00;URB;165;20,13;84,00
1027;17/09/2025 12:00:00;M30;453;23,05;80,30
1028;17/09/2025 12:00:00;URB;175;22,55;80,90
1029;17/09/2025 12:00:00;URB;145;22,60;79,40
1030;17/09/2025 12:00:00;URB;188;24,02;81,30
1001;17/09/2025 13:00:00;M30;359;16,41;88,60
1002;17/09/2025 13:00:00;URB;145;23,70;79,40
1003;17/09/2025 13:00:00;M30;470;26,53;81,80
1004;17/09/2025 13:00:00;M30;380;23,49;76,80
1005;17/09/2025 13:00:00;M30;392;16,22;-1,00
1006;17/09/2025 13:00:00;M30;367;18,61;78,50
1007;17/09/2025 13:00:00;M30;432;17,81;87,10
1008;17/09/2025 13:00:00;URB;139;23,46;87,60
1009;17/09/2025 13:00:00;M30;378;19,23;85,10
1010;17/09/2025 13:00:00;URB;167;17,08;78,10
1011;17/09/2025 13:00:00;URB;115;11,61;-1,00
1012;17/09/2025 13:00:00;M30;406;18,32;85,50
1013;17/09/2025 13:00:00;URB;112;15,07;88,00
1014;17/09/2025 13:00:00;URB;131;17,68;85,70
1015;17/09/2025 13:00:00;M30;392;15,21;96,10
1016;17/09/2025 13:00:00;URB;130;18,99;86,20
1017;17/09/2025 13:00:00;URB;167;19,46;74,90
1018;17/09/2025 13:00:00;URB;147;18,72;85,40
1019;17/09/2025 13:00:00;M30;386;20,34;85,30
1020;17/09/2025 13:00:00;URB;136;19,37;85,90
1021;17/09/2025 13:00:00;M30;275;13,07;94,00
1022;17/09/2025 13:00:00;URB;117;14,71;85,90
1023;17/09/2025 13:00:00;URB;143;17,21;83,00
1024;17/09/2025 13:00:00;URB;153;18,84;80,70
1025;17/09/2025 13:00:00;M30;452;17,03;86,30
1026;17/09/2025 13:00:00;URB;137;19,40;77,00
1027;17/09/2025 13:00:00;M30;375;17,67;85,50
1028;17/09/2025 13:00:00;URB;145;15,48;87,20
1029;17/09/2025 13:00:00;URB;136;15,37;86,80
1030;17/09/2025 13:00:00;URB;148;17,02;79,20
1001;17/09/2025 14:00:00;M30;357;14,29;84,30
1002;17/09/2025 14:00:00;URB;137;23,00;83,20
1003;17/09/2025 14:00:00;M30;428;18,10;79,80
1004;17/09/2025 14:00:00;M30;353;17,52;81,70
1005;17/09/2025 14:00:00;M30;440;25,54;80,90
1006;17/09/2025 14:00:00;M30;435;24,06;79,70
1007;17/09/2025 14:00:00;M30;430;22,35;88,30
1008;17/09/2025 14:00:00;URB;141;20,84;82,20
1009;17/09/2025 14:00:00;M30;324;14,20;81,50
1010;17/09/2025 14:00:00;URB;136;16,70;90,10
1011;17/09/2025 14:00:00;URB;147;21,85;80,90
1012;17/09/2025 14:00:00;M30;403;20,46;85,10
1013;17/09/2025 14:00:00;URB;116;14,74;89,80
1014;17/09/2025 14:00:00;URB;141;23,68;86,20
1015;17/09/2025 14:00:00;M30;403;14,79;83,30
1016;17/09/2025 14:00:00;URB;137;19,59;-1,00
1017;17/09/2025 14:00:00;URB;150;20,09;82,80
1018;17/09/2025 14:00:00;URB;133;14,21;92,00
1019;17/09/2025 14:00:00;M30;348;19,15;81,80
1020;17/09/2025 14:00:00;URB;146;20,88;-1,00
1021;17/09/2025 14:00:00;M30;372;16,08;90,20
1022;17/09/2025 14:00:00;URB;183;18,17;-1,00
1023;17/09/2025 14:00:00;URB;129;13,02;82,70
1024;17/09/2025 14:00:00;URB;138;18,09;91,60
1025;17/09/2025 14:00:00;M30;366;16,72;84,50
1026;17/09/2025 14:00:00;URB;129;16,28;86,80
1027;17/09/2025 14:00:00;M30;414;24,35;83,30
1028;17/09/2025 14:00:00;URB;156;19,63;81,20
1029;17/09/2025 14:00:00;URB;122;13,53;94,60
1030;17/09/2025 14:00:00;URB;146;16,89;84,00
1001;17/09/2025 15:00:00;M30;462;15,75;80,60
1002;17/09/2025 15:00:00;URB;159;23,05;84,40
1003;17/09/2025 15:00:00;M30;496;30,12;73,80
1004;17/09/2025 15:00:00;M30;434;18,99;89,20
1005;17/09/2025 15:00:00;M30;481;27,94;-1,00
1006;17/09/2025 15:00:00;M30;395;22,04;85,80
1007;17/09/2025 15:00:00;M30;451;18,53;76,00
1008;17/09/2025 15:00:00;URB;183;21,97;84,00
1009;17/09/2025 15:00:00;M30;436;17,45;89,20
1010;17/09/2025 15:00:00;URB;176;20,85;87,80
1011;17/09/2025 15:00:00;URB;161;27,82;80,10
1012;17/09/2025 15:00:00;M30;450;20,25;82,40
1013;17/09/2025 15:00:00;URB;162;18,26;83,10
1014;17/09/2025 15:00:00;URB;159;22,04;79,10
1015;17/09/2025 15:00:00;M30;519;24,10;80,80
1016;17/09/2025 15:00:00;URB;177;25,67;77,20
1017;17/09/2025 15:00:00;URB;170;16,07;92,40
1018;17/09/2025 15:00:00;URB;153;15,82;86,80
1019;17/09/2025 15:00:00;M30;514;29,41;83,20
1020;17/09/2025 15:00:00;URB;158;17,34;92,70
1021;17/09/2025 15:00:00;M30;571;30,33;69,60
1022;17/09/2025 15:00:00;URB;158;19,07;78,90
1023;17/09/2025 15:00:00;URB;177;23,19;88,90
1024;17/09/2025 15:00:00;URB;161;18,44;84,20
1025;17/09/2025 15:00:00;M30;510;21,49;86,40
1026;17/09/2025 15:00:00;URB;195;27,96;86,50
1027;17/09/2025 15:00:00;M30;574;28,65;74,80
1028;17/09/2025 15:00:00;URB;165;16,92;83,80
1029;17/09/2025 15:00:00;URB;143;20,66;77,70
1030;17/09/2025 15:00:00;URB;173;25,56;84,10
1001;17/09/2025 16:00:00;M30;494;22,32;-1,00
1002;17/09/2025 16:00:00;URB;224;31,64;84,40
1003;17/09/2025 16:00:00;M30;552;13,68;89,10
1004;17/09/2025 16:00:00;M30;646;28,82;74,80
1005;17/09/2025 16:00:00;M30;628;21,60;88,90
1006;17/09/2025 16:00:00;M30;493;15,95;89,80
1007;17/09/2025 16:00:00;M30;540;23,47;84,70
1008;17/09/2025 16:00:00;URB;174;26,02;77,40
1009;17/09/2025 16:00:00;M30;611;26,84;84,20
1010;17/09/2025 16:00:00;URB;207;29,13;-1,00
1011;17/09/2025 16:00:00;URB;190;34,20;80,70
1012;17/09/2025 16:00:00;M30;621;37,05;73,20
1013;17/09/2025 16:00:00;URB;200;32,35;82,10
1014;17/09/2025 16:00:00;URB;183;19,81;78,60
1015;17/09/2025 16:00:00;M30;557;18,31;83,50
1016;17/09/2025 16:00:00;URB;201;23,69;87,40
1017;17/09/2025 16:00:00;URB;213;30,64;80,50
1018;17/09/2025 16:00:00;URB;218;29,68;78,70
1019;17/09/2025 16:00:00;M30;643;23,36;-1,00
1020;17/09/2025 16:00:00;URB;186;38,24;82,50
1021;17/09/2025 16:00:00;M30;680;38,18;69,70
1022;17/09/2025 16:00:00;URB;194;26,55;77,80
1023;17/09/2025 16:00:00;URB;216;30,07;84,90
1024;17/09/2025 16:00:00;URB;197;23,15;83,60
1025;17/09/2025 16:00:00;M30;587;32,78;82,10
1026;17/09/2025 16:00:00;URB;197;23,98;82,50
1027;17/09/2025 16:00:00;M30;552;30,09;77,40
1028;17/09/2025 16:00:00;URB;208;19,59;-1,00
1029;17/09/2025 16:00:00;URB;226;31,67;79,80
1030;17/09/2025 16:00:00;URB;208;21,82;81,30
1001;17/09/2025 17:00:00;M30;803;32,13;80,20
1002;17/09/2025 17:00:00;URB;280;36,68;69,00
1003;17/09/2025 17:00:00;M30;797;26,72;75,00
1004;17/09/2025 17:00:00;M30;757;30,70;81,50
1005;17/09/2025 17:00:00;M30;1.050;35,99;78,50
1006;17/09/2025 17:00:00;M30;856;28,96;75,30
1007;17/09/2025 17:00:00;M30;734;46,57;69,60
1008;17/09/2025 17:00:00;URB;326;42,33;72,10
1009;17/09/2025 17:00:00;M30;902;30,02;81,70
1010;17/09/2025 17:00:00;URB;275;38,13;79,80
1011;17/09/2025 17:00:00;URB;305;43,92;67,40
1012;17/09/2025 17:00:00;M30;657;23,37;83,40
1013;17/09/2025 17:00:00;URB;267;38,73;74,10
1014;17/09/2025 17:00:00;URB;329;45,49;66,20
1015;17/09/2025 17:00:00;M30;870;23,88;82,00
1016;17/09/2025 17:00:00;URB;269;35,54;75,50
1017;17/09/2025 17:00:00;URB;307;51,00;67,00
1018;17/09/2025 17:00:00;URB;291;42,38;70,80
1019;17/09/2025 17:00:00;M30;852;28,03;79,60
1020;17/09/2025 17:00:00;URB;253;38,16;71,50
1021;17/09/2025 17:00:00;M30;689;38,86;73,50
1022;17/09/2025 17:00:00;URB;264;29,76;68,00
1023;17/09/2025 17:00:00;URB;275;39,07;67,50
1024;17/09/2025 17:00:00;URB;284;28,58;78,10
1025;17/09/2025 17:00:00;M30;773;36,44;74,40
1026;17/09/2025 17:00:00;URB;241;31,27;74,30
1027;17/09/2025 17:00:00;M30;791;30,34;84,60
1028;17/09/2025 17:00:00;URB;305;29,64;82,20
1029;17/09/2025 17:00:00;URB;279;29,43;80,90
1030;17/09/2025 17:00:00;URB;281;43,68;77,50
1001;17/09/2025 18:00:00;M30;970;65,48;-1,00
1002;17/09/2025 18:00:00;URB;317;44,39;73,30
1003;17/09/2025 18:00:00;M30;877;44,29;-1,00
1004;17/09/2025 18:00:00;M30;976;42,54;76,80
1005;17/09/2025 18:00:00;M30;1.105;62,47;59,90
1006;17/09/2025 18:00:00;M30;912;38,32;80,00
1007;17/09/2025 18:00:00;M30;818;27,79;-1,00
1008;17/09/2025 18:00:00;URB;382;51,41;72,80
1009;17/09/2025 18:00:00;M30;1.004;50,20;65,30
1010;17/09/2025 18:00:00;URB;336;41,91;70,50
1011;17/09/2025 18:00:00;URB;357;54,64;70,00
1012;17/09/2025 18:00:00;M30;937;50,33;69,90
1013;17/09/2025 18:00:00;URB;335;44,87;75,00
1014;17/09/2025 18:00:00;URB;373;59,60;63,70
1015;17/09/2025 18:00:00;M30;976;45,09;68,60
1016;17/09/2025 18:00:00;URB;361;38,23;75,10
1017;17/09/2025 18:00:00;URB;352;60,96;61,60
1018;17/09/2025 18:00:00;URB;304;24,77;81,40
1019;17/09/2025 18:00:00;M30;1.045;42,74;72,80
1020;17/09/2025 18:00:00;URB;398;49,43;70,80
1021;17/09/2025 18:00:00;M30;930;47,01;67,80
1022;17/09/2025 18:00:00;URB;333;37,62;76,30
1023;17/09/2025 18:00:00;URB;357;45,67;-1,00
1024;17/09/2025 18:00:00;URB;310;42,53;77,20
1025;17/09/2025 18:00:00;M30;900;32,17;-1,00
1026;17/09/2025 18:00:00;URB;407;51,56;58,40
1027;17/09/2025 18:00:00;M30;1.043;45,43;68,50
1028;17/09/2025 18:00:00;URB;344;55,13;61,40
1029;17/09/2025 18:00:00;URB;376;42,34;69,60
1030;17/09/2025 18:00:00;URB;306;43,77;79,90
1001;17/09/2025 19:00:00;M30;1.116;52,12;-1,00
1002;17/09/2025 19:00:00;URB;341;54,46;66,00
1003;17/09/2025 19:00:00;M30;1.096;59,26;56,20
1004;17/09/2025 19:00:00;M30;1.000;30,25;80,50
1005;17/09/2025 19:00:00;M30;1.140;47,68;69,00
1006;17/09/2025 19:00:00;M30;848;48,27;68,50
1007;17/09/2025 19:00:00;M30;1.088;31,23;84,40
1008;17/09/2025 19:00:00;URB;371;48,20;67,70
1009;17/09/2025 19:00:00;M30;1.293;70,98;54,80
1010;17/09/2025 19:00:00;URB;405;48,89;66,40
1011;17/09/2025 19:00:00;URB;328;32,48;72,80
1012;17/09/2025 19:00:00;M30;996;49,22;61,00
1013;17/09/2025 19:00:00;URB;446;46,69;63,60
1014;17/09/2025 19:00:00;URB;329;55,70;71,70
1015;17/09/2025 19:00:00;M30;851;41,55;65,40
1016;17/09/2025 19:00:00;URB;360;55,84;59,10
1017;17/09/2025 19:00:00;URB;315;41,75;80,90
1018;17/09/2025 19:00:00;URB;412;37,41;79,40
1019;17/09/2025 19:00:00;M30;1.281;46,87;76,90
1020;17/09/2025 19:00:00;URB;404;44,75;74,90
1021;17/09/2025 19:00:00;M30;1.163;49,00;73,30
1022;17/09/2025 19:00:00;URB;322;33,13;77,80
1023;17/09/2025 19:00:00;URB;298;31,64;76,90
1024;17/09/2025 19:00:00;URB;319;35,76;78,00
1025;17/09/2025 19:00:00;M30;1.036;38,81;85,20
1026;17/09/2025 19:00:00;URB;402;63,41;-1,00
1027;17/09/2025 19:00:00;M30;1.045;45,48;72,90
1028;17/09/2025 19:00:00;URB;356;28,42;81,50
1029;17/09/2025 19:00:00;URB;369;50,55;68,40
1030;17/09/2025 19:00:00;URB;399;68,80;58,80
1001;17/09/2025 20:00:00;M30;913;37,73;74,20
1002;17/09/2025 20:00:00;URB;343;55,35;56,60
1003;17/09/2025 20:00:00;M30;1.016;42,23;70,90
1004;17/09/2025 20:00:00;M30;933;57,20;-1,00
1005;17/09/2025 20:00:00;M30;903;37,14;74,10
1006;17/09/2025 20:00:00;M30;954;37,94;-1,00
1007;17/09/2025 20:00:00;M30;927;37,27;85,90
1008;17/09/2025 20:00:00;URB;352;37,28;79,00
1009;17/09/2025 20:00:00;M30;1.057;59,03;66,00
1010;17/09/2025 20:00:00;URB;394;53,49;-1,00
1011;17/09/2025 20:00:00;URB;348;50,95;69,20
1012;17/09/2025 20:00:00;M30;989;41,91;72,10
1013;17/09/2025 20:00:00;URB;355;46,98;62,40
1014;17/09/2025 20:00:00;URB;288;34,83;73,20
1015;17/09/2025 20:00:00;M30;817;40,72;71,60
1016;17/09/2025 20:00:00;URB;362;49,65;66,50
1017;17/09/2025 20:00:00;URB;383;56,71;70,90
1018;17/09/2025 20:00:00;URB;386;41,74;75,50
1019;17/09/2025 20:00:00;M30;967;44,74;79,70
1020;17/09/2025 20:00:00;URB;349;36,28;64,20
1021;17/09/2025 20:00:00;M30;983;36,20;72,40
1022;17/09/2025 20:00:00;URB;381;54,69;58,00
1023;17/09/2025 20:00:00;URB;344;32,14;-1,00
1024;17/09/2025 20:00:00;URB;369;48,83;67,40
1025;17/09/2025 20:00:00;M30;1.079;46,37;68,30
1026;17/09/2025 20:00:00;URB;373;53,24;72,10
1027;17/09/2025 20:00:00;M30;1.063;69,15;62,60
1028;17/09/2025 20:00:00;URB;334;46,15;71,80
1029;17/09/2025 20:00:00;URB;373;11,76;89,00
1030;17/09/2025 20:00:00;URB;265;39,96;-1,00
1001;17/09/2025 21:00:00;M30;790;33,67;80,10
1002;17/09/2025 21:00:00;URB;262;17,59;87,80
1003;17/09/2025 21:00:00;M30;754;26,42;75,40
1004;17/09/2025 21:00:00;M30;818;39,49;66,80
1005;17/09/2025 21:00:00;M30;737;38,01;69,40
1006;17/09/2025 21:00:00;M30;828;35,02;71,30
1007;17/09/2025 21:00:00;M30;786;29,20;76,00
1008;17/09/2025 21:00:00;URB;336;43,72;70,00
1009;17/09/2025 21:00:00;M30;908;55,23;67,50
1010;17/09/2025 21:00:00;URB;280;38,79;73,10
1011;17/09/2025 21:00:00;URB;252;29,00;78,00
1012;17/09/2025 21:00:00;M30;867;45,26;74,80
1013;17/09/2025 21:00:00;URB;237;26,61;76,00
1014;17/09/2025 21:00:00;URB;300;42,64;74,70
1015;17/09/2025 21:00:00;M30;778;38,66;76,00
1016;17/09/2025 21:00:00;URB;284;31,36;83,10
1017;17/09/2025 21:00:00;URB;230;26,58;-1,00
1018;17/09/2025 21:00:00;URB;297;33,01;80,60
1019;17/09/2025 21:00:00;M30;876;33,41;80,60
1020;17/09/2025 21:00:00;URB;301;49,25;56,70
1021;17/09/2025 21:00:00;M30;805;29,82;-1,00
1022;17/09/2025 21:00:00;URB;256;33,09;82,20
1023;17/09/2025 21:00:00;URB;350;34,00;-1,00
1024;17/09/2025 21:00:00;URB;275;37,49;75,80
1025;17/09/2025 21:00:00;M30;851;35,77;74,00
1026;17/09/2025 21:00:00;URB;263;38,57;63,80
1027;17/09/2025 21:00:00;M30;654;33,16;80,30
1028;17/09/2025 21:00:00;URB;298;48,54;-1,00
1029;17/09/2025 21:00:00;URB;281;39,58;76,20
1030;17/09/2025 21:00:00;URB;284;41,74;72,70
1001;17/09/2025 22:00:00;M30;683;30,50;74,20
1002;17/09/2025 22:00:00;URB;220;43,85;66,70
1003;17/09/2025 22:00:00;M30;659;30,34;80,00
1004;17/09/2025 22:00:00;M30;534;26,11;81,60
1005;17/09/2025 22:00:00;M30;530;28,69;75,20
1006;17/09/2025 22:00:00;M30;709;39,02;-1,00
1007;17/09/2025 22:00:00;M30;686;33,31;81,80
1008;17/09/2025 22:00:00;URB;226;29,33;84,90
1009;17/09/2025 22:00:00;M30;660;33,01;71,00
1010;17/09/2025 22:00:00;URB;248;25,98;83,20
1011;17/09/2025 22:00:00;URB;220;26,55;85,00
1012;17/09/2025 22:00:00;M30;605;30,27;74,00
1013;17/09/2025 22:00:00;URB;243;37,33;79,80
1014;17/09/2025 22:00:00;URB;184;29,20;-1,00
1015;17/09/2025 22:00:00;M30;559;21,72;85,20
1016;17/09/2025 22:00:00;URB;245;27,46;82,30
1017;17/09/2025 22:00:00;URB;213;27,25;81,00
1018;17/09/2025 22:00:00;URB;224;23,44;80,10
1019;17/09/2025 22:00:00;M30;611;26,15;80,80
1020;17/09/2025 22:00:00;URB;230;26,35;77,30
1021;17/09/2025 22:00:00;M30;614;27,37;72,30
1022;17/09/2025 22:00:00;URB;237;31,25;77,90
1023;17/09/2025 22:00:00;URB;241;36,30;72,00
1024;17/09/2025 22:00:00;URB;217;37,66;72,00
1025;17/09/2025 22:00:00;M30;558;28,77;82,90
1026;17/09/2025 22:00:00;URB;222;30,77;71,30
1027;17/09/2025 22:00:00;M30;653;22,66;-1,00
1028;17/09/2025 22:00:00;URB;174;26,79;78,90
1029;17/09/2025 22:00:00;URB;192;21,34;82,50
1030;17/09/2025 22:00:00;URB;232;33,92;76,90
1001;17/09/2025 23:00:00;M30;501;22,52;85,50
1002;17/09/2025 23:00:00;URB;174;23,87;87,10
1003;17/09/2025 23:00:00;M30;487;14,91;89,60
1004;17/09/2025 23:00:00;M30;425;17,28;89,60
1005;17/09/2025 23:00:00;M30;521;21,23;88,80
1006;17/09/2025 23:00:00;M30;495;26,67;82,10
1006;17/09/2025 23:00:00;M30;495;26,67;82,10
1007;17/09/2025 23:00:00;M30;471;19,53;87,90
1008;17/09/2025 23:00:00;URB;139;15,85;82,70
1009;17/09/2025 23:00:00;M30;438;33,43;72,00
1010;17/09/2025 23:00:00;URB;143;16,94;82,50
1011;17/09/2025 23:00:00;URB;177;19,47;85,10
1012;17/09/2025 23:00:00;M30;506;29,43;-1,00
1013;17/09/2025 23:00:00;URB;180;22,40;83,50
1014;17/09/2025 23:00:00;URB;160;20,72;82,70
1015;17/09/2025 23:00:00;M30;453;20,31;81,70
1016;17/09/2025 23:00:00;URB;181;25,10;82,40
1017;17/09/2025 23:00:00;URB;179;16,82;-1,00
1018;17/09/2025 23:00:00;URB;196;22,87;85,90
1019;17/09/2025 23:00:00;M30;503;19,85;83,30
1020;17/09/2025 23:00:00;URB;167;24,53;-1,00
1021;17/09/2025 23:00:00;M30;445;19,97;-1,00
1022;17/09/2025 23:00:00;URB;164;16,57;85,50
1023;17/09/2025 23:00:00;URB;135;21,35;85,60
1024;17/09/2025 23:00:00;URB;159;22,79;81,90
1025;17/09/2025 23:00:00;M30;492;21,68;86,40
1026;17/09/2025 23:00:00;URB;151;16,08;85,40
1027;17/09/2025 23:00:00;M30;442;19,65;84,30
1028;17/09/2025 23:00:00;URB;167;25,45;80,20
1029;17/09/2025 23:00:00;URB;152;23,56;90,00
1030;17/09/2025 23:00:00;URB;166;14,84;92,80
1001;18/09/2025 00:00:00;M30;354;17,25;88,00
1002;18/09/2025 00:00:00;URB;104;13,14;85,90
1003;18/09/2025 00:00:00;M30;275;11,67;85,10
1004;18/09/2025 00:00:00;M30;294;11,95;96,00
1005;18/09/2025 00:00:00;M30;295;12,77;81,90
1006;18/09/2025 00:00:00;M30;336;16,60;81,70
1007;18/09/2025 00:00:00;M30;301;14,54;87,20
1008;18/09/2025 00:00:00;URB;123;13,43;90,20
1009;18/09/2025 00:00:00;M30;346;14,25;82,20
1010;18/09/2025 00:00:00;URB;91;12,59;88,80
1011;18/09/2025 00:00:00;URB;119;15,26;89,10
1012;18/09/2025 00:00:00;M30;348;15,92;89,40
1013;18/09/2025 00:00:00;URB;98;12,70;85,30
1014;18/09/2025 00:00:00;URB;119;17,34;84,60
1015;18/09/2025 00:00:00;M30;277;13,47;86,10
1016;18/09/2025 00:00:00;URB;94;13,91;92,40
1017;18/09/2025 00:00:00;URB;129;18,79;89,20
1018;18/09/2025 00:00:00;URB;100;10,53;89,70
1019;18/09/2025 00:00:00;M30;368;15,71;92,20
1020;18/09/2025 00:00:00;URB;138;14,56;91,00
1021;18/09/2025 00:00:00;M30;341;19,57;88,90
1022;18/09/2025 00:00:00;URB;108;8,26;90,50
1023;18/09/2025 00:00:00;URB;120;13,23;84,90
1024;18/09/2025 00:00:00;URB;119;16,50;86,50
1025;18/09/2025 00:00:00;M30;363;12,55;-1,00
1026;18/09/2025 00:00:00;URB;122;14,54;87,70
1027;18/09/2025 00:00:00;M30;335;15,73;86,40
1028;18/09/2025 00:00:00;URB;123;12,01;81,70
1029;18/09/2025 00:00:00;URB;88;15,22;86,20
1030;18/09/2025 00:00:00;URB;111;16,46;90,60
1001;18/09/2025 01:00:00;M30;366;15,54;89,70
1002;18/09/2025 01:00:00;URB;113;10,52;82,90
1003;18/09/2025 01:00:00;M30;324;19,67;81,80
1004;18/09/2025 01:00:00;M30;356;18,78;84,70
1005;18/09/2025 01:00:00;M30;310;17,73;85,70
1006;18/09/2025 01:00:00;M30;293;15,93;82,20
1007;18/09/2025 01:00:00;M30;350;19,20;89,60
1008;18/09/2025 01:00:00;URB;110;15,41;89,60
1009;18/09/2025 01:00:00;M30;313;15,51;90,80
1010;18/09/2025 01:00:00;URB;120;13,21;95,40
1011;18/09/2025 01:00:00;URB;106;11,00;94,50
1012;18/09/2025 01:00:00;M30;352;11,61;86,40
1013;18/09/2025 01:00:00;URB;116;18,75;77,40
1014;18/09/2025 01:00:00;URB;106;17,24;81,40
1015;18/09/2025 01:00:00;M30;307;11,81;85,90
1016;18/09/2025 01:00:00;URB;126;11,86;-1,00
1017;18/09/2025 01:00:00;URB;111;13,90;81,10
1018;18/09/2025 01:00:00;URB;126;16,55;86,70
1019;18/09/2025 01:00:00;M30;245;12,42;93,30
1020;18/09/2025 01:00:00;URB;124;19,28;79,50
1021;18/09/2025 01:00:00;M30;325;17,20;84,00
1022;18/09/2025 01:00:00;URB;103;12,42;90,40
1023;18/09/2025 01:00:00;URB;123;15,98;82,00
1024;18/09/2025 01:00:00;URB;118;10,23;90,40
1025;18/09/2025 01:00:00;M30;255;12,32;84,20
1026;18/09/2025 01:00:00;URB;133;16,65;-1,00
1027;18/09/2025 01:00:00;M30;341;17,56;87,20
1028;18/09/2025 01:00:00;URB;105;15,19;80,40
1029;18/09/2025 01:00:00;URB;102;12,67;89,60
1030;18/09/2025 01:00:00;URB;108;12,84;86,90
1001;18/09/2025 02:00:00;M30;327;15,80;84,40
1002;18/09/2025 02:00:00;URB;101;13,11;96,50
1003;18/09/2025 02:00:00;M30;300;18,39;79,20
1004;18/09/2025 02:00:00;M30;309;10,72;94,90
1005;18/09/2025 02:00:00;M30;296;13,66;88,50
1006;18/09/2025 02:00:00;M30;291;14,11;85,40
1007;18/09/2025 02:00:00;M30;325;12,44;82,10
1008;18/09/2025 02:00:00;URB;126;17,86;89,50
1009;18/09/2025 02:00:00;M30;293;11,68;89,00
1010;18/09/2025 02:00:00;URB;135;18,74;80,30
1011;18/09/2025 02:00:00;URB;109;10,89;92,90
1012;18/09/2025 02:00:00;M30;308;13,66;94,00
1013;18/09/2025 02:00:00;URB;121;22,22;78,60
1014;18/09/2025 02:00:00;URB;113;14,97;88,60
1015;18/09/2025 02:00:00;M30;361;14,00;-1,00
1016;18/09/2025 02:00:00;URB;123;13,35;87,00
1017;18/09/2025 02:00:00;URB;105;11,75;88,00
1018;18/09/2025 02:00:00;URB;117;17,26;82,40
1019;18/09/2025 02:00:00;M30;299;14,43;82,70
1020;18/09/2025 02:00:00;URB;114;18,44;86,20
1021;18/09/2025 02:00:00;M30;309;10,36;88,30
1022;18/09/2025 02:00:00;URB;133;20,23;81,00
1023;18/09/2025 02:00:00;URB;116;11,01;85,70
1024;18/09/2025 02:00:00;URB;112;10,57;84,60
1025;18/09/2025 02:00:00;M30;328;17,15;87,50
1026;18/09/2025 02:00:00;URB;115;15,01;87,70
1027;18/09/2025 02:00:00;M30;307;12,63;91,50
1028;18/09/2025 02:00:00;URB;126;19,23;89,00
1029;18/09/2025 02:00:00;URB;136;21,22;86,60
1030;18/09/2025 02:00:00;URB;124;19,69;84,60
1001;18/09/2025 03:00:00;M30;315;14,99;81,60
1002;18/09/2025 03:00:00;URB;122;16,92;-1,00
1003;18/09/2025 03:00:00;M30;320;18,26;85,90
1004;18/09/2025 03:00:00;M30;347;15,66;79,20
1005;18/09/2025 03:00:00;M30;299;13,78;81,90
1006;18/09/2025 03:00:00;M30;296;15,10;88,60
1007;18/09/2025 03:00:00;M30;372;15,19;94,10
1008;18/09/2025 03:00:00;URB;127;16,58;88,00
1009;18/09/2025 03:00:00;M30;321;15,73;85,80
1010;18/09/2025 03:00:00;URB;118;15,43;88,10
1011;18/09/2025 03:00:00;URB;136;14,94;92,90
1012;18/09/2025 03:00:00;M30;341;16,17;-1,00
1013;18/09/2025 03:00:00;URB;109;17,00;83,00
1014;18/09/2025 03:00:00;URB;98;14,21;87,70
1015;18/09/2025 03:00:00;M30;297;18,44;83,80
1016;18/09/2025 03:00:00;URB;103;10,57;98,80
1017;18/09/2025 03:00:00;URB;114;14,92;80,40
1018;18/09/2025 03:00:00;URB;115;14,71;85,10
1019;18/09/2025 03:00:00;M30;282;11,55;85,40
1020;18/09/2025 03:00:00;URB;121;21,22;-1,00
1021;18/09/2025 03:00:00;M30;311;12,06;96,90
1022;18/09/2025 03:00:00;URB;105;14,66;-1,00
1023;18/09/2025 03:00:00;URB;122;20,71;81,90
1024;18/09/2025 03:00:00;URB;118;12,20;99,60
1025;18/09/2025 03:00:00;M30;341;14,26;83,00
1026;18/09/2025 03:00:00;URB;112;14,64;90,00
1027;18/09/2025 03:00:00;M30;359;17,83;79,10
1028;18/09/2025 03:00:00;URB;104;14,19;-1,00
1029;18/09/2025 03:00:00;URB;122;16,47;83,50
1030;18/09/2025 03:00:00;URB;110;14,06;81,60
1001;18/09/2025 04:00:00;M30;335;19,35;86,50
1002;18/09/2025 04:00:00;URB;138;13,27;85,40
1003;18/09/2025 04:00:00;M30;330;15,88;88,20
1004;18/09/2025 04:00:00;M30;359;20,48;88,70
1005;18/09/2025 04:00:00;M30;429;17,72;77,20
1006;18/09/2025 04:00:00;M30;357;18,69;87,10
1007;18/09/2025 04:00:00;M30;411;17,73;81,00
1008;18/09/2025 04:00:00;URB;119;11,13;87,70
1009;18/09/2025 04:00:00;M30;368;16,74;79,90
1010;18/09/2025 04:00:00;URB;118;15,16;87,00
1011;18/09/2025 04:00:00;URB;148;17,43;92,40
1012;18/09/2025 04:00:00;M30;274;16,38;86,30
1013;18/09/2025 04:00:00;URB;121;13,98;80,30
1014;18/09/2025 04:00:00;URB;142;19,08;-1,00
1015;18/09/2025 04:00:00;M30;396;21,86;-1,00
1016;18/09/2025 04:00:00;URB;117;16,60;92,40
1017;18/09/2025 04:00:00;URB;152;21,07;79,90
1018;18/09/2025 04:00:00;URB;134;17,08;81,20
1019;18/09/2025 04:00:00;M30;379;20,76;88,30
1020;18/09/2025 04:00:00;URB;109;11,39;-1,00
1021;18/09/2025 04:00:00;M30;351;15,78;86,90
1022;18/09/2025 04:00:00;URB;125;18,09;85,50
1023;18/09/2025 04:00:00;URB;132;13,64;83,00
1024;18/09/2025 04:00:00;URB;128;22,56;81,20
1025;18/09/2025 04:00:00;M30;369;12,42;89,50
1026;18/09/2025 04:00:00;URB;113;15,44;89,50
1027;18/09/2025 04:00:00;M30;433;17,91;89,80
1028;18/09/2025 04:00:00;URB;136;12,32;94,50
1029;18/09/2025 04:00:00;URB;145;19,62;83,80
1030;18/09/2025 04:00:00;URB;134;19,07;89,60
1001;18/09/2025 05:00:00;M30;431;21,25;-1,00
1002;18/09/2025 05:00:00;URB;187;26,90;-1,00
1003;18/09/2025 05:00:00;M30;404;22,01;80,80
1004;18/09/2025 05:00:00;M30;475;22,66;82,40
1005;18/09/2025 05:00:00;M30;423;20,61;76,30
1006;18/09/2025 05:00:00;M30;455;25,80;73,40
1007;18/09/2025 05:00:00;M30;496;20,07;-1,00
1008;18/09/2025 05:00:00;URB;168;24,41;84,30
1009;18/09/2025 05:00:00;M30;442;23,29;80,50
1010;18/09/2025 05:00:00;URB;145;19,11;-1,00
1011;18/09/2025 05:00:00;URB;175;25,50;81,40
1012;18/09/2025 05:00:00;M30;448;22,45;80,20
1013;18/09/2025 05:00:00;URB;129;20,25;85,50
1014;18/09/2025 05:00:00;URB;173;20,14;81,70
1015;18/09/2025 05:00:00;M30;605;26,30;83,70
1016;18/09/2025 05:00:00;URB;179;23,46;-1,00
1017;18/09/2025 05:00:00;URB;172;22,53;79,20
1018;18/09/2025 05:00:00;URB;148;17,28;88,40
1019;18/09/2025 05:00:00;M30;424;16,69;80,60
1020;18/09/2025 05:00:00;URB;153;22,87;90,70
1021;18/09/2025 05:00:00;M30;400;20,55;82,10
1022;18/09/2025 05:00:00;URB;168;19,11;83,90
1023;18/09/2025 05:00:00;URB;167;23,09;86,90
1024;18/09/2025 05:00:00;URB;173;22,34;-1,00
1025;18/09/2025 05:00:00;M30;453;27,61;78,10
1026;18/09/2025 05:00:00;URB;153;23,76;80,10
1027;18/09/2025 05:00:00;M30;492;21,68;83,60
1028;18/09/2025 05:00:00;URB;157;26,55;83,60
1029;18/09/2025 05:00:00;URB;147;18,42;-1,00
1030;18/09/2025 05:00:00;URB;157;21,48;74,90
1001;18/09/2025 06:00:00;M30;637;29,35;77,50
1002;18/09/2025 06:00:00;URB;225;28,72;74,40
1003;18/09/2025 06:00:00;M30;519;19,34;82,80
1004;18/09/2025 06:00:00;M30;546;25,67;78,10
1005;18/09/2025 06:00:00;M30;636;28,13;78,80
1006;18/09/2025 06:00:00;M30;539;23,16;85,00
1007;18/09/2025 06:00:00;M30;477;13,11;-1,00
1008;18/09/2025 06:00:00;URB;183;22,82;83,20
1009;18/09/2025 06:00:00;M30;519;22,77;82,70
1010;18/09/2025 06:00:00;URB;197;25,68;83,10
1011;18/09/2025 06:00:00;URB;193;33,67;79,00
1012;18/09/2025 06:00:00;M30;532;24,36;82,00
1013;18/09/2025 06:00:00;URB;173;19,81;84,40
1014;18/09/2025 06:00:00;URB;200;29,67;78,20
1015;18/09/2025 06:00:00;M30;637;35,05;75,00
1016;18/09/2025 06:00:00;URB;198;36,59;75,50
1017;18/09/2025 06:00:00;URB;210;26,96;81,80
1018;18/09/2025 06:00:00;URB;207;28,21;73,40
1019;18/09/2025 06:00:00;M30;539;23,90;-1,00
1020;18/09/2025 06:00:00;URB;174;18,42;83,20
1021;18/09/2025 06:00:00;M30;535;18,43;87,70
1022;18/09/2025 06:00:00;URB;190;28,53;83,60
1023;18/09/2025 06:00:00;URB;200;28,04;82,70
1024;18/09/2025 06:00:00;URB;268;33,14;74,80
1025;18/09/2025 06:00:00;M30;556;25,26;84,70
1026;18/09/2025 06:00:00;URB;212;33,51;70,10
1027;18/09/2025 06:00:00;M30;629;25,08;84,50
1028;18/09/2025 06:00:00;URB;161;25,26;75,50
1029;18/09/2025 06:00:00;URB;170;16,37;93,50
1030;18/09/2025 06:00:00;URB;235;32,04;81,00
1001;18/09/2025 07:00:00;M30;688;34,47;78,40
1002;18/09/2025 07:00:00;URB;299;37,46;70,40
1003;18/09/2025 07:00:00;M30;759;38,18;-1,00
1004;18/09/2025 07:00:00;M30;646;35,57;77,50
1005;18/09/2025 07:00:00;M30;805;44,62;70,10
1006;18/09/2025 07:00:00;M30;756;33,45;78,20
1007;18/09/2025 07:00:00;M30;654;35,92;75,90
1008;18/09/2025 07:00:00;URB;279;17,39;-1,00
1009;18/09/2025 07:00:00;M30;660;31,66;80,40
1010;18/09/2025 07:00:00;URB;252;39,93;76,00
1011;18/09/2025 07:00:00;URB;276;41,24;65,20
1012;18/09/2025 07:00:00;M30;792;33,36;73,50
1013;18/09/2025 07:00:00;URB;252;34,34;78,10
1014;18/09/2025 07:00:00;URB;241;34,99;72,60
1015;18/09/2025 07:00:00;M30;759;35,59;73,50
1016;18/09/2025 07:00:00;URB;281;29,78;-1,00
1017;18/09/2025 07:00:00;URB;274;38,45;75,10
1018;18/09/2025 07:00:00;URB;268;29,86;-1,00
1019;18/09/2025 07:00:00;M30;782;39,79;69,70
1020;18/09/2025 07:00:00;URB;248;34,81;81,70
1021;18/09/2025 07:00:00;M30;663;35,35;71,90
1022;18/09/2025 07:00:00;URB;279;52,00;-1,00
1023;18/09/2025 07:00:00;URB;275;50,41;65,50
1024;18/09/2025 07:00:00;URB;264;35,81;73,40
1025;18/09/2025 07:00:00;M30;686;36,70;74,60
1026;18/09/2025 07:00:00;URB;219;33,60;-1,00
1027;18/09/2025 07:00:00;M30;749;34,63;74,80
1028;18/09/2025 07:00:00;URB;283;37,62;74,60
1029;18/09/2025 07:00:00;URB;247;20,62;82,00
1030;18/09/2025 07:00:00;URB;288;38,55;73,80
1001;18/09/2025 08:00:00;M30;1.026;54,31;64,00
1002;18/09/2025 08:00:00;URB;337;40,99;68,50
1003;18/09/2025 08:00:00;M30;879;28,41;78,50
1004;18/09/2025 08:00:00;M30;1.005;35,89;80,20
1005;18/09/2025 08:00:00;M30;834;48,08;63,40
1006;18/09/2025 08:00:00;M30;986;50,06;63,30
1007;18/09/2025 08:00:00;M30;819;34,63;-1,00
1008;18/09/2025 08:00:00;URB;322;42,91;71,20
1009;18/09/2025 08:00:00;M30;725;32,56;78,00
1010;18/09/2025 08:00:00;URB;335;45,62;67,10
1011;18/09/2025 08:00:00;URB;297;46,48;59,30
1012;18/09/2025 08:00:00;M30;912;46,64;-1,00
1013;18/09/2025 08:00:00;URB;315;29,69;81,80
1014;18/09/2025 08:00:00;URB;271;35,54;-1,00
1015;18/09/2025 08:00:00;M30;886;35,94;78,70
1016;18/09/2025 08:00:00;URB;317;47,07;-1,00
1017;18/09/2025 08:00:00;URB;269;34,26;-1,00
1018;18/09/2025 08:00:00;URB;342;39,16;-1,00
1019;18/09/2025 08:00:00;M30;795;34,25;75,00
1020;18/09/2025 08:00:00;URB;312;36,54;78,30
1021;18/09/2025 08:00:00;M30;968;56,10;60,30
1022;18/09/2025 08:00:00;URB;286;34,10;73,30
1023;18/09/2025 08:00:00;URB;337;35,21;77,00
1024;18/09/2025 08:00:00;URB;341;48,82;68,10
1025;18/09/2025 08:00:00;M30;777;40,88;69,30
1026;18/09/2025 08:00:00;URB;300;42,04;66,10
1027;18/09/2025 08:00:00;M30;1.006;49,00;73,80
1028;18/09/2025 08:00:00;URB;300;53,15;67,10
1029;18/09/2025 08:00:00;URB;265;32,30;66,50
1030;18/09/2025 08:00:00;URB;291;39,57;66,80
1001;18/09/2025 09:00:00;M30;737;43,63;76,80
1002;18/09/2025 09:00:00;URB;263;33,19;73,60
1003;18/09/2025 09:00:00;M30;1.023;37,30;-1,00
1004;18/09/2025 09:00:00;M30;1.017;64,13;54,10
1005;18/09/2025 09:00:00;M30;911;42,41;73,20
1006;18/09/2025 09:00:00;M30;841;49,76;68,00
1007;18/09/2025 09:00:00;M30;821;45,06;69,90
1008;18/09/2025 09:00:00;URB;295;38,09;78,60
1009;18/09/2025 09:00:00;M30;972;42,75;70,30
1010;18/09/2025 09:00:00;URB;318;54,20;-1,00
1011;18/09/2025 09:00:00;URB;336;49,03;65,30
1012;18/09/2025 09:00:00;M30;779;29,49;73,80
1013;18/09/2025 09:00:00;URB;316;43,22;72,40
1014;18/09/2025 09:00:00;URB;332;58,27;59,30
1015;18/09/2025 09:00:00;M30;935;41,65;74,30
1016;18/09/2025 09:00:00;URB;321;36,47;73,70
1017;18/09/2025 09:00:00;URB;358;37,87;73,90
1018;18/09/2025 09:00:00;URB;292;31,37;81,10
1019;18/09/2025 09:00:00;M30;860;45,63;72,40
1020;18/09/2025 09:00:00;URB;371;47,98;-1,00
1021;18/09/2025 09:00:00;M30;929;59,25;61,90
1022;18/09/2025 09:00:00;URB;325;23,17;82,80
1023;18/09/2025 09:00:00;URB;294;29,50;76,90
1024;18/09/2025 09:00:00;URB;369;46,39;76,00
1025;18/09/2025 09:00:00;M30;831;38,93;70,60
1026;18/09/2025 09:00:00;URB;290;40,44;77,90
1027;18/09/2025 09:00:00;M30;828;34,10;71,90
1028;18/09/2025 09:00:00;URB;370;46,26;76,10
1029;18/09/2025 09:00:00;URB;341;36,32;71,90
1030;18/09/2025 09:00:00;URB;311;39,53;72,10
1001;18/09/2025 10:00:00;M30;617;30,81;74,60
1002;18/09/2025 10:00:00;URB;293;39,68;-1,00
1003;18/09/2025 10:00:00;M30;756;50,54;61,40
1004;18/09/2025 10:00:00;M30;702;23,58;84,70
1005;18/09/2025 10:00:00;M30;692;22,95;84,30
1006;18/09/2025 10:00:00;M30;519;24,96;81,00
1007;18/09/2025 10:00:00;M30;694;24,86;78,60
1008;18/09/2025 10:00:00;URB;286;36,08;-1,00
1009;18/09/2025 10:00:00;M30;798;34,19;72,80
1010;18/09/2025 10:00:00;URB;243;31,23;-1,00
1011;18/09/2025 10:00:00;URB;287;42,32;80,50
1012;18/09/2025 10:00:00;M30;733;28,55;80,30
1013;18/09/2025 10:00:00;URB;284;35,34;-1,00
1014;18/09/2025 10:00:00;URB;232;30,55;71,70
1015;18/09/2025 10:00:00;M30;735;41,19;69,20
1016;18/09/2025 10:00:00;URB;274;34,67;77,50
1017;18/09/2025 10:00:00;URB;207;26,82;83,40
1018;18/09/2025 10:00:00;URB;269;40,54;74,20
1019;18/09/2025 10:00:00;M30;719;30,21;79,30
1020;18/09/2025 10:00:00;URB;269;34,22;77,70
1021;18/09/2025 10:00:00;M30;705;27,39;78,50
1022;18/09/2025 10:00:00;URB;310;22,41;88,80
1023;18/09/2025 10:00:00;URB;313;39,62;73,40
1024;18/09/2025 10:00:00;URB;275;26,53;75,50
1025;18/09/2025 10:00:00;M30;714;31,05;82,90
1026;18/09/2025 10:00:00;URB;253;37,53;72,40
1027;18/09/2025 10:00:00;M30;695;39,98;64,10
1028;18/09/2025 10:00:00;URB;289;39,61;75,50
1029;18/09/2025 10:00:00;URB;273;42,28;69,50
1030;18/09/2025 10:00:00;URB;306;35,60;-1,00
1001;18/09/2025 11:00:00;M30;687;27,72;85,00
1002;18/09/2025 11:00:00;URB;203;30,29;75,60
1003;18/09/2025 11:00:00;M30;626;27,13;86,80
1004;18/09/2025 11:00:00;M30;591;30,73;73,80
1005;18/09/2025 11:00:00;M30;718;33,41;74,60
1006;18/09/2025 11:00:00;M30;602;20,86;89,50
1007;18/09/2025 11:00:00;M30;594;25,18;82,10
1008;18/09/2025 11:00:00;URB;203;23,14;74,90
1009;18/09/2025 11:00:00;M30;581;30,73;-1,00
1010;18/09/2025 11:00:00;URB;192;21,12;86,00
1011;18/09/2025 11:00:00;URB;208;25,49;75,90
1012;18/09/2025 11:00:00;M30;595;32,36;76,20
1013;18/09/2025 11:00:00;URB;205;32,48;74,90
1014;18/09/2025 11:00:00;URB;227;28,14;77,30
1015;18/09/2025 11:00:00;M30;589;23,15;75,30
1016;18/09/2025 11:00:00;URB;225;36,42;-1,00
1017;18/09/2025 11:00:00;URB;195;23,79;88,70
1018;18/09/2025 11:00:00;URB;222;29,34;85,80
1019;18/09/2025 11:00:00;M30;547;24,86;81,70
1020;18/09/2025 11:00:00;URB;221;28,76;84,80
1021;18/09/2025 11:00:00;M30;658;38,31;-1,00
1022;18/09/2025 11:00:00;URB;238;37,78;73,60
1023;18/09/2025 11:00:00;URB;153;18,02;90,70
1024;18/09/2025 11:00:00;URB;214;33,58;79,00
1025;18/09/2025 11:00:00;M30;588;33,71;81,60
1026;18/09/2025 11:00:00;URB;177;24,35;78,90
1027;18/09/2025 11:00:00;M30;703;31,73;76,80
1028;18/09/2025 11:00:00;URB;217;28,63;79,00
1029;18/09/2025 11:00:00;URB;194;33,61;81,70
1030;18/09/2025 11:00:00;URB;194;26,00;77,80
1001;18/09/2025 12:00:00;M30;409;17,73;91,30
1002;18/09/2025 12:00:00;URB;154;22,38;87,40
1003;18/09/2025 12:00:00;M30;413;16,32;81,20
1004;18/09/2025 12:00:00;M30;474;22,32;85,20
1005;18/09/2025 12:00:00;M30;470;26,68;77,10
1006;18/09/2025 12:00:00;M30;304;9,99;90,00
1007;18/09/2025 12:00:00;M30;413;17,62;85,50
1008;18/09/2025 12:00:00;URB;130;13,94;89,70
1009;18/09/2025 12:00:00;M30;412;21,56;84,00
1010;18/09/2025 12:00:00;URB;158;18,80;89,40
1011;18/09/2025 12:00:00;URB;146;21,00;84,80
1012;18/09/2025 12:00:00;M30;466;22,03;86,40
1013;18/09/2025 12:00:00;URB;174;22,78;81,30
1014;18/09/2025 12:00:00;URB;199;20,48;85,20
1015;18/09/2025 12:00:00;M30;428;22,01;85,10
1016;18/09/2025 12:00:00;URB;175;26,20;78,20
1017;18/09/2025 12:00:00;URB;162;23,33;84,70
1018;18/09/2025 12:00:00;URB;152;15,19;85,80
1019;18/09/2025 12:00:00;M30;426;21,96;75,80
1020;18/09/2025 12:00:00;URB;167;27,78;83,70
1021;18/09/2025 12:00:00;M30;427;21,37;85,50
1022;18/09/2025 12:00:00;URB;155;18,74;-1,00
1023;18/09/2025 12:00:00;URB;168;26,59;79,40
1024;18/09/2025 12:00:00;URB;178;22,30;-1,00
1025;18/09/2025 12:00:00;M30;393;14,29;-1,00
1026;18/09/2025 12:00:00;URB;156;21,22;75,50
1027;18/09/2025 12:00:00;M30;417;18,20;82,70
1028;18/09/2025 12:00:00;URB;148;18,17;80,20
1029;18/09/2025 12:00:00;URB;190;28,47;86,70
1030;18/09/2025 12:00:00;URB;152;19,40;87,70
1001;18/09/2025 13:00:00;M30;440;21,06;85,70
1002;18/09/2025 13:00:00;URB;120;13,60;-1,00
1003;18/09/2025 13:00:00;M30;341;17,20;82,60
1004;18/09/2025 13:00:00;M30;374;17,90;89,20
1005;18/09/2025 13:00:00;M30;336;18,62;82,90
1006;18/09/2025 13:00:00;M30;371;14,41;-1,00
1007;18/09/2025 13:00:00;M30;386;15,73;85,70
1008;18/09/2025 13:00:00;URB;149;20,08;85,60
1008;18/09/2025 13:00:00;URB;149;20,08;85,60
1009;18/09/2025 13:00:00;M30;310;12,65;86,80
1010;18/09/2025 13:00:00;URB;142;19,36;84,70
1011;18/09/2025 13:00:00;URB;122;18,48;88,20
1012;18/09/2025 13:00:00;M30;362;17,52;85,40
1013;18/09/2025 13:00:00;URB;132;14,94;86,50
1014;18/09/2025 13:00:00;URB;111;15,44;83,50
1015;18/09/2025 13:00:00;M30;383;19,83;-1,00
1016;18/09/2025 13:00:00;URB;150;17,18;-1,00
1017;18/09/2025 13:00:00;URB;143;18,50;82,90
1018;18/09/2025 13:00:00;URB;143;19,33;-1,00
1019;18/09/2025 13:00:00;M30;335;17,28;87,80
1020;18/09/2025 13:00:00;URB;133;16,89;84,50
1021;18/09/2025 13:00:00;M30;318;18,27;78,90
1022;18/09/2025 13:00:00;URB;147;16,96;87,70
1023;18/09/2025 13:00:00;URB;137;18,71;84,00
1024;18/09/2025 13:00:00;URB;148;13,30;87,50
1025;18/09/2025 13:00:00;M30;420;24,85;88,20
1026;18/09/2025 13:00:00;URB;139;25,14;79,80
1027;18/09/2025 13:00:00;M30;432;25,92;83,40
1028;18/09/2025 13:00:00;URB;116;19,53;80,60
1029;18/09/2025 13:00:00;URB;131;14,95;92,90
1030;18/09/2025 13:00:00;URB;144;15,41;90,60
1001;18/09/2025 14:00:00;M30;350;16,45;91,70
1002;18/09/2025 14:00:00;URB;142;23,44;86,50
1003;18/09/2025 14:00:00;M30;423;16,30;84,60
1004;18/09/2025 14:00:00;M30;432;25,30;86,50
1005;18/09/2025 14:00:00;M30;409;22,21;87,00
1006;18/09/2025 14:00:00;M30;395;15,02;86,40
1007;18/09/2025 14:00:00;M30;379;21,91;89,20
1008;18/09/2025 14:00:00;URB;140;22,05;-1,00
1009;18/09/2025 14:00:00;M30;322;16,78;82,00
1010;18/09/2025 14:00:00;URB;141;26,85;-1,00
1011;18/09/2025 14:00:00;URB;135;19,59;81,10
1012;18/09/2025 14:00:00;M30;380;25,26;86,00
1013;18/09/2025 14:00:00;URB;147;22,51;83,30
1014;18/09/2025 14:00:00;URB;140;15,93;92,60
1015;18/09/2025 14:00:00;M30;363;19,54;84,90
1016;18/09/2025 14:00:00;URB;130;11,73;-1,00
1017;18/09/2025 14:00:00;URB;136;20,11;84,20
1018;18/09/2025 14:00:00;URB;133;14,90;95,30
1019;18/09/2025 14:00:00;M30;411;17,31;86,10
1020;18/09/2025 14:00:00;URB;120;13,65;85,10
1021;18/09/2025 14:00:00;M30;328;21,05;82,60
1022;18/09/2025 14:00:00;URB;120;9,86;87,70
1023;18/09/2025 14:00:00;URB;143;22,28;84,60
1024;18/09/2025 14:00:00;URB;144;23,57;80,90
1025;18/09/2025 14:00:00;M30;356;14,92;90,00
1026;18/09/2025 14:00:00;URB;154;22,20;-1,00
1027;18/09/2025 14:00:00;M30;387;20,82;84,40
1028;18/09/2025 14:00:00;URB;153;20,94;79,10
1029;18/09/2025 14:00:00;URB;135;22,60;85,90
1030;18/09/2025 14:00:00;URB;132;20,88;82,20
1001;18/09/2025 15:00:00;M30;474;15,41;87,40
1002;18/09/2025 15:00:00;URB;192;21,41;82,50
1003;18/09/2025 15:00:00;M30;434;22,36;74,90
1004;18/09/2025 15:00:00;M30;482;24,82;79,30
1005;18/09/2025 15:00:00;M30;446;17,93;78,10
1006;18/09/2025 15:00:00;M30;428;17,09;93,80
1007;18/09/2025 15:00:00;M30;485;23,11;84,90
1008;18/09/2025 15:00:00;URB;198;24,30;74,10
1009;18/09/2025 15:00:00;M30;496;16,03;86,80
1010;18/09/2025 15:00:00;URB;167;20,63;78,10
1011;18/09/2025 15:00:00;URB;152;21,10;-1,00
1012;18/09/2025 15:00:00;M30;479;28,15;-1,00
1013;18/09/2025 15:00:00;URB;136;15,52;86,30
1014;18/09/2025 15:00:00;URB;148;18,37;85,80
1015;18/09/2025 15:00:00;M30;453;21,60;76,10
1016;18/09/2025 15:00:00;URB;171;21,89;89,30
1017;18/09/2025 15:00:00;URB;141;17,61;91,00
1018;18/09/2025 15:00:00;URB;140;17,14;89,10
1019;18/09/2025 15:00:00;M30;448;19,48;85,00
1020;18/09/2025 15:00:00;URB;118;17,94;83,70
1021;18/09/2025 15:00:00;M30;542;35,96;76,80
1022;18/09/2025 15:00:00;URB;174;25,93;83,10
1023;18/09/2025 15:00:00;URB;179;15,86;90,80
1024;18/09/2025 15:00:00;URB;146;18,92;78,20
1025;18/09/2025 15:00:00;M30;500;19,84;-1,00
1026;18/09/2025 15:00:00;URB;149;21,81;84,00
1027;18/09/2025 15:00:00;M30;508;23,41;77,40
1028;18/09/2025 15:00:00;URB;137;15,68;85,00
1029;18/09/2025 15:00:00;URB;171;17,47;82,10
1030;18/09/2025 15:00:00;URB;131;15,43;87,40
1001;18/09/2025 16:00:00;M30;600;26,56;-1,00
1002;18/09/2025 16:00:00;URB;197;30,23;76,60
1003;18/09/2025 16:00:00;M30;436;28,86;75,00
1004;18/09/2025 16:00:00;M30;577;23,32;82,20
1005;18/09/2025 16:00:00;M30;609;34,90;78,20
1006;18/09/2025 16:00:00;M30;631;27,30;81,90
1007;18/09/2025 16:00:00;M30;527;28,04;80,70
1008;18/09/2025 16:00:00;URB;256;33,38;77,60
1009;18/09/2025 16:00:00;M30;459;18,51;80,80
1010;18/09/2025 16:00:00;URB;201;26,13;86,40
1011;18/09/2025 16:00:00;URB;214;34,31;75,30
1012;18/09/2025 16:00:00;M30;654;36,89;71,50
1013;18/09/2025 16:00:00;URB;230;34,10;78,80
1014;18/09/2025 16:00:00;URB;220;31,47;82,30
1015;18/09/2025 16:00:00;M30;604;25,36;81,20
1016;18/09/2025 16:00:00;URB;231;26,36;78,60
1017;18/09/2025 16:00:00;URB;221;22,00;84,20
1018;18/09/2025 16:00:00;URB;229;24,86;79,30
1019;18/09/2025 16:00:00;M30;663;28,38;77,00
1020;18/09/2025 16:00:00;URB;205;31,16;-1,00
1021;18/09/2025 16:00:00;M30;619;25,80;81,90
1022;18/09/2025 16:00:00;URB;209;22,72;78,10
1023;18/09/2025 16:00:00;URB;215;34,49;69,70
1024;18/09/2025 16:00:00;URB;201;25,68;82,30
1025;18/09/2025 16:00:00;M30;657;29,32;83,00
1026;18/09/2025 16:00:00;URB;220;23,96;79,10
1027;18/09/2025 16:00:00;M30;583;28,08;76,70
1028;18/09/2025 16:00:00;URB;185;29,43;75,20
1029;18/09/2025 16:00:00;URB;174;18,44;86,10
1030;18/09/2025 16:00:00;URB;222;35,14;-1,00
1001;18/09/2025 17:00:00;M30;769;37,36;-1,00
1002;18/09/2025 17:00:00;URB;274;35,24;77,20
1003;18/09/2025 17:00:00;M30;855;46,00;69,10
1004;18/09/2025 17:00:00;M30;823;36,68;72,00
1005;18/09/2025 17:00:00;M30;654;26,28;71,20
1006;18/09/2025 17:00:00;M30;747;31,03;79,70
1007;18/09/2025 17:00:00;M30;724;33,57;-1,00
1008;18/09/2025 17:00:00;URB;253;29,40;80,10
1009;18/09/2025 17:00:00;M30;962;39,74;-1,00
1010;18/09/2025 17:00:00;URB;264;34,60;78,20
1011;18/09/2025 17:00:00;URB;256;33,19;86,10
1012;18/09/2025 17:00:00;M30;772;33,52;68,20
1013;18/09/2025 17:00:00;URB;306;33,49;75,70
1014;18/09/2025 17:00:00;URB;313;49,50;65,10
1015;18/09/2025 17:00:00;M30;734;32,50;78,50
1016;18/09/2025 17:00:00;URB;256;45,64;72,90
1017;18/09/2025 17:00:00;URB;320;34,13;68,30
1018;18/09/2025 17:00:00;URB;322;35,50;84,60
1019;18/09/2025 17:00:00;M30;803;35,58;75,80
1020;18/09/2025 17:00:00;URB;278;30,08;75,80
1021;18/09/2025 17:00:00;M30;991;40,08;67,20
1022;18/09/2025 17:00:00;URB;275;28,91;-1,00
1023;18/09/2025 17:00:00;URB;334;47,73;67,60
1024;18/09/2025 17:00:00;URB;258;38,21;-1,00
1025;18/09/2025 17:00:00;M30;681;32,16;68,60
1026;18/09/2025 17:00:00;URB;322;32,72;76,40
1027;18/09/2025 17:00:00;M30;905;43,05;-1,00
1028;18/09/2025 17:00:00;URB;292;43,05;65,60
1029;18/09/2025 17:00:00;URB;263;50,27;65,50
1030;18/09/2025 17:00:00;URB;317;44,27;76,00
1001;18/09/2025 18:00:00;M30;873;36,54;67,90
1002;18/09/2025 18:00:00;URB;386;46,96;74,80
1003;18/09/2025 18:00:00;M30;845;32,15;78,10
1004;18/09/2025 18:00:00;M30;833;34,92;73,90
1005;18/09/2025 18:00:00;M30;982;45,65;-1,00
1006;18/09/2025 18:00:00;M30;1.110;59,05;63,70
1007;18/09/2025 18:00:00;M30;1.160;47,71;66,70
1008;18/09/2025 18:00:00;URB;305;43,07;61,60
1009;18/09/2025 18:00:00;M30;1.069;58,02;64,00
1010;18/09/2025 18:00:00;URB;316;43,04;68,80
1011;18/09/2025 18:00:00;URB;332;46,80;-1,00
1012;18/09/2025 18:00:00;M30;834;33,01;80,00
1013;18/09/2025 18:00:00;URB;365;55,96;72,20
1014;18/09/2025 18:00:00;URB;311;60,19;65,40
1015;18/09/2025 18:00:00;M30;924;51,97;-1,00
1016;18/09/2025 18:00:00;URB;352;44,27;-1,00
1017;18/09/2025 18:00:00;URB;339;44,94;63,20
1018;18/09/2025 18:00:00;URB;346;47,21;70,30
1019;18/09/2025 18:00:00;M30;785;36,82;72,30
1020;18/09/2025 18:00:00;URB;307;32,38;82,30
1021;18/09/2025 18:00:00;M30;1.014;45,34;69,40
1022;18/09/2025 18:00:00;URB;340;40,41;73,00
1023;18/09/2025 18:00:00;URB;323;52,12;73,40
1024;18/09/2025 18:00:00;URB;341;51,30;64,00
1025;18/09/2025 18:00:00;M30;854;27,17;82,10
1026;18/09/2025 18:00:00;URB;317;60,06;65,10
1027;18/09/2025 18:00:00;M30;886;55,45;62,50
1028;18/09/2025 18:00:00;URB;359;38,13;74,10
1029;18/09/2025 18:00:00;URB;309;31,69;73,70
1030;18/09/2025 18:00:00;URB;286;32,22;81,20
1001;18/09/2025 19:00:00;M30;1.014;39,77;-1,00
1002;18/09/2025 19:00:00;URB;372;54,37;69,00
1003;18/09/2025 19:00:00;M30;864;37,27;74,50
1004;18/09/2025 19:00:00;M30;1.035;56,16;56,60
1005;18/09/2025 19:00:00;M30;1.111;54,78;61,00
1006;18/09/2025 19:00:00;M30;1.027;44,41;71,00
1007;18/09/2025 19:00:00;M30;1.056;60,36;67,70
1008;18/09/2025 19:00:00;URB;424;62,95;57,70
1009;18/09/2025 19:00:00;M30;1.040;50,39;68,90
1010;18/09/2025 19:00:00;URB;353;44,47;71,40
1011;18/09/2025 19:00:00;URB;344;18,90;85,20
1012;18/09/2025 19:00:00;M30;1.131;56,32;55,30
1013;18/09/2025 19:00:00;URB;403;52,87;61,70
1014;18/09/2025 19:00:00;URB;369;39,48;73,90
1015;18/09/2025 19:00:00;M30;939;34,81;72,10
1016;18/09/2025 19:00:00;URB;383;36,90;74,20
1017;18/09/2025 19:00:00;URB;389;69,86;-1,00
1018;18/09/2025 19:00:00;URB;389;47,15;63,70
1019;18/09/2025 19:00:00;M30;1.167;55,51;63,30
1020;18/09/2025 19:00:00;URB;396;61,42;66,50
1021;18/09/2025 19:00:00;M30;921;54,76;64,60
1022;18/09/2025 19:00:00;URB;371;55,93;60,60
1023;18/09/2025 19:00:00;URB;405;57,74;56,40
1024;18/09/2025 19:00:00;URB;398;47,65;68,60
1025;18/09/2025 19:00:00;M30;1.046;45,29;71,20
1026;18/09/2025 19:00:00;URB;321;47,31;67,10
1027;18/09/2025 19:00:00;M30;1.249;65,55;54,90
1028;18/09/2025 19:00:00;URB;343;49,59;72,40
1029;18/09/2025 19:00:00;URB;370;60,53;62,20
1030;18/09/2025 19:00:00;URB;388;36,48;73,70
1001;18/09/2025 20:00:00;M30;989;58,02;59,40
1002;18/09/2025 20:00:00;URB;351;33,66;75,40
1003;18/09/2025 20:00:00;M30;942;37,59;75,20
1004;18/09/2025 20:00:00;M30;853;39,37;75,90
1005;18/09/2025 20:00:00;M30;973;49,82;65,40
1006;18/09/2025 20:00:00;M30;975;43,91;71,00
1007;18/09/2025 20:00:00;M30;877;34,92;72,50
1008;18/09/2025 20:00:00;URB;304;46,80;71,00
1009;18/09/2025 20:00:00;M30;988;51,87;69,60
1010;18/09/2025 20:00:00;URB;294;39,25;69,40
1011;18/09/2025 20:00:00;URB;372;50,83;74,70
1012;18/09/2025 20:00:00;M30;817;45,44;71,40
1013;18/09/2025 20:00:00;URB;322;45,42;73,30
1014;18/09/2025 20:00:00;URB;292;44,46;65,40
1015;18/09/2025 20:00:00;M30;1.009;51,79;66,50
1016;18/09/2025 20:00:00;URB;413;59,02;58,00
1017;18/09/2025 20:00:00;URB;397;49,98;68,20
1018;18/09/2025 20:00:00;URB;358;45,09;71,70
1019;18/09/2025 20:00:00;M30;901;51,27;-1,00
1020;18/09/2025 20:00:00;URB;380;51,40;64,00
1021;18/09/2025 20:00:00;M30;1.044;47,08;70,30
1022;18/09/2025 20:00:00;URB;397;54,15;67,30
1023;18/09/2025 20:00:00;URB;346;57,90;62,40
1024;18/09/2025 20:00:00;URB;378;51,11;60,50
1025;18/09/2025 20:00:00;M30;1.206;51,07;58,60
1026;18/09/2025 20:00:00;URB;332;46,80;71,60
1027;18/09/2025 20:00:00;M30;1.105;45,57;75,90
1028;18/09/2025 20:00:00;URB;301;42,19;-1,00
1029;18/09/2025 20:00:00;URB;351;40,45;77,50
1030;18/09/2025 20:00:00;URB;375;66,84;54,70
1001;18/09/2025 21:00:00;M30;862;35,63;74,00
1002;18/09/2025 21:00:00;URB;281;38,75;73,70
1003;18/09/2025 21:00:00;M30;890;53,16;66,80
1004;18/09/2025 21:00:00;M30;789;32,58;74,90
1005;18/09/2025 21:00:00;M30;838;35,63;73,20
1006;18/09/2025 21:00:00;M30;841;33,51;76,70
1007;18/09/2025 21:00:00;M30;743;21,22;76,60
1008;18/09/2025 21:00:00;URB;255;29,15;77,30
1009;18/09/2025 21:00:00;M30;854;35,25;69,50
1010;18/09/2025 21:00:00;URB;293;30,97;80,20
1011;18/09/2025 21:00:00;URB;261;38,62;66,60
1012;18/09/2025 21:00:00;M30;772;50,09;67,60
1013;18/09/2025 21:00:00;URB;251;41,44;71,30
1014;18/09/2025 21:00:00;URB;282;49,54;71,30
1015;18/09/2025 21:00:00;M30;644;30,38;80,50
1016;18/09/2025 21:00:00;URB;309;37,95;73,50
1017;18/09/2025 21:00:00;URB;306;50,77;63,50
1018;18/09/2025 21:00:00;URB;280;24,19;84,00
1019;18/09/2025 21:00:00;M30;800;38,40;70,40
1020;18/09/2025 21:00:00;URB;306;43,31;-1,00
1021;18/09/2025 21:00:00;M30;752;34,95;75,00
1022;18/09/2025 21:00:00;URB;253;40,26;75,90
1023;18/09/2025 21:00:00;URB;312;47,59;-1,00
1024;18/09/2025 21:00:00;URB;328;46,74;67,70
1025;18/09/2025 21:00:00;M30;820;33,77;73,40
1026;18/09/2025 21:00:00;URB;233;31,97;74,60
1027;18/09/2025 21:00:00;M30;755;26,32;-1,00
1028;18/09/2025 21:00:00;URB;290;26,87;-1,00
1029;18/09/2025 21:00:00;URB;304;43,21;-1,00
1030;18/09/2025 21:00:00;URB;294;43,64;77,60
1001;18/09/2025 22:00:00;M30;518;22,77;81,90
1002;18/09/2025 22:00:00;URB;242;31,14;-1,00
1003;18/09/2025 22:00:00;M30;581;21,99;86,80
1004;18/09/2025 22:00:00;M30;612;28,08;77,90
1005;18/09/2025 22:00:00;M30;639;26,48;81,70
1006;18/09/2025 22:00:00;M30;633;31,13;83,40
1007;18/09/2025 22:00:00;M30;611;30,42;77,70
1008;18/09/2025 22:00:00;URB;205;26,99;75,90
1009;18/09/2025 22:00:00;M30;599;30,73;76,70
1010;18/09/2025 22:00:00;URB;215;24,18;83,90
1011;18/09/2025 22:00:00;URB;250;17,85;81,50
1012;18/09/2025 22:00:00;M30;622;30,48;73,60
1013;18/09/2025 22:00:00;URB;235;25,29;81,80
1014;18/09/2025 22:00:00;URB;207;21,67;83,40
1015;18/09/2025 22:00:00;M30;490;30,74;81,70
1016;18/09/2025 22:00:00;URB;226;36,13;74,60
1017;18/09/2025 22:00:00;URB;212;27,43;80,50
1018;18/09/2025 22:00:00;URB;234;29,96;82,60
1019;18/09/2025 22:00:00;M30;555;25,05;79,90
1020;18/09/2025 22:00:00;URB;238;33,08;78,20
1021;18/09/2025 22:00:00;M30;567;27,76;83,50
1022;18/09/2025 22:00:00;URB;205;27,65;-1,00
1023;18/09/2025 22:00:00;URB;199;19,58;-1,00
1024;18/09/2025 22:00:00;URB;208;24,32;80,60
1025;18/09/2025 22:00:00;M30;634;26,30;80,40
1026;18/09/2025 22:00:00;URB;225;32,10;79,70
1027;18/09/2025 22:00:00;M30;682;34,54;72,00
1028;18/09/2025 22:00:00;URB;181;26,59;80,10
1029;18/09/2025 22:00:00;URB;209;30,04;80,50
1030;18/09/2025 22:00:00;URB;180;25,22;80,10
1001;18/09/2025 23:00:00;M30;493;17,71;88,00
1002;18/09/2025 23:00:00;URB;192;18,51;79,30
1003;18/09/2025 23:00:00;M30;487;19,29;91,30
1004;18/09/2025 23:00:00;M30;380;13,49;83,50
1005;18/09/2025 23:00:00;M30;422;21,23;84,70
1006;18/09/2025 23:00:00;M30;482;28,83;77,90
1007;18/09/2025 23:00:00;M30;415;14,49;91,10
1008;18/09/2025 23:00:00;URB;150;23,25;80,30
1009;18/09/2025 23:00:00;M30;471;19,83;81,60
1010;18/09/2025 23:00:00;URB;203;26,87;74,30
1011;18/09/2025 23:00:00;URB;136;16,11;81,40
1012;18/09/2025 23:00:00;M30;454;25,58;80,00
1013;18/09/2025 23:00:00;URB;159;25,98;77,50
1014;18/09/2025 23:00:00;URB;173;22,49;-1,00
1015;18/09/2025 23:00:00;M30;396;17,16;88,70
1016;18/09/2025 23:00:00;URB;171;19,15;82,90
1017;18/09/2025 23:00:00;URB;169;28,52;-1,00
1018;18/09/2025 23:00:00;URB;156;24,32;87,60
1019;18/09/2025 23:00:00;M30;481;25,76;83,60
1020;18/09/2025 23:00:00;URB;162;19,79;81,70
1021;18/09/2025 23:00:00;M30;422;19,11;-1,00
1022;18/09/2025 23:00:00;URB;185;20,83;89,00
1023;18/09/2025 23:00:00;URB;146;21,29;-1,00
1024;18/09/2025 23:00:00;URB;160;22,62;80,10
1025;18/09/2025 23:00:00;M30;467;23,26;-1,00
1026;18/09/2025 23:00:00;URB;201;25,95;80,70
1027;18/09/2025 23:00:00;M30;401;21,84;86,70
1028;18/09/2025 23:00:00;URB;169;20,66;92,10
1029;18/09/2025 23:00:00;URB;171;19,98;84,80
1030;18/09/2025 23:00:00;URB;186;25,11;81,60
1001;19/09/2025 00:00:00;M30;299;12,57;93,20
1002;19/09/2025 00:00:00;URB;122;13,02;89,00
1003;19/09/2025 00:00:00;M30;299;15,02;88,40
1004;19/09/2025 00:00:00;M30;321;14,91;83,90
1005;19/09/2025 00:00:00;M30;265;14,03;83,90
1006;19/09/2025 00:00:00;M30;303;9,51;87,20
1007;19/09/2025 00:00:00;M30;291;16,58;87,30
1008;19/09/2025 00:00:00;URB;124;12,03;92,00
1009;19/09/2025 00:00:00;M30;356;18,29;77,20
1010;19/09/2025 00:00:00;URB;119;12,78;92,90
1011;19/09/2025 00:00:00;URB;135;13,89;90,10
1012;19/09/2025 00:00:00;M30;375;20,90;83,90
1013;19/09/2025 00:00:00;URB;111;17,27;89,30
1014;19/09/2025 00:00:00;URB;100;11,07;90,00
1015;19/09/2025 00:00:00;M30;305;13,20;85,40
1016;19/09/2025 00:00:00;URB;91;14,63;87,10
1017;19/09/2025 00:00:00;URB;115;12,64;85,90
1018;19/09/2025 00:00:00;URB;99;8,38;91,10
1019;19/09/2025 00:00:00;M30;374;16,59;76,60
1020;19/09/2025 00:00:00;URB;129;9,79;86,10
1021;19/09/2025 00:00:00;M30;330;13,75;84,90
1022;19/09/2025 00:00:00;URB;110;17,91;-1,00
1023;19/09/2025 00:00:00;URB;126;12,96;87,60
1024;19/09/2025 00:00:00;URB;126;15,73;89,40
1025;19/09/2025 00:00:00;M30;312;17,81;88,40
1026;19/09/2025 00:00:00;URB;107;11,47;88,80
1027;19/09/2025 00:00:00;M30;317;10,34;92,90
1028;19/09/2025 00:00:00;URB;89;13,61;86,90
1029;19/09/2025 00:00:00;URB;102;15,89;81,70
1030;19/09/2025 00:00:00;URB;114;10,66;82,90
1001;19/09/2025 01:00:00;M30;310;19,44;78,10
1002;19/09/2025 01:00:00;URB;117;15,04;86,40
1003;19/09/2025 01:00:00;M30;312;18,11;80,50
1004;19/09/2025 01:00:00;M30;269;10,95;88,70
1005;19/09/2025 01:00:00;M30;291;17,37;86,70
1006;19/09/2025 01:00:00;M30;328;14,41;93,40
1007;19/09/2025 01:00:00;M30;259;7,09;90,20
1008;19/09/2025 01:00:00;URB;127;19,68;-1,00
1009;19/09/2025 01:00:00;M30;328;14,73;83,50
1010;19/09/2025 01:00:00;URB;116;15,17;94,70
1011;19/09/2025 01:00:00;URB;118;17,48;83,60
1012;19/09/2025 01:00:00;M30;345;18,00;82,50
1013;19/09/2025 01:00:00;URB;120;17,70;84,10
1014;19/09/2025 01:00:00;URB;106;14,39;83,70
1015;19/09/2025 01:00:00;M30;311;15,27;-1,00
1016;19/09/2025 01:00:00;URB;107;13,41;76,50
1017;19/09/2025 01:00:00;URB;134;16,29;-1,00
1018;19/09/2025 01:00:00;URB;138;19,86;81,70
1019;19/09/2025 01:00:00;M30;340;8,40;91,40
1020;19/09/2025 01:00:00;URB;117;17,69;85,80
1021;19/09/2025 01:00:00;M30;239;13,93;85,10
1022;19/09/2025 01:00:00;URB;110;15,85;90,80
1023;19/09/2025 01:00:00;URB;128;18,19;-1,00
1024;19/09/2025 01:00:00;URB;114;13,50;88,10
1025;19/09/2025 01:00:00;M30;307;18,33;76,70
1026;19/09/2025 01:00:00;URB;120;16,19;93,70
1027;19/09/2025 01:00:00;M30;307;10,97;93,20
1028;19/09/2025 01:00:00;URB;107;16,76;89,10
1029;19/09/2025 01:00:00;URB;112;12,08;90,80
1030;19/09/2025 01:00:00;URB;116;13,03;84,70
1001;19/09/2025 02:00:00;M30;329;12,46;82,70
1002;19/09/2025 02:00:00;URB;98;12,59;93,90
1003;19/09/2025 02:00:00;M30;349;19,88;82,90
1004;19/09/2025 02:00:00;M30;370;15,22;79,30
1005;19/09/2025 02:00:00;M30;357;21,95;80,70
1006;19/09/2025 02:00:00;M30;306;13,71;87,90
1007;19/09/2025 02:00:00;M30;294;14,58;85,20
1008;19/09/2025 02:00:00;URB;119;14,18;90,20
1009;19/09/2025 02:00:00;M30;302;14,35;91,00
1010;19/09/2025 02:00:00;URB;119;13,48;91,70
1011;19/09/2025 02:00:00;URB;109;11,48;88,40
1012;19/09/2025 02:00:00;M30;281;11,96;88,20
1013;19/09/2025 02:00:00;URB;114;14,37;82,40
1014;19/09/2025 02:00:00;URB;119;12,00;93,40
1015;19/09/2025 02:00:00;M30;294;11,49;89,50
1016;19/09/2025 02:00:00;URB;99;12,38;83,50
1017;19/09/2025 02:00:00;URB;96;9,58;98,40
1018;19/09/2025 02:00:00;URB;120;14,04;86,60
1019;19/09/2025 02:00:00;M30;353;16,37;89,90
1020;19/09/2025 02:00:00;URB;110;7,91;88,50
1021;19/09/2025 02:00:00;M30;303;14,10;90,70
1022;19/09/2025 02:00:00;URB;109;12,54;89,40
1023;19/09/2025 02:00:00;URB;86;11,77;87,20
1024;19/09/2025 02:00:00;URB;102;13,29;87,20
1025;19/09/2025 02:00:00;M30;371;14,33;86,30
1026;19/09/2025 02:00:00;URB;126;15,63;87,30
1027;19/09/2025 02:00:00;M30;324;11,16;89,70
1028;19/09/2025 02:00:00;URB;126;11,72;82,60
1029;19/09/2025 02:00:00;URB;106;14,68;83,20
1030;19/09/2025 02:00:00;URB;119;12,88;85,90
1001;19/09/2025 03:00:00;M30;335;15,70;84,50
1002;19/09/2025 03:00:00;URB;114;19,82;78,10
1003;19/09/2025 03:00:00;M30;259;13,28;86,30
1004;19/09/2025 03:00:00;M30;316;14,25;83,80
1005;19/09/2025 03:00:00;M30;352;15,41;83,40
1006;19/09/2025 03:00:00;M30;368;17,56;90,90
1007;19/09/2025 03:00:00;M30;315;15,34;90,90
1008;19/09/2025 03:00:00;URB;114;13,13;85,40
1009;19/09/2025 03:00:00;M30;325;11,51;90,90
1010;19/09/2025 03:00:00;URB;116;11,96;87,00
1011;19/09/2025 03:00:00;URB;105;15,79;86,30
1012;19/09/2025 03:00:00;M30;301;16,29;85,70
1013;19/09/2025 03:00:00;URB;96;12,65;92,20
1014;19/09/2025 03:00:00;URB;108;12,94;86,90
1015;19/09/2025 03:00:00;M30;345;17,96;87,60
1016;19/09/2025 03:00:00;URB;107;12,43;96,80
1017;19/09/2025 03:00:00;URB;106;14,35;86,30
1018;19/09/2025 03:00:00;URB;100;13,15;83,90
1019;19/09/2025 03:00:00;M30;313;12,67;88,20
1020;19/09/2025 03:00:00;URB;105;11,21;98,60
1021;19/09/2025 03:00:00;M30;327;21,07;81,20
1022;19/09/2025 03:00:00;URB;98;7,29;88,20
1023;19/09/2025 03:00:00;URB;125;16,37;83,90
1024;19/09/2025 03:00:00;URB;125;10,07;87,40
1025;19/09/2025 03:00:00;M30;320;10,08;-1,00
1026;19/09/2025 03:00:00;URB;113;17,19;81,00
1027;19/09/2025 03:00:00;M30;303;8,73;-1,00
1028;19/09/2025 03:00:00;URB;119;14,50;81,10
1029;19/09/2025 03:00:00;URB;105;15,95;75,60
1030;19/09/2025 03:00:00;URB;141;20,88;93,00
1001;19/09/2025 04:00:00;M30;353;18,16;80,40
1002;19/09/2025 04:00:00;URB;140;19,69;90,80
1003;19/09/2025 04:00:00;M30;337;19,34;87,50
1004;19/09/2025 04:00:00;M30;369;14,13;87,50
1005;19/09/2025 04:00:00;M30;370;14,83;88,70
1006;19/09/2025 04:00:00;M30;422;19,00;87,40
1007;19/09/2025 04:00:00;M30;358;16,08;92,10
1008;19/09/2025 04:00:00;URB;120;19,96;84,40
1009;19/09/2025 04:00:00;M30;365;15,37;85,70
1010;19/09/2025 04:00:00;URB;125;17,79;81,00
1011;19/09/2025 04:00:00;URB;116;13,21;-1,00
1012;19/09/2025 04:00:00;M30;381;12,79;91,50
1013;19/09/2025 04:00:00;URB;121;16,93;84,10
1014;19/09/2025 04:00:00;URB;128;13,40;85,30
1015;19/09/2025 04:00:00;M30;390;16,83;78,90
1016;19/09/2025 04:00:00;URB;118;15,21;85,80
1017;19/09/2025 04:00:00;URB;153;13,38;87,90
1018;19/09/2025 04:00:00;URB;143;12,70;89,10
1019;19/09/2025 04:00:00;M30;313;14,87;78,80
1020;19/09/2025 04:00:00;URB;137;21,66;78,80
1021;19/09/2025 04:00:00;M30;297;14,02;87,80
1022;19/09/2025 04:00:00;URB;120;17,44;84,40
1023;19/09/2025 04:00:00;URB;136;11,98;90,70
1024;19/09/2025 04:00:00;URB;121;13,92;89,50
1025;19/09/2025 04:00:00;M30;359;12,12;89,80
1026;19/09/2025 04:00:00;URB;123;17,92;86,90
1027;19/09/2025 04:00:00;M30;447;27,66;76,20
1028;19/09/2025 04:00:00;URB;122;15,48;93,90
1029;19/09/2025 04:00:00;URB;123;12,37;86,00
1030;19/09/2025 04:00:00;URB;128;18,29;88,10
1001;19/09/2025 05:00:00;M30;439;18,66;88,30
1002;19/09/2025 05:00:00;URB;154;24,37;77,20
1003;19/09/2025 05:00:00;M30;514;28,69;75,80
1004;19/09/2025 05:00:00;M30;415;18,67;83,50
1005;19/09/2025 05:00:00;M30;462;15,59;90,30
1006;19/09/2025 05:00:00;M30;426;20,89;79,50
1007;19/09/2025 05:00:00;M30;427;19,55;81,90
1008;19/09/2025 05:00:00;URB;149;18,57;81,10
1009;19/09/2025 05:00:00;M30;447;17,89;82,70
1010;19/09/2025 05:00:00;URB;139;16,30;90,20
1011;19/09/2025 05:00:00;URB;164;22,84;94,20
1012;19/09/2025 05:00:00;M30;402;22,83;76,10
1013;19/09/2025 05:00:00;URB;130;19,42;88,10
1014;19/09/2025 05:00:00;URB;155;10,60;94,50
1015;19/09/2025 05:00:00;M30;453;20,84;88,00
1016;19/09/2025 05:00:00;URB;121;14,37;81,60
1017;19/09/2025 05:00:00;URB;164;15,09;90,90
1018;19/09/2025 05:00:00;URB;172;21,51;82,40
1019;19/09/2025 05:00:00;M30;443;15,09;82,30
1020;19/09/2025 05:00:00;URB;155;25,83;76,60
1021;19/09/2025 05:00:00;M30;407;15,84;87,80
1022;19/09/2025 05:00:00;URB;159;11,68;94,10
1023;19/09/2025 05:00:00;URB;167;20,67;79,80
1024;19/09/2025 05:00:00;URB;166;24,02;77,50
1025;19/09/2025 05:00:00;M30;465;27,54;78,40
1026;19/09/2025 05:00:00;URB;159;24,02;85,60
1027;19/09/2025 05:00:00;M30;394;19,20;73,10
1028;19/09/2025 05:00:00;URB;162;19,36;86,30
1029;19/09/2025 05:00:00;URB;180;26,28;85,30
1030;19/09/2025 05:00:00;URB;155;23,35;85,10
1001;19/09/2025 06:00:00;M30;612;32,16;78,00
1002;19/09/2025 06:00:00;URB;239;33,76;75,80
1003;19/09/2025 06:00:00;M30;542;16,51;81,40
1004;19/09/2025 06:00:00;M30;519;25,11;84,50
1005;19/09/2025 06:00:00;M30;509;24,24;82,30
1006;19/09/2025 06:00:00;M30;524;19,93;81,40
1007;19/09/2025 06:00:00;M30;634;30,77;73,90
1008;19/09/2025 06:00:00;URB;181;18,04;92,40
1009;19/09/2025 06:00:00;M30;641;32,47;75,20
1010;19/09/2025 06:00:00;URB;203;27,67;84,40
1011;19/09/2025 06:00:00;URB;228;30,89;-1,00
1012;19/09/2025 06:00:00;M30;546;29,45;73,80
1013;19/09/2025 06:00:00;URB;238;31,34;-1,00
1014;19/09/2025 06:00:00;URB;184;17,68;87,70
1015;19/09/2025 06:00:00;M30;625;22,69;83,40
1016;19/09/2025 06:00:00;URB;216;27,42;77,40
1017;19/09/2025 06:00:00;URB;195;22,48;76,70
1018;19/09/2025 06:00:00;URB;200;23,06;85,00
1019;19/09/2025 06:00:00;M30;639;28,91;82,40
1020;19/09/2025 06:00:00;URB;193;30,47;69,40
1021;19/09/2025 06:00:00;M30;606;36,56;78,90
1022;19/09/2025 06:00:00;URB;201;31,68;85,90
1023;19/09/2025 06:00:00;URB;201;23,10;93,20
1024;19/09/2025 06:00:00;URB;216;29,85;-1,00
1025;19/09/2025 06:00:00;M30;563;29,24;74,30
1026;19/09/2025 06:00:00;URB;226;31,34;74,50
1027;19/09/2025 06:00:00;M30;574;33,17;80,20
1028;19/09/2025 06:00:00;URB;192;20,56;-1,00
1029;19/09/2025 06:00:00;URB;204;32,12;78,10
1030;19/09/2025 06:00:00;URB;187;28,06;-1,00
1001;19/09/2025 07:00:00;M30;895;36,26;79,20
1002;19/09/2025 07:00:00;URB;276;39,35;76,80
1003;19/09/2025 07:00:00;M30;681;37,02;77,70
1004;19/09/2025 07:00:00;M30;782;41,07;73,60
1005;19/09/2025 07:00:00;M30;740;47,93;71,90
1006;19/09/2025 07:00:00;M30;674;26,41;77,50
1007;19/09/2025 07:00:00;M30;663;27,97;84,10
1008;19/09/2025 07:00:00;URB;272;27,36;83,30
1009;19/09/2025 07:00:00;M30;786;32,12;75,30
1010;19/09/2025 07:00:00;URB;269;37,08;75,10
1011;19/09/2025 07:00:00;URB;254;25,70;82,50
1012;19/09/2025 07:00:00;M30;676;28,39;81,20
1013;19/09/2025 07:00:00;URB;282;37,72;73,80
1014;19/09/2025 07:00:00;URB;258;35,62;75,40
1015;19/09/2025 07:00:00;M30;704;31,63;82,80
1016;19/09/2025 07:00:00;URB;268;26,61;87,30
1017;19/09/2025 07:00:00;URB;292;28,61;73,20
1018;19/09/2025 07:00:00;URB;312;50,16;68,90
1019;19/09/2025 07:00:00;M30;834;34,00;71,10
1020;19/09/2025 07:00:00;URB;263;39,67;78,60
1021;19/09/2025 07:00:00;M30;592;29,43;-1,00
1022;19/09/2025 07:00:00;URB;275;38,12;71,20
1023;19/09/2025 07:00:00;URB;284;35,03;75,00
1024;19/09/2025 07:00:00;URB;258;35,72;77,90
1025;19/09/2025 07:00:00;M30;734;39,73;70,60
1026;19/09/2025 07:00:00;URB;307;56,54;60,10
1027;19/09/2025 07:00:00;M30;725;27,13;82,90
1028;19/09/2025 07:00:00;URB;252;33,42;-1,00
1029;19/09/2025 07:00:00;URB;280;24,31;79,10
1030;19/09/2025 07:00:00;URB;260;31,38;-1,00
1001;19/09/2025 08:00:00;M30;985;22,45;87,70
1002;19/09/2025 08:00:00;URB;332;30,17;73,50
1003;19/09/2025 08:00:00;M30;833;44,16;68,30
1004;19/09/2025 08:00:00;M30;998;36,01;80,00
1005;19/09/2025 08:00:00;M30;848;25,32;79,10
1006;19/09/2025 08:00:00;M30;799;41,58;64,40
1007;19/09/2025 08:00:00;M30;788;37,49;78,50
1008;19/09/2025 08:00:00;URB;304;50,13;67,70
1009;19/09/2025 08:00:00;M30;870;31,82;75,20
1010;19/09/2025 08:00:00;URB;304;41,65;67,40
1011;19/09/2025 08:00:00;URB;357;36,10;76,80
1012;19/09/2025 08:00:00;M30;882;36,10;72,80
1013;19/09/2025 08:00:00;URB;341;47,25;59,60
1014;19/09/2025 08:00:00;URB;313;43,02;62,80
1015;19/09/2025 08:00:00;M30;845;37,53;-1,00
1016;19/09/2025 08:00:00;URB;268;34,79;81,50
1017;19/09/2025 08:00:00;URB;307;54,50;63,70
1018;19/09/2025 08:00:00;URB;235;32,51;78,20
1019;19/09/2025 08:00:00;M30;902;53,84;66,60
1020;19/09/2025 08:00:00;URB;337;53,89;73,20
1021;19/09/2025 08:00:00;M30;867;38,97;77,60
1022;19/09/2025 08:00:00;URB;294;44,95;79,40
1023;19/09/2025 08:00:00;URB;305;35,62;69,00
1024;19/09/2025 08:00:00;URB;350;33,34;70,80
1025;19/09/2025 08:00:00;M30;765;29,51;78,10
1026;19/09/2025 08:00:00;URB;345;44,17;70,60
1027;19/09/2025 08:00:00;M30;972;44,96;74,70
1028;19/09/2025 08:00:00;URB;331;41,76;77,70
1029;19/09/2025 08:00:00;URB;290;45,46;67,30
1030;19/09/2025 08:00:00;URB;290;36,95;75,80
1001;19/09/2025 09:00:00;M30;844;40,33;77,00
1002;19/09/2025 09:00:00;URB;338;38,75;74,20
1003;19/09/2025 09:00:00;M30;908;42,58;-1,00
1004;19/09/2025 09:00:00;M30;897;41,86;82,20
1005;19/09/2025 09:00:00;M30;870;34,93;69,30
1006;19/09/2025 09:00:00;M30;864;41,50;78,00
1007;19/09/2025 09:00:00;M30;1.018;34,60;80,00
1008;19/09/2025 09:00:00;URB;377;56,34;69,70
1009;19/09/2025 09:00:00;M30;783;26,50;78,30
1010;19/09/2025 09:00:00;URB;346;47,68;69,70
1011;19/09/2025 09:00:00;URB;334;66,95;61,90
1012;19/09/2025 09:00:00;M30;944;45,23;77,70
1013;19/09/2025 09:00:00;URB;302;47,75;65,50
1014;19/09/2025 09:00:00;URB;328;33,46;72,90
1015;19/09/2025 09:00:00;M30;854;35,96;76,80
1016;19/09/2025 09:00:00;URB;332;30,47;70,70
1017;19/09/2025 09:00:00;URB;276;38,22;69,10
1018;19/09/2025 09:00:00;URB;292;44,61;69,10
1019;19/09/2025 09:00:00;M30;795;44,08;64,50
1020;19/09/2025 09:00:00;URB;298;43,29;68,00
1021;19/09/2025 09:00:00;M30;914;31,57;76,70
1022;19/09/2025 09:00:00;URB;386;51,73;-1,00
1023;19/09/2025 09:00:00;URB;303;47,07;77,80
1024;19/09/2025 09:00:00;URB;363;47,05;70,60
1025;19/09/2025 09:00:00;M30;967;46,07;72,20
1026;19/09/2025 09:00:00;URB;322;44,81;65,20
1027;19/09/2025 09:00:00;M30;944;42,79;76,80
1028;19/09/2025 09:00:00;URB;341;30,52;77,10
1029;19/09/2025 09:00:00;URB;280;37,65;72,60
1030;19/09/2025 09:00:00;URB;278;32,49;77,60
1001;19/09/2025 10:00:00;M30;887;48,58;65,80
1002;19/09/2025 10:00:00;URB;270;26,35;76,50
1003;19/09/2025 10:00:00;M30;709;36,15;73,90
1004;19/09/2025 10:00:00;M30;738;26,28;85,40
1005;19/09/2025 10:00:00;M30;817;35,60;71,00
1006;19/09/2025 10:00:00;M30;830;48,25;64,80
1007;19/09/2025 10:00:00;M30;855;41,58;72,40
1008;19/09/2025 10:00:00;URB;294;31,03;74,70
1009;19/09/2025 10:00:00;M30;839;32,24;78,80
1010;19/09/2025 10:00:00;URB;282;36,84;79,00
1011;19/09/2025 10:00:00;URB;312;46,22;72,90
1012;19/09/2025 10:00:00;M30;736;36,84;71,70
1013;19/09/2025 10:00:00;URB;277;30,05;71,60
1014;19/09/2025 10:00:00;URB;285;35,37;78,00
1015;19/09/2025 10:00:00;M30;743;24,20;72,60
1016;19/09/2025 10:00:00;URB;293;34,80;75,40
1017;19/09/2025 10:00:00;URB;241;38,52;77,80
1018;19/09/2025 10:00:00;URB;282;26,16;82,30
1019;19/09/2025 10:00:00;M30;760;35,85;66,90
1020;19/09/2025 10:00:00;URB;257;38,77;76,00
1021;19/09/2025 10:00:00;M30;684;22,23;87,00
1022;19/09/2025 10:00:00;URB;300;47,53;76,70
1023;19/09/2025 10:00:00;URB;244;34,03;-1,00
1024;19/09/2025 10:00:00;URB;234;27,67;76,50
1025;19/09/2025 10:00:00;M30;894;33,64;77,90
1026;19/09/2025 10:00:00;URB;232;33,62;67,20
1027;19/09/2025 10:00:00;M30;774;34,84;-1,00
1028;19/09/2025 10:00:00;URB;268;26,74;74,80
1029;19/09/2025 10:00:00;URB;275;46,38;65,40
1030;19/09/2025 10:00:00;URB;293;35,38;81,10
1001;19/09/2025 11:00:00;M30;654;25,20;73,10
1002;19/09/2025 11:00:00;URB;201;20,49;83,40
1003;19/09/2025 11:00:00;M30;607;29,71;82,20
1004;19/09/2025 11:00:00;M30;746;47,38;76,80
1005;19/09/2025 11:00:00;M30;577;28,37;80,40
1006;19/09/2025 11:00:00;M30;679;27,66;82,70
1007;19/09/2025 11:00:00;M30;575;27,91;82,00
1008;19/09/2025 11:00:00;URB;165;24,38;81,10
1009;19/09/2025 11:00:00;M30;563;27,90;78,80
1010;19/09/2025 11:00:00;URB;203;30,23;-1,00
1011;19/09/2025 11:00:00;URB;214;33,67;75,20
1012;19/09/2025 11:00:00;M30;641;32,46;78,50
1013;19/09/2025 11:00:00;URB;189;27,24;-1,00
1014;19/09/2025 11:00:00;URB;194;28,25;73,50
1015;19/09/2025 11:00:00;M30;501;27,59;-1,00
1016;19/09/2025 11:00:00;URB;194;20,75;84,20
1017;19/09/2025 11:00:00;URB;184;29,93;75,60
1018;19/09/2025 11:00:00;URB;172;21,53;82,90
1019;19/09/2025 11:00:00;M30;643;28,11;85,90
1020;19/09/2025 11:00:00;URB;226;31,96;79,40
1021;19/09/2025 11:00:00;M30;647;27,29;77,60
1022;19/09/2025 11:00:00;URB;225;28,68;76,10
1023;19/09/2025 11:00:00;URB;227;29,09;83,60
1024;19/09/2025 11:00:00;URB;233;32,03;83,60
1025;19/09/2025 11:00:00;M30;530;28,35;76,80
1026;19/09/2025 11:00:00;URB;168;20,06;75,10
1027;19/09/2025 11:00:00;M30;479;22,70;82,30
1028;19/09/2025 11:00:00;URB;195;32,95;75,30
1029;19/09/2025 11:00:00;URB;214;25,80;86,90
1030;19/09/2025 11:00:00;URB;190;19,56;83,30
1001;19/09/2025 12:00:00;M30;499;23,47;82,70
1002;19/09/2025 12:00:00;URB;159;16,67;80,50
1003;19/09/2025 12:00:00;M30;496;25,70;86,50
1004;19/09/2025 12:00:00;M30;404;17,76;-1,00
1005;19/09/2025 12:00:00;M30;512;22,59;81,10
1006;19/09/2025 12:00:00;M30;519;23,87;85,30
1007;19/09/2025 12:00:00;M30;462;22,17;77,70
1008;19/09/2025 12:00:00;URB;183;24,90;74,90
1009;19/09/2025 12:00:00;M30;484;15,54;82,10
1010;19/09/2025 12:00:00;URB;165;17,34;90,20
1011;19/09/2025 12:00:00;URB;157;22,96;85,50
1012;19/09/2025 12:00:00;M30;395;18,31;84,90
1013;19/09/2025 12:00:00;URB;153;18,17;81,80
1014;19/09/2025 12:00:00;URB;204;24,72;86,10
1015;19/09/2025 12:00:00;M30;431;16,58;84,70
1016;19/09/2025 12:00:00;URB;158;15,34;88,80
1017;19/09/2025 12:00:00;URB;167;22,78;83,40
1018;19/09/2025 12:00:00;URB;159;16,89;80,60
1019;19/09/2025 12:00:00;M30;501;29,53;77,50
1020;19/09/2025 12:00:00;URB;159;21,41;84,90
1021;19/09/2025 12:00:00;M30;427;21,46;91,20
1022;19/09/2025 12:00:00;URB;152;24,83;84,40
1023;19/09/2025 12:00:00;URB;163;18,33;91,60
1024;19/09/2025 12:00:00;URB;159;18,76;86,50
1025;19/09/2025 12:00:00;M30;453;17,93;86,30
1026;19/09/2025 12:00:00;URB;163;26,26;79,20
1027;19/09/2025 12:00:00;M30;441;15,82;88,40
1028;19/09/2025 12:00:00;URB;147;20,37;80,20
1029;19/09/2025 12:00:00;URB;154;20,16;92,90
1030;19/09/2025 12:00:00;URB;135;11,30;-1,00
1001;19/09/2025 13:00:00;M30;333;17,33;85,80
1002;19/09/2025 13:00:00;URB;141;19,17;-1,00
1003;19/09/2025 13:00:00;M30;330;14,72;92,00
1004;19/09/2025 13:00:00;M30;424;27,57;79,10
1005;19/09/2025 13:00:00;M30;369;17,08;-1,00
1006;19/09/2025 13:00:00;M30;396;14,26;85,00
1007;19/09/2025 13:00:00;M30;433;15,93;83,10
1008;19/09/2025 13:00:00;URB;125;15,14;91,00
1009;19/09/2025 13:00:00;M30;356;16,40;89,30
1010;19/09/2025 13:00:00;URB;132;9,35;96,70
1011;19/09/2025 13:00:00;URB;159;18,80;86,10
1012;19/09/2025 13:00:00;M30;361;19,20;89,20
1013;19/09/2025 13:00:00;URB;137;16,66;80,50
1014;19/09/2025 13:00:00;URB;136;20,97;76,60
1015;19/09/2025 13:00:00;M30;408;25,67;83,80
1016;19/09/2025 13:00:00;URB;126;21,54;83,60
1017;19/09/2025 13:00:00;URB;130;21,19;81,30
1018;19/09/2025 13:00:00;URB;138;18,98;81,90
1019;19/09/2025 13:00:00;M30;387;18,96;85,40
1020;19/09/2025 13:00:00;URB;121;10,14;87,00
1021;19/09/2025 13:00:00;M30;366;15,26;79,80
1022;19/09/2025 13:00:00;URB;160;17,40;93,80
1023;19/09/2025 13:00:00;URB;134;18,67;90,70
1024;19/09/2025 13:00:00;URB;139;16,65;95,00
1025;19/09/2025 13:00:00;M30;429;17,14;89,40
1026;19/09/2025 13:00:00;URB;132;21,64;91,70
1027;19/09/2025 13:00:00;M30;433;20,72;81,80
1028;19/09/2025 13:00:00;URB;120;18,40;82,80
1029;19/09/2025 13:00:00;URB;143;21,25;94,10
1030;19/09/2025 13:00:00;URB;138;17,89;80,40
1001;19/09/2025 14:00:00;M30;431;15,00;91,10
1002;19/09/2025 14:00:00;URB;147;25,38;79,50
1003;19/09/2025 14:00:00;M30;351;14,40;86,60
1004;19/09/2025 14:00:00;M30;380;12,23;90,70
1005;19/09/2025 14:00:00;M30;423;17,87;89,10
1006;19/09/2025 14:00:00;M30;320;13,47;87,30
1007;19/09/2025 14:00:00;M30;376;18,49;88,30
1008;19/09/2025 14:00:00;URB;158;25,35;75,90
1009;19/09/2025 14:00:00;M30;364;16,79;82,90
1010;19/09/2025 14:00:00;URB;126;16,22;87,40
1011;19/09/2025 14:00:00;URB;116;10,31;-1,00
1012;19/09/2025 14:00:00;M30;390;18,59;84,00
1013;19/09/2025 14:00:00;URB;138;16,84;83,60
1014;19/09/2025 14:00:00;URB;112;15,62;81,50
1015;19/09/2025 14:00:00;M30;361;16,04;89,00
1016;19/09/2025 14:00:00;URB;142;20,16;85,00
1017;19/09/2025 14:00:00;URB;136;23,88;80,60
1018;19/09/2025 14:00:00;URB;144;14,99;87,10
1019;19/09/2025 14:00:00;M30;453;21,33;87,50
1020;19/09/2025 14:00:00;URB;162;15,55;92,80
1021;19/09/2025 14:00:00;M30;388;10,33;92,70
1022;19/09/2025 14:00:00;URB;120;15,98;86,60
1023;19/09/2025 14:00:00;URB;135;9,10;89,80
1024;19/09/2025 14:00:00;URB;147;27,44;81,60
1025;19/09/2025 14:00:00;M30;413;19,20;87,00
1026;19/09/2025 14:00:00;URB;124;12,54;-1,00
1027;19/09/2025 14:00:00;M30;433;30,69;79,30
1028;19/09/2025 14:00:00;URB;129;14,51;86,30
1029;19/09/2025 14:00:00;URB;104;13,16;92,80
1030;19/09/2025 14:00:00;URB;142;19,51;84,50
1001;19/09/2025 15:00:00;M30;482;24,20;82,00
1002;19/09/2025 15:00:00;URB;161;21,76;88,30
1003;19/09/2025 15:00:00;M30;503;17,69;86,90
1004;19/09/2025 15:00:00;M30;404;19,37;80,80
1005;19/09/2025 15:00:00;M30;442;14,63;86,30
1006;19/09/2025 15:00:00;M30;527;26,22;-1,00
1007;19/09/2025 15:00:00;M30;555;28,03;76,40
1008;19/09/2025 15:00:00;URB;140;16,90;75,40
1009;19/09/2025 15:00:00;M30;636;26,54;79,00
1010;19/09/2025 15:00:00;URB;181;23,17;85,00
1011;19/09/2025 15:00:00;URB;151;14,78;82,50
1012;19/09/2025 15:00:00;M30;428;15,81;85,70
1013;19/09/2025 15:00:00;URB;161;29,16;81,10
1014;19/09/2025 15:00:00;URB;172;15,81;84,40
1015;19/09/2025 15:00:00;M30;474;21,15;83,40
1016;19/09/2025 15:00:00;URB;143;20,32;-1,00
1017;19/09/2025 15:00:00;URB;139;20,81;83,10
1018;19/09/2025 15:00:00;URB;163;20,21;84,50
1019;19/09/2025 15:00:00;M30;515;17,90;-1,00
1020;19/09/2025 15:00:00;URB;157;19,70;-1,00
1021;19/09/2025 15:00:00;M30;417;20,07;80,00
1022;19/09/2025 15:00:00;URB;147;18,30;87,10
1023;19/09/2025 15:00:00;URB;180;22,48;85,60
1024;19/09/2025 15:00:00;URB;185;27,04;83,80
1025;19/09/2025 15:00:00;M30;380;16,88;90,40
1026;19/09/2025 15:00:00;URB;158;20,00;78,60
1027;19/09/2025 15:00:00;M30;470;18,19;-1,00
1028;19/09/2025 15:00:00;URB;161;18,50;82,50
1029;19/09/2025 15:00:00;URB;165;14,78;88,10
1030;19/09/2025 15:00:00;URB;171;19,88;79,10
1001;19/09/2025 16:00:00;M30;649;34,75;79,20
1002;19/09/2025 16:00:00;URB;223;30,26;74,50
1003;19/09/2025 16:00:00;M30;717;30,83;76,40
1004;19/09/2025 16:00:00;M30;574;27,47;79,70
1005;19/09/2025 16:00:00;M30;608;35,41;-1,00
1006;19/09/2025 16:00:00;M30;633;19,96;85,70
1007;19/09/2025 16:00:00;M30;641;27,32;77,10
1008;19/09/2025 16:00:00;URB;277;35,88;74,30
1009;19/09/2025 16:00:00;M30;658;29,41;-1,00
1010;19/09/2025 16:00:00;URB;270;33,59;72,60
1011;19/09/2025 16:00:00;URB;207;22,75;83,00
1012;19/09/2025 16:00:00;M30;619;30,83;76,20
1013;19/09/2025 16:00:00;URB;200;26,50;86,40
1014;19/09/2025 16:00:00;URB;211;23,92;84,60
1015;19/09/2025 16:00:00;M30;647;26,28;80,60
1016;19/09/2025 16:00:00;URB;247;31,51;81,80
1017;19/09/2025 16:00:00;URB;199;26,75;87,10
1018;19/09/2025 16:00:00;URB;223;27,42;-1,00
1019;19/09/2025 16:00:00;M30;558;23,56;89,30
1020;19/09/2025 16:00:00;URB;258;46,24;-1,00
1021;19/09/2025 16:00:00;M30;520;29,43;71,30
1022;19/09/2025 16:00:00;URB;210;24,31;80,00
1023;19/09/2025 16:00:00;URB;196;26,42;92,50
1024;19/09/2025 16:00:00;URB;217;23,93;-1,00
1025;19/09/2025 16:00:00;M30;629;35,64;79,60
1026;19/09/2025 16:00:00;URB;226;34,95;-1,00
1027;19/09/2025 16:00:00;M30;625;23,79;79,60
1028;19/09/2025 16:00:00;URB;203;28,60;-1,00
1029;19/09/2025 16:00:00;URB;189;25,59;81,60
1030;19/09/2025 16:00:00;URB;231;36,35;78,40
1001;19/09/2025 17:00:00;M30;888;29,76;77,90
1002;19/09/2025 17:00:00;URB;322;45,47;64,00
1003;19/09/2025 17:00:00;M30;818;39,41;79,30
1004;19/09/2025 17:00:00;M30;738;34,47;79,70
1005;19/09/2025 17:00:00;M30;931;44,67;-1,00
1006;19/09/2025 17:00:00;M30;809;34,93;74,50
1007;19/09/2025 17:00:00;M30;853;30,46;78,90
1008;19/09/2025 17:00:00;URB;340;37,83;-1,00
1009;19/09/2025 17:00:00;M30;822;38,18;-1,00
1010;19/09/2025 17:00:00;URB;268;31,54;76,90
1011;19/09/2025 17:00:00;URB;249;27,98;77,20
1012;19/09/2025 17:00:00;M30;810;40,02;77,20
1013;19/09/2025 17:00:00;URB;267;44,30;60,40
1014;19/09/2025 17:00:00;URB;329;41,64;65,90
1015;19/09/2025 17:00:00;M30;743;22,60;86,90
1016;19/09/2025 17:00:00;URB;259;40,12;78,30
1017;19/09/2025 17:00:00;URB;275;43,37;67,90
1018;19/09/2025 17:00:00;URB;285;35,53;82,20
1019;19/09/2025 17:00:00;M30;733;38,64;80,10
1020;19/09/2025 17:00:00;URB;273;44,99;-1,00
1021;19/09/2025 17:00:00;M30;961;42,73;-1,00
1022;19/09/2025 17:00:00;URB;328;55,11;58,90
1023;19/09/2025 17:00:00;URB;280;37,20;69,20
1024;19/09/2025 17:00:00;URB;263;45,05;82,00
1025;19/09/2025 17:00:00;M30;775;41,33;69,00
1026;19/09/2025 17:00:00;URB;313;44,41;68,50
1027;19/09/2025 17:00:00;M30;674;40,67;-1,00
1028;19/09/2025 17:00:00;URB;298;40,86;71,30
1029;19/09/2025 17:00:00;URB;262;39,30;69,30
1030;19/09/2025 17:00:00;URB;256;24,87;87,10
1001;19/09/2025 18:00:00;M30;1.012;54,85;66,50
1002;19/09/2025 18:00:00;URB;347;51,06;65,90
1003;19/09/2025 18:00:00;M30;982;39,71;73,50
1004;19/09/2025 18:00:00;M30;933;51,22;68,60
1005;19/09/2025 18:00:00;M30;873;49,17;75,80
1006;19/09/2025 18:00:00;M30;1.085;58,99;64,50
1007;19/09/2025 18:00:00;M30;969;37,62;75,30
1008;19/09/2025 18:00:00;URB;357;40,49;80,20
1009;19/09/2025 18:00:00;M30;920;47,37;67,00
1010;19/09/2025 18:00:00;URB;326;24,70;80,10
1011;19/09/2025 18:00:00;URB;432;42,15;69,80
1012;19/09/2025 18:00:00;M30;957;35,33;-1,00
1013;19/09/2025 18:00:00;URB;347;39,05;80,60
1014;19/09/2025 18:00:00;URB;367;44,47;-1,00
1015;19/09/2025 18:00:00;M30;1.156;52,50;62,80
1016;19/09/2025 18:00:00;URB;344;35,46;68,30
1017;19/09/2025 18:00:00;URB;379;52,82;74,50
1018;19/09/2025 18:00:00;URB;316;32,56;79,40
1019;19/09/2025 18:00:00;M30;958;37,39;84,50
1020;19/09/2025 18:00:00;URB;321;43,72;68,10
1021;19/09/2025 18:00:00;M30;791;47,44;69,60
1022;19/09/2025 18:00:00;URB;226;26,56;77,50
1023;19/09/2025 18:00:00;URB;347;40,88;74,90
1024;19/09/2025 18:00:00;URB;391;47,91;67,50
1025;19/09/2025 18:00:00;M30;764;34,21;72,90
1026;19/09/2025 18:00:00;URB;391;60,02;63,00
1027;19/09/2025 18:00:00;M30;1.029;49,78;-1,00
1028;19/09/2025 18:00:00;URB;364;37,24;69,60
1029;19/09/2025 18:00:00;URB;406;65,56;59,00
1030;19/09/2025 18:00:00;URB;403;57,12;62,80
1001;19/09/2025 19:00:00;M30;1.014;36,60;75,80
1002;19/09/2025 19:00:00;URB;402;47,51;60,20
1003;19/09/2025 19:00:00;M30;1.187;60,41;66,50
1004;19/09/2025 19:00:00;M30;1.201;53,21;63,90
1005;19/09/2025 19:00:00;M30;1.012;41,94;69,90
1006;19/09/2025 19:00:00;M30;935;48,65;66,70
1007;19/09/2025 19:00:00;M30;1.153;67,79;58,60
1008;19/09/2025 19:00:00;URB;405;53,73;65,00
1009;19/09/2025 19:00:00;M30;1.064;48,36;64,10
1010;19/09/2025 19:00:00;URB;371;47,27;74,70
1011;19/09/2025 19:00:00;URB;337;34,93;76,00
1012;19/09/2025 19:00:00;M30;1.172;58,69;60,10
1013;19/09/2025 19:00:00;URB;421;46,16;-1,00
1014;19/09/2025 19:00:00;URB;251;30,94;80,30
1015;19/09/2025 19:00:00;M30;943;41,28;76,20
1016;19/09/2025 19:00:00;URB;356;39,88;84,50
1017;19/09/2025 19:00:00;URB;340;43,77;61,80
1018;19/09/2025 19:00:00;URB;392;64,18;64,90
1019;19/09/2025 19:00:00;M30;1.152;53,58;63,60
1020;19/09/2025 19:00:00;URB;367;48,57;68,30
1021;19/09/2025 19:00:00;M30;1.090;58,95;59,50
1022;19/09/2025 19:00:00;URB;419;57,83;59,00
1023;19/09/2025 19:00:00;URB;396;37,55;78,80
1024;19/09/2025 19:00:00;URB;378;42,43;-1,00
1025;19/09/2025 19:00:00;M30;1.004;41,51;74,20
1026;19/09/2025 19:00:00;URB;333;45,26;68,80
1027;19/09/2025 19:00:00;M30;1.112;39,23;-1,00
1028;19/09/2025 19:00:00;URB;398;45,22;66,30
1029;19/09/2025 19:00:00;URB;348;32,27;82,60
1030;19/09/2025 19:00:00;URB;313;23,03;77,90
1001;19/09/2025 20:00:00;M30;959;51,26;65,20
1002;19/09/2025 20:00:00;URB;366;54,22;62,70
1003;19/09/2025 20:00:00;M30;1.061;44,95;70,50
1004;19/09/2025 20:00:00;M30;933;41,67;-1,00
1005;19/09/2025 20:00:00;M30;933;41,17;-1,00
1006;19/09/2025 20:00:00;M30;1.097;53,01;65,30
1007;19/09/2025 20:00:00;M30;1.024;51,57;71,00
1008;19/09/2025 20:00:00;URB;344;43,32;68,50
1009;19/09/2025 20:00:00;M30;1.231;43,76;-1,00
1010;19/09/2025 20:00:00;URB;332;50,72;71,40
1011;19/09/2025 20:00:00;URB;339;33,51;71,20
1012;19/09/2025 20:00:00;M30;862;34,17;77,80
1013;19/09/2025 20:00:00;URB;326;34,38;73,90
1014;19/09/2025 20:00:00;URB;348;36,38;75,40
1015;19/09/2025 20:00:00;M30;1.016;42,41;75,50
1016;19/09/2025 20:00:00;URB;305;40,21;78,20
1017;19/09/2025 20:00:00;URB;382;51,20;67,80
1018;19/09/2025 20:00:00;URB;363;54,41;65,10
1019;19/09/2025 20:00:00;M30;1.087;45,66;68,60
1020;19/09/2025 20:00:00;URB;422;53,51;67,30
1021;19/09/2025 20:00:00;M30;952;37,66;75,60
1022;19/09/2025 20:00:00;URB;355;38,15;69,30
1023;19/09/2025 20:00:00;URB;394;47,03;73,70
1024;19/09/2025 20:00:00;URB;336;53,34;63,80
1025;19/09/2025 20:00:00;M30;982;35,08;-1,00
1026;19/09/2025 20:00:00;URB;346;54,89;64,50
1027;19/09/2025 20:00:00;M30;1.109;48,17;77,10
1028;19/09/2025 20:00:00;URB;255;38,91;75,30
1029;19/09/2025 20:00:00;URB;376;50,11;65,50
1030;19/09/2025 20:00:00;URB;372;41,93;75,70
1001;19/09/2025 21:00:00;M30;878;41,29;68,80
1002;19/09/2025 21:00:00;URB;278;31,84;73,50
1003;19/09/2025 21:00:00;M30;856;47,82;61,20
1004;19/09/2025 21:00:00;M30;905;36,35;74,30
1005;19/09/2025 21:00:00;M30;782;31,66;76,30
1006;19/09/2025 21:00:00;M30;854;28,26;87,60
1007;19/09/2025 21:00:00;M30;714;40,45;71,30
1008;19/09/2025 21:00:00;URB;266;38,83;65,00
1009;19/09/2025 21:00:00;M30;779;48,39;66,60
1010;19/09/2025 21:00:00;URB;375;45,83;-1,00
1011;19/09/2025 21:00:00;URB;303;47,75;58,00
1012;19/09/2025 21:00:00;M30;707;35,48;72,00
1013;19/09/2025 21:00:00;URB;253;39,11;75,40
1014;19/09/2025 21:00:00;URB;249;38,60;-1,00
1015;19/09/2025 21:00:00;M30;736;23,76;-1,00
1016;19/09/2025 21:00:00;URB;304;28,26;84,60
1017;19/09/2025 21:00:00;URB;316;47,42;68,30
1018;19/09/2025 21:00:00;URB;277;33,21;77,20
1019;19/09/2025 21:00:00;M30;877;38,17;69,20
1020;19/09/2025 21:00:00;URB;278;32,79;78,20
1021;19/09/2025 21:00:00;M30;814;30,70;78,40
1022;19/09/2025 21:00:00;URB;348;47,02;79,70
1023;19/09/2025 21:00:00;URB;304;35,06;79,40
1024;19/09/2025 21:00:00;URB;300;33,73;71,10
1025;19/09/2025 21:00:00;M30;674;32,01;77,70
1026;19/09/2025 21:00:00;URB;268;42,34;62,50
1027;19/09/2025 21:00:00;M30;744;45,63;73,10
1028;19/09/2025 21:00:00;URB;298;50,26;74,10
1029;19/09/2025 21:00:00;URB;266;24,78;79,10
1030;19/09/2025 21:00:00;URB;299;33,79;80,10
1001;19/09/2025 22:00:00;M30;671;32,76;79,90
1002;19/09/2025 22:00:00;URB;207;27,53;77,40
1003;19/09/2025 22:00:00;M30;595;29,25;79,50
1004;19/09/2025 22:00:00;M30;633;37,17;-1,00
1005;19/09/2025 22:00:00;M30;628;31,14;78,60
1006;19/09/2025 22:00:00;M30;643;25,49;81,30
1007;19/09/2025 22:00:00;M30;585;21,48;90,80
1008;19/09/2025 22:00:00;URB;201;19,91;84,40
1009;19/09/2025 22:00:00;M30;513;23,80;-1,00
1010;19/09/2025 22:00:00;URB;234;33,75;73,60
1011;19/09/2025 22:00:00;URB;220;25,04;81,90
1012;19/09/2025 22:00:00;M30;595;22,33;77,90
1013;19/09/2025 22:00:00;URB;209;37,11;70,80
1014;19/09/2025 22:00:00;URB;233;37,03;66,90
1015;19/09/2025 22:00:00;M30;650;25,11;91,60
1016;19/09/2025 22:00:00;URB;196;18,84;88,30
1017;19/09/2025 22:00:00;URB;221;32,64;83,20
1018;19/09/2025 22:00:00;URB;198;31,55;85,40
1019;19/09/2025 22:00:00;M30;620;21,76;-1,00
1020;19/09/2025 22:00:00;URB;210;31,91;77,30
1021;19/09/2025 22:00:00;M30;632;31,81;72,50
1022;19/09/2025 22:00:00;URB;171;23,33;82,20
1023;19/09/2025 22:00:00;URB;218;20,19;87,90
1024;19/09/2025 22:00:00;URB;207;22,38;76,70
1025;19/09/2025 22:00:00;M30;578;24,17;80,80
1026;19/09/2025 22:00:00;URB;211;24,50;79,00
1027;19/09/2025 22:00:00;M30;610;29,91;79,80
1028;19/09/2025 22:00:00;URB;185;20,54;85,90
1029;19/09/2025 22:00:00;URB;189;26,47;75,20
1030;19/09/2025 22:00:00;URB;200;25,79;82,20
1001;19/09/2025 23:00:00;M30;447;17,36;85,30
1002;19/09/2025 23:00:00;URB;179;26,44;90,90
1003;19/09/2025 23:00:00;M30;578;26,67;83,30
1004;19/09/2025 23:00:00;M30;384;19,18;82,70
1005;19/09/2025 23:00:00;M30;415;15,59;81,70
1006;19/09/2025 23:00:00;M30;422;19,66;81,90
1007;19/09/2025 23:00:00;M30;438;19,63;80,20
1008;19/09/2025 23:00:00;URB;157;24,36;88,50
1009;19/09/2025 23:00:00;M30;442;17,98;86,90
1010;19/09/2025 23:00:00;URB;131;18,34;80,10
1011;19/09/2025 23:00:00;URB;151;24,33;-1,00
1012;19/09/2025 23:00:00;M30;416;26,29;82,00
1013;19/09/2025 23:00:00;URB;160;21,98;90,70
1014;19/09/2025 23:00:00;URB;193;22,49;91,30
1015;19/09/2025 23:00:00;M30;452;22,97;79,60
1016;19/09/2025 23:00:00;URB;198;29,92;79,00
1017;19/09/2025 23:00:00;URB;166;16,34;-1,00
1018;19/09/2025 23:00:00;URB;146;19,92;-1,00
1019;19/09/2025 23:00:00;M30;402;14,11;87,10
1020;19/09/2025 23:00:00;URB;143;19,55;84,80
1021;19/09/2025 23:00:00;M30;515;30,20;76,30
1022;19/09/2025 23:00:00;URB;161;21,79;-1,00
1023;19/09/2025 23:00:00;URB;129;19,32;-1,00
1024;19/09/2025 23:00:00;URB;146;25,90;-1,00
1025;19/09/2025 23:00:00;M30;456;19,89;83,10
1026;19/09/2025 23:00:00;URB;129;15,72;88,80
1027;19/09/2025 23:00:00;M30;409;21,30;79,70
1028;19/09/2025 23:00:00;URB;176;27,56;81,80
1029;19/09/2025 23:00:00;URB;150;17,54;82,10
1030;19/09/2025 23:00:00;URB;173;31,94;78,00
1001;20/09/2025 00:00:00;M30;207;10,31;93,30
1002;20/09/2025 00:00:00;URB;64;9,37;88,50
1003;20/09/2025 00:00:00;M30;200;7,97;88,80
1004;20/09/2025 00:00:00;M30;154;5,72;93,20
1005;20/09/2025 00:00:00;M30;186;11,32;85,70
1006;20/09/2025 00:00:00;M30;169;11,44;87,20
1007;20/09/2025 00:00:00;M30;191;8,68;84,80
1008;20/09/2025 00:00:00;URB;59;10,10;-1,00
1009;20/09/2025 00:00:00;M30;211;7,80;99,20
1010;20/09/2025 00:00:00;URB;80;10,97;96,50
1011;20/09/2025 00:00:00;URB;63;7,11;96,00
1012;20/09/2025 00:00:00;M30;192;7,77;86,30
1013;20/09/2025 00:00:00;URB;68;8,14;-1,00
1014;20/09/2025 00:00:00;URB;72;10,69;86,50
1015;20/09/2025 00:00:00;M30;208;11,35;87,50
1016;20/09/2025 00:00:00;URB;48;5,43;84,00
1017;20/09/2025 00:00:00;URB;69;9,01;89,50
1018;20/09/2025 00:00:00;URB;73;9,51;96,30
1019;20/09/2025 00:00:00;M30;182;7,04;88,40
1020;20/09/2025 00:00:00;URB;70;6,83;94,10
1021;20/09/2025 00:00:00;M30;186;7,87;90,40
1022;20/09/2025 00:00:00;URB;56;8,47;88,90
1023;20/09/2025 00:00:00;URB;69;10,81;86,30
1024;20/09/2025 00:00:00;URB;70;7,33;100,40
1025;20/09/2025 00:00:00;M30;173;9,48;89,90
1026;20/09/2025 00:00:00;URB;64;6,76;90,10
1027;20/09/2025 00:00:00;M30;198;9,16;91,30
1028;20/09/2025 00:00:00;URB;75;10,27;93,50
1029;20/09/2025 00:00:00;URB;78;9,89;90,20
1030;20/09/2025 00:00:00;URB;71;9,09;96,90
1001;20/09/2025 01:00:00;M30;150;6,10;90,80
1002;20/09/2025 01:00:00;URB;73;12,33;89,40
1003;20/09/2025 01:00:00;M30;201;8,47;86,60
1004;20/09/2025 01:00:00;M30;205;10,89;-1,00
1005;20/09/2025 01:00:00;M30;194;10,53;94,70
1006;20/09/2025 01:00:00;M30;204;8,19;90,70
1007;20/09/2025 01:00:00;M30;210;8,75;94,90
1008;20/09/2025 01:00:00;URB;73;6,55;85,30
1009;20/09/2025 01:00:00;M30;177;5,57;88,30
1010;20/09/2025 01:00:00;URB;71;9,17;94,60
1011;20/09/2025 01:00:00;URB;73;9,07;87,00
1012;20/09/2025 01:00:00;M30;201;10,29;93,80
1013;20/09/2025 01:00:00;URB;70;8,76;88,30
1014;20/09/2025 01:00:00;URB;69;7,99;95,80
1015;20/09/2025 01:00:00;M30;180;7,49;93,30
1016;20/09/2025 01:00:00;URB;71;11,80;79,60
1017;20/09/2025 01:00:00;URB;78;7,85;95,50
1018;20/09/2025 01:00:00;URB;63;8,45;92,00
1019;20/09/2025 01:00:00;M30;202;9,30;91,10
1020;20/09/2025 01:00:00;URB;80;8,57;85,80
1021;20/09/2025 01:00:00;M30;192;10,59;94,20
1022;20/09/2025 01:00:00;URB;79;9,19;85,80
1023;20/09/2025 01:00:00;URB;77;8,56;91,40
1024;20/09/2025 01:00:00;URB;57;7,97;91,90
1025;20/09/2025 01:00:00;M30;219;12,91;83,50
1026;20/09/2025 01:00:00;URB;55;7,14;90,80
1027;20/09/2025 01:00:00;M30;193;7,26;-1,00
1028;20/09/2025 01:00:00;URB;77;11,08;88,90
1029;20/09/2025 01:00:00;URB;55;5,01;93,60
1030;20/09/2025 01:00:00;URB;64;9,45;-1,00
1001;20/09/2025 02:00:00;M30;169;9,48;95,00
1002;20/09/2025 02:00:00;URB;75;9,89;96,40
1003;20/09/2025 02:00:00;M30;185;6,58;93,20
1004;20/09/2025 02:00:00;M30;189;10,04;87,00
1005;20/09/2025 02:00:00;M30;200;7,78;87,70
1006;20/09/2025 02:00:00;M30;255;13,97;91,20
1007;20/09/2025 02:00:00;M30;204;9,42;92,30
1008;20/09/2025 02:00:00;URB;69;10,59;-1,00
1009;20/09/2025 02:00:00;M30;229;8,67;85,60
1010;20/09/2025 02:00:00;URB;78;9,05;91,70
1011;20/09/2025 02:00:00;URB;67;6,28;-1,00
1012;20/09/2025 02:00:00;M30;218;8,40;92,20
1013;20/09/2025 02:00:00;URB;64;7,38;92,10
1014;20/09/2025 02:00:00;URB;67;10,38;-1,00
1015;20/09/2025 02:00:00;M30;196;9,00;81,70
1016;20/09/2025 02:00:00;URB;62;6,59;100,00
1017;20/09/2025 02:00:00;URB;71;8,76;88,70
1018;20/09/2025 02:00:00;URB;67;11,33;86,70
1019;20/09/2025 02:00:00;M30;190;7,60;93,90
1020;20/09/2025 02:00:00;URB;70;11,22;89,70
1021;20/09/2025 02:00:00;M30;202;9,83;89,20
1022;20/09/2025 02:00:00;URB;65;9,53;88,40
1023;20/09/2025 02:00:00;URB;64;6,71;88,60
1024;20/09/2025 02:00:00;URB;79;8,45;-1,00
1025;20/09/2025 02:00:00;M30;193;6,60;90,50
1026;20/09/2025 02:00:00;URB;67;10,30;93,30
1027;20/09/2025 02:00:00;M30;192;7,29;89,00
1028;20/09/2025 02:00:00;URB;64;5,53;90,80
1029;20/09/2025 02:00:00;URB;73;6,68;-1,00
1030;20/09/2025 02:00:00;URB;73;9,72;-1,00
1001;20/09/2025 03:00:00;M30;214;10,20;90,60
1002;20/09/2025 03:00:00;URB;58;8,33;-1,00
1003;20/09/2025 03:00:00;M30;181;6,97;-1,00
1004;20/09/2025 03:00:00;M30;185;7,19;94,80
1005;20/09/2025 03:00:00;M30;214;9,23;83,50
1006;20/09/2025 03:00:00;M30;185;9,43;87,90
1007;20/09/2025 03:00:00;M30;211;8,31;88,80
1008;20/09/2025 03:00:00;URB;70;11,02;89,20
1009;20/09/2025 03:00:00;M30;176;8,41;93,70
1010;20/09/2025 03:00:00;URB;64;5,14;103,70
1011;20/09/2025 03:00:00;URB;76;12,30;79,10
1012;20/09/2025 03:00:00;M30;223;7,77;87,20
1013;20/09/2025 03:00:00;URB;72;10,13;88,10
1014;20/09/2025 03:00:00;URB;79;9,67;96,10
1015;20/09/2025 03:00:00;M30;203;8,69;87,60
1016;20/09/2025 03:00:00;URB;67;9,07;85,40
1017;20/09/2025 03:00:00;URB;67;8,68;92,80
1018;20/09/2025 03:00:00;URB;67;7,92;92,90
1019;20/09/2025 03:00:00;M30;191;11,61;87,90
1020;20/09/2025 03:00:00;URB;74;11,46;83,50
1021;20/09/2025 03:00:00;M30;211;12,70;90,00
1022;20/09/2025 03:00:00;URB;83;9,22;90,20
1023;20/09/2025 03:00:00;URB;71;11,02;83,60
1024;20/09/2025 03:00:00;URB;66;6,43;89,90
1025;20/09/2025 03:00:00;M30;243;14,07;89,50
1026;20/09/2025 03:00:00;URB;77;10,14;89,60
1027;20/09/2025 03:00:00;M30;177;6,71;97,00
1028;20/09/2025 03:00:00;URB;70;9,99;91,80
1029;20/09/2025 03:00:00;URB;78;10,86;-1,00
1030;20/09/2025 03:00:00;URB;81;9,24;92,80
1001;20/09/2025 04:00:00;M30;257;12,55;-1,00
1002;20/09/2025 04:00:00;URB;77;11,17;80,10
1003;20/09/2025 04:00:00;M30;217;9,94;90,10
1004;20/09/2025 04:00:00;M30;238;6,14;95,10
1005;20/09/2025 04:00:00;M30;219;8,20;-1,00
1006;20/09/2025 04:00:00;M30;238;11,05;90,50
1007;20/09/2025 04:00:00;M30;202;11,61;83,40
1008;20/09/2025 04:00:00;URB;84;11,63;90,90
1009;20/09/2025 04:00:00;M30;248;13,58;-1,00
1010;20/09/2025 04:00:00;URB;79;13,63;85,90
1011;20/09/2025 04:00:00;URB;82;9,58;90,00
1012;20/09/2025 04:00:00;M30;228;7,42;84,30
1013;20/09/2025 04:00:00;URB;78;10,36;93,80
1014;20/09/2025 04:00:00;URB;88;8,28;90,00
1015;20/09/2025 04:00:00;M30;209;7,25;90,90
1016;20/09/2025 04:00:00;URB;101;12,95;87,40
1017;20/09/2025 04:00:00;URB;73;7,96;89,80
1018;20/09/2025 04:00:00;URB;87;7,41;86,80
1019;20/09/2025 04:00:00;M30;233;13,89;86,80
1020;20/09/2025 04:00:00;URB;76;11,04;90,60
1021;20/09/2025 04:00:00;M30;224;8,83;87,10
1022;20/09/2025 04:00:00;URB;86;9,80;86,40
1023;20/09/2025 04:00:00;URB;86;6,45;89,50
1024;20/09/2025 04:00:00;URB;98;10,46;94,30
1025;20/09/2025 04:00:00;M30;220;11,19;85,20
1026;20/09/2025 04:00:00;URB;81;8,48;90,00
1027;20/09/2025 04:00:00;M30;246;8,94;85,20
1028;20/09/2025 04:00:00;URB;68;9,33;90,40
1029;20/09/2025 04:00:00;URB;78;8,09;89,60
1030;20/09/2025 04:00:00;URB;75;8,09;89,00
1001;20/09/2025 05:00:00;M30;320;13,72;-1,00
1002;20/09/2025 05:00:00;URB;104;14,44;87,00
1003;20/09/2025 05:00:00;M30;239;10,14;90,90
1004;20/09/2025 05:00:00;M30;270;12,46;-1,00
1005;20/09/2025 05:00:00;M30;311;16,12;82,70
1006;20/09/2025 05:00:00;M30;279;10,11;93,60
1007;20/09/2025 05:00:00;M30;328;16,99;88,60
1008;20/09/2025 05:00:00;URB;100;14,23;96,00
1009;20/09/2025 05:00:00;M30;318;18,05;85,60
1010;20/09/2025 05:00:00;URB;88;8,81;87,80
1011;20/09/2025 05:00:00;URB;78;10,44;91,30
1012;20/09/2025 05:00:00;M30;226;12,32;-1,00
1013;20/09/2025 05:00:00;URB;94;12,03;84,50
1014;20/09/2025 05:00:00;URB;90;15,80;92,30
1015;20/09/2025 05:00:00;M30;246;11,98;89,00
1016;20/09/2025 05:00:00;URB;98;11,20;-1,00
1017;20/09/2025 05:00:00;URB;110;13,87;89,00
1018;20/09/2025 05:00:00;URB;82;9,44;92,40
1019;20/09/2025 05:00:00;M30;242;14,17;83,50
1020;20/09/2025 05:00:00;URB;102;14,47;-1,00
1021;20/09/2025 05:00:00;M30;279;11,60;90,90
1022;20/09/2025 05:00:00;URB;98;10,66;85,60
1023;20/09/2025 05:00:00;URB;101;14,23;-1,00
1024;20/09/2025 05:00:00;URB;85;11,36;85,40
1025;20/09/2025 05:00:00;M30;307;12,54;-1,00
1026;20/09/2025 05:00:00;URB;88;10,45;95,80
1027;20/09/2025 05:00:00;M30;286;13,46;87,10
1028;20/09/2025 05:00:00;URB;89;11,61;94,60
1029;20/09/2025 05:00:00;URB;89;11,74;81,20
1030;20/09/2025 05:00:00;URB;92;9,88;86,20
1001;20/09/2025 06:00:00;M30;319;18,75;-1,00
1002;20/09/2025 06:00:00;URB;139;14,72;86,80
1003;20/09/2025 06:00:00;M30;307;14,38;82,10
1004;20/09/2025 06:00:00;M30;324;12,00;93,70
1005;20/09/2025 06:00:00;M30;432;23,37;83,30
1006;20/09/2025 06:00:00;M30;437;17,72;87,50
1007;20/09/2025 06:00:00;M30;292;15,38;89,50
1008;20/09/2025 06:00:00;URB;141;20,86;79,40
1009;20/09/2025 06:00:00;M30;387;15,02;86,50
1010;20/09/2025 06:00:00;URB;143;22,06;76,70
1011;20/09/2025 06:00:00;URB;135;20,30;83,30
1012;20/09/2025 06:00:00;M30;379;17,85;87,10
1013;20/09/2025 06:00:00;URB;125;14,70;82,40
1014;20/09/2025 06:00:00;URB;114;12,68;89,10
1015;20/09/2025 06:00:00;M30;392;14,38;87,20
1016;20/09/2025 06:00:00;URB;110;13,06;87,80
1017;20/09/2025 06:00:00;URB;129;17,13;-1,00
1018;20/09/2025 06:00:00;URB;171;15,37;88,10
1019;20/09/2025 06:00:00;M30;408;20,11;79,30
1020;20/09/2025 06:00:00;URB;141;16,73;87,20
1021;20/09/2025 06:00:00;M30;389;20,00;88,50
1022;20/09/2025 06:00:00;URB;122;13,88;94,50
1023;20/09/2025 06:00:00;URB;106;15,87;84,10
1024;20/09/2025 06:00:00;URB;147;23,97;-1,00
1025;20/09/2025 06:00:00;M30;360;16,25;84,70
1026;20/09/2025 06:00:00;URB;144;18,66;83,50
1027;20/09/2025 06:00:00;M30;313;14,36;89,10
1028;20/09/2025 06:00:00;URB;157;28,21;76,50
1029;20/09/2025 06:00:00;URB;120;15,82;91,30
1030;20/09/2025 06:00:00;URB;132;15,47;88,60
1001;20/09/2025 07:00:00;M30;453;21,08;86,20
1002;20/09/2025 07:00:00;URB;171;24,08;81,10
1003;20/09/2025 07:00:00;M30;540;27,51;80,00
1004;20/09/2025 07:00:00;M30;494;23,79;81,30
1005;20/09/2025 07:00:00;M30;536;20,91;79,60
1006;20/09/2025 07:00:00;M30;426;14,29;-1,00
1007;20/09/2025 07:00:00;M30;454;22,61;83,50
1008;20/09/2025 07:00:00;URB;179;22,74;81,80
1009;20/09/2025 07:00:00;M30;402;16,02;92,10
1010;20/09/2025 07:00:00;URB;155;14,04;81,70
1011;20/09/2025 07:00:00;URB;201;39,63;76,50
1012;20/09/2025 07:00:00;M30;424;24,86;-1,00
1013;20/09/2025 07:00:00;URB;162;18,28;86,20
1014;20/09/2025 07:00:00;URB;145;21,53;75,20
1015;20/09/2025 07:00:00;M30;472;19,62;87,00
1016;20/09/2025 07:00:00;URB;171;16,88;81,40
1017;20/09/2025 07:00:00;URB;192;23,44;87,50
1018;20/09/2025 07:00:00;URB;153;22,00;81,90
1019;20/09/2025 07:00:00;M30;520;25,64;78,00
1020;20/09/2025 07:00:00;URB;176;28,71;88,60
1021;20/09/2025 07:00:00;M30;538;19,30;90,20
1022;20/09/2025 07:00:00;URB;173;18,03;87,20
1023;20/09/2025 07:00:00;URB;159;21,36;75,30
1024;20/09/2025 07:00:00;URB;175;25,43;81,20
1025;20/09/2025 07:00:00;M30;391;20,76;84,90
1026;20/09/2025 07:00:00;URB;163;19,58;80,60
1027;20/09/2025 07:00:00;M30;486;22,65;85,00
1028;20/09/2025 07:00:00;URB;163;17,43;81,20
1029;20/09/2025 07:00:00;URB;160;20,62;80,70
1030;20/09/2025 07:00:00;URB;144;22,94;82,30
1001;20/09/2025 08:00:00;M30;590;32,61;78,50
1002;20/09/2025 08:00:00;URB;202;28,00;79,60
1003;20/09/2025 08:00:00;M30;605;29,74;70,60
1004;20/09/2025 08:00:00;M30;515;14,17;93,40
1005;20/09/2025 08:00:00;M30;577;27,99;80,50
1006;20/09/2025 08:00:00;M30;540;24,32;85,00
1007;20/09/2025 08:00:00;M30;527;27,64;83,90
1008;20/09/2025 08:00:00;URB;176;25,27;79,50
1009;20/09/2025 08:00:00;M30;546;30,92;75,80
1010;20/09/2025 08:00:00;URB;188;23,18;81,80
1011;20/09/2025 08:00:00;URB;200;31,35;80,90
1012;20/09/2025 08:00:00;M30;473;19,28;83,40
1013;20/09/2025 08:00:00;URB;203;33,99;77,10
1014;20/09/2025 08:00:00;URB;216;28,73;75,90
1015;20/09/2025 08:00:00;M30;591;27,25;77,30
1016;20/09/2025 08:00:00;URB;205;23,82;88,90
1017;20/09/2025 08:00:00;URB;231;32,81;74,40
1018;20/09/2025 08:00:00;URB;216;27,82;79,90
1019;20/09/2025 08:00:00;M30;537;25,95;76,30
1020;20/09/2025 08:00:00;URB;222;28,71;79,50
1021;20/09/2025 08:00:00;M30;559;15,92;-1,00
1022;20/09/2025 08:00:00;URB;200;26,30;79,00
1023;20/09/2025 08:00:00;URB;174;23,80;78,80
1024;20/09/2025 08:00:00;URB;196;28,46;85,00
1025;20/09/2025 08:00:00;M30;458;16,92;79,10
1026;20/09/2025 08:00:00;URB;213;32,36;73,00
1027;20/09/2025 08:00:00;M30;596;31,90;73,50
1028;20/09/2025 08:00:00;URB;195;29,80;78,70
1029;20/09/2025 08:00:00;URB;186;21,29;81,50
1030;20/09/2025 08:00:00;URB;163;20,64;83,40
1001;20/09/2025 09:00:00;M30;466;25,06;-1,00
1002;20/09/2025 09:00:00;URB;242;29,96;89,90
1003;20/09/2025 09:00:00;M30;479;26,83;75,50
1004;20/09/2025 09:00:00;M30;494;27,61;86,70
1005;20/09/2025 09:00:00;M30;652;24,66;83,50
1006;20/09/2025 09:00:00;M30;638;26,68;79,70
1007;20/09/2025 09:00:00;M30;456;14,73;85,30
1008;20/09/2025 09:00:00;URB;168;21,59;79,70
1009;20/09/2025 09:00:00;M30;548;13,54;84,90
1010;20/09/2025 09:00:00;URB;174;22,50;90,40
1011;20/09/2025 09:00:00;URB;176;28,16;-1,00
1012;20/09/2025 09:00:00;M30;534;20,17;74,80
1013;20/09/2025 09:00:00;URB;183;24,58;-1,00
1014;20/09/2025 09:00:00;URB;146;18,65;86,10
1015;20/09/2025 09:00:00;M30;553;28,73;74,20
1016;20/09/2025 09:00:00;URB;204;29,13;-1,00
1017;20/09/2025 09:00:00;URB;178;23,39;84,00
1018;20/09/2025 09:00:00;URB;213;24,18;85,70
1019;20/09/2025 09:00:00;M30;577;33,15;80,80
1020;20/09/2025 09:00:00;URB;186;32,88;73,80
1021;20/09/2025 09:00:00;M30;492;23,67;82,40
1022;20/09/2025 09:00:00;URB;199;23,21;78,10
1023;20/09/2025 09:00:00;URB;178;17,62;88,30
1024;20/09/2025 09:00:00;URB;224;31,30;-1,00
1025;20/09/2025 09:00:00;M30;608;27,70;77,80
1026;20/09/2025 09:00:00;URB;235;28,15;82,30
1027;20/09/2025 09:00:00;M30;513;17,17;-1,00
1028;20/09/2025 09:00:00;URB;181;17,77;82,70
1029;20/09/2025 09:00:00;URB;168;19,53;-1,00
1030;20/09/2025 09:00:00;URB;210;16,09;83,30
1001;20/09/2025 10:00:00;M30;499;26,19;84,40
1002;20/09/2025 10:00:00;URB;162;22,80;80,60
1003;20/09/2025 10:00:00;M30;468;23,30;82,40
1004;20/09/2025 10:00:00;M30;498;22,32;76,40
1005;20/09/2025 10:00:00;M30;431;9,16;94,30
1006;20/09/2025 10:00:00;M30;364;13,97;81,60
1007;20/09/2025 10:00:00;M30;505;36,99;76,60
1008;20/09/2025 10:00:00;URB;166;20,27;86,60
1009;20/09/2025 10:00:00;M30;467;19,81;81,90
1010;20/09/2025 10:00:00;URB;177;24,04;85,80
1011;20/09/2025 10:00:00;URB;156;15,41;90,50
1012;20/09/2025 10:00:00;M30;431;22,24;79,30
1013;20/09/2025 10:00:00;URB;187;26,39;76,10
1014;20/09/2025 10:00:00;URB;182;26,82;69,80
1015;20/09/2025 10:00:00;M30;447;22,47;-1,00
1016;20/09/2025 10:00:00;URB;199;35,97;73,60
1017;20/09/2025 10:00:00;URB;129;18,30;86,40
1018;20/09/2025 10:00:00;URB;171;22,31;86,70
1019;20/09/2025 10:00:00;M30;481;18,09;89,60
1020;20/09/2025 10:00:00;URB;159;21,21;81,40
1021;20/09/2025 10:00:00;M30;465;28,93;83,40
1022;20/09/2025 10:00:00;URB;190;25,73;83,20
1023;20/09/2025 10:00:00;URB;152;22,86;81,90
1024;20/09/2025 10:00:00;URB;163;18,92;85,20
1025;20/09/2025 10:00:00;M30;405;18,14;83,70
1026;20/09/2025 10:00:00;URB;192;30,76;77,30
1027;20/09/2025 10:00:00;M30;535;23,17;85,30
1028;20/09/2025 10:00:00;URB;137;15,96;83,30
1029;20/09/2025 10:00:00;URB;170;21,10;71,30
1030;20/09/2025 10:00:00;URB;187;22,74;88,40
1001;20/09/2025 11:00:00;M30;372;16,12;78,30
1002;20/09/2025 11:00:00;URB;121;18,34;85,20
1003;20/09/2025 11:00:00;M30;421;20,73;84,30
1004;20/09/2025 11:00:00;M30;411;20,80;90,60
1005;20/09/2025 11:00:00;M30;335;17,58;86,20
1006;20/09/2025 11:00:00;M30;425;20,32;81,90
1007;20/09/2025 11:00:00;M30;373;16,44;83,10
1008;20/09/2025 11:00:00;URB;135;12,96;83,40
1009;20/09/2025 11:00:00;M30;352;16,19;92,70
1010;20/09/2025 11:00:00;URB;119;16,80;86,90
1011;20/09/2025 11:00:00;URB;150;26,01;86,80
1012;20/09/2025 11:00:00;M30;336;14,17;86,90
1013;20/09/2025 11:00:00;URB;125;11,00;92,10
1014;20/09/2025 11:00:00;URB;124;10,02;85,60
1015;20/09/2025 11:00:00;M30;371;13,73;87,50
1016;20/09/2025 11:00:00;URB;119;18,63;85,60
1017;20/09/2025 11:00:00;URB;122;18,20;87,40
1018;20/09/2025 11:00:00;URB;119;22,21;86,80
1019;20/09/2025 11:00:00;M30;435;24,24;78,90
1020;20/09/2025 11:00:00;URB;114;16,87;84,10
1021;20/09/2025 11:00:00;M30;327;11,52;85,80
1022;20/09/2025 11:00:00;URB;129;15,36;81,00
1023;20/09/2025 11:00:00;URB;124;19,58;83,40
1024;20/09/2025 11:00:00;URB;109;15,92;86,10
1025;20/09/2025 11:00:00;M30;376;12,63;87,30
1026;20/09/2025 11:00:00;URB;140;22,01;84,20
1027;20/09/2025 11:00:00;M30;274;13,95;87,50
1028;20/09/2025 11:00:00;URB;123;14,29;96,60
1029;20/09/2025 11:00:00;URB;151;17,73;86,90
1030;20/09/2025 11:00:00;URB;125;11,80;91,10
1001;20/09/2025 12:00:00;M30;295;10,43;88,60
1002;20/09/2025 12:00:00;URB;87;12,90;85,30
1003;20/09/2025 12:00:00;M30;263;9,92;94,80
1004;20/09/2025 12:00:00;M30;281;13,03;-1,00
1005;20/09/2025 12:00:00;M30;274;10,93;-1,00
1006;20/09/2025 12:00:00;M30;209;10,43;87,30
1007;20/09/2025 12:00:00;M30;261;16,54;78,40
1008;20/09/2025 12:00:00;URB;89;13,77;89,40
1009;20/09/2025 12:00:00;M30;290;14,86;87,00
1010;20/09/2025 12:00:00;URB;106;11,40;88,30
1011;20/09/2025 12:00:00;URB;107;11,26;86,40
1012;20/09/2025 12:00:00;M30;277;12,70;86,70
1013;20/09/2025 12:00:00;URB;101;12,53;-1,00
1014;20/09/2025 12:00:00;URB;98;13,31;88,30
1015;20/09/2025 12:00:00;M30;317;11,20;94,20
1016;20/09/2025 12:00:00;URB;103;12,71;93,30
1017;20/09/2025 12:00:00;URB;97;12,85;87,40
1018;20/09/2025 12:00:00;URB;86;12,51;-1,00
1019;20/09/2025 12:00:00;M30;260;13,49;83,50
1020;20/09/2025 12:00:00;URB;99;13,79;-1,00
1021;20/09/2025 12:00:00;M30;297;16,28;83,00
1022;20/09/2025 12:00:00;URB;95;8,69;85,70
1023;20/09/2025 12:00:00;URB;113;12,43;89,90
1024;20/09/2025 12:00:00;URB;92;10,93;94,00
1025;20/09/2025 12:00:00;M30;250;11,42;91,70
1026;20/09/2025 12:00:00;URB;106;9,59;88,90
1027;20/09/2025 12:00:00;M30;327;12,19;85,90
1028;20/09/2025 12:00:00;URB;85;12,60;81,60
1029;20/09/2025 12:00:00;URB;104;8,22;96,60
1030;20/09/2025 12:00:00;URB;92;12,06;86,30
1001;20/09/2025 13:00:00;M30;251;12,05;86,60
1002;20/09/2025 13:00:00;URB;77;8,10;-1,00
1003;20/09/2025 13:00:00;M30;219;9,12;91,30
1004;20/09/2025 13:00:00;M30;250;8,76;83,60
1005;20/09/2025 13:00:00;M30;225;11,83;86,20
1006;20/09/2025 13:00:00;M30;232;9,00;87,40
1007;20/09/2025 13:00:00;M30;239;10,20;94,90
1008;20/09/2025 13:00:00;URB;96;11,83;87,20
1009;20/09/2025 13:00:00;M30;259;11,42;91,00
1010;20/09/2025 13:00:00;URB;98;15,08;84,20
1011;20/09/2025 13:00:00;URB;91;8,69;91,80
1012;20/09/2025 13:00:00;M30;221;9,65;89,70
1013;20/09/2025 13:00:00;URB;80;11,92;88,90
1014;20/09/2025 13:00:00;URB;90;15,24;88,60
1015;20/09/2025 13:00:00;M30;228;9,66;92,30
1016;20/09/2025 13:00:00;URB;87;7,38;97,30
1017;20/09/2025 13:00:00;URB;87;11,12;93,60
1018;20/09/2025 13:00:00;URB;86;15,71;85,10
1019;20/09/2025 13:00:00;M30;256;16,55;81,80
1020;20/09/2025 13:00:00;URB;86;11,64;87,30
1021;20/09/2025 13:00:00;M30;235;11,99;88,50
1022;20/09/2025 13:00:00;URB;70;10,19;92,60
1023;20/09/2025 13:00:00;URB;84;9,39;90,10
1024;20/09/2025 13:00:00;URB;88;10,03;91,80
1025;20/09/2025 13:00:00;M30;254;7,73;82,60
1026;20/09/2025 13:00:00;URB;85;10,25;86,30
1027;20/09/2025 13:00:00;M30;246;11,76;93,00
1028;20/09/2025 13:00:00;URB;79;11,28;90,40
1029;20/09/2025 13:00:00;URB;88;13,31;84,70
1030;20/09/2025 13:00:00;URB;92;11,31;87,30
1001;20/09/2025 14:00:00;M30;243;9,50;92,50
1002;20/09/2025 14:00:00;URB;79;11,11;86,90
1003;20/09/2025 14:00:00;M30;205;8,92;95,90
1004;20/09/2025 14:00:00;M30;263;9,81;87,90
1005;20/09/2025 14:00:00;M30;276;14,85;84,10
1006;20/09/2025 14:00:00;M30;273;13,31;89,30
1007;20/09/2025 14:00:00;M30;249;11,72;87,10
1008;20/09/2025 14:00:00;URB;82;7,75;87,90
1009;20/09/2025 14:00:00;M30;221;12,93;95,50
1010;20/09/2025 14:00:00;URB;89;10,44;88,60
1011;20/09/2025 14:00:00;URB;93;8,28;97,10
1012;20/09/2025 14:00:00;M30;208;11,38;84,80
1013;20/09/2025 14:00:00;URB;89;15,17;79,10
1014;20/09/2025 14:00:00;URB;102;10,70;95,40
1015;20/09/2025 14:00:00;M30;270;9,27;88,90
1016;20/09/2025 14:00:00;URB;74;11,87;-1,00
1017;20/09/2025 14:00:00;URB;66;8,48;90,70
1018;20/09/2025 14:00:00;URB;108;15,88;85,90
1019;20/09/2025 14:00:00;M30;233;13,88;89,20
1020;20/09/2025 14:00:00;URB;86;12,06;77,70
1021;20/09/2025 14:00:00;M30;287;14,22;86,60
1022;20/09/2025 14:00:00;URB;94;12,68;-1,00
1023;20/09/2025 14:00:00;URB;92;12,51;90,20
1024;20/09/2025 14:00:00;URB;76;11,22;89,70
1025;20/09/2025 14:00:00;M30;258;9,74;91,10
1026;20/09/2025 14:00:00;URB;94;5,42;95,90
1027;20/09/2025 14:00:00;M30;236;10,61;97,40
1028;20/09/2025 14:00:00;URB;87;8,88;90,30
1029;20/09/2025 14:00:00;URB;83;9,30;-1,00
1030;20/09/2025 14:00:00;URB;85;10,04;90,10
1001;20/09/2025 15:00:00;M30;280;10,97;83,10
1002;20/09/2025 15:00:00;URB;98;19,50;89,40
1003;20/09/2025 15:00:00;M30;291;12,82;87,50
1004;20/09/2025 15:00:00;M30;245;10,90;89,40
1005;20/09/2025 15:00:00;M30;217;8,46;-1,00
1006;20/09/2025 15:00:00;M30;272;11,16;87,10
1007;20/09/2025 15:00:00;M30;328;14,96;80,10
1007;20/09/2025 15:00:00;M30;328;14,96;80,10
1008;20/09/2025 15:00:00;URB;108;18,23;86,50
1009;20/09/2025 15:00:00;M30;298;18,97;84,40
1010;20/09/2025 15:00:00;URB;88;10,86;85,90
1011;20/09/2025 15:00:00;URB;110;16,40;82,50
1012;20/09/2025 15:00:00;M30;314;11,77;90,40
1013;20/09/2025 15:00:00;URB;110;13,23;89,30
1014;20/09/2025 15:00:00;URB;100;16,25;86,50
1015;20/09/2025 15:00:00;M30;304;13,06;82,30
1016;20/09/2025 15:00:00;URB;103;13,23;97,10
1017;20/09/2025 15:00:00;URB;132;17,54;-1,00
1018;20/09/2025 15:00:00;URB;120;15,30;85,00
1019;20/09/2025 15:00:00;M30;278;15,74;-1,00
1020;20/09/2025 15:00:00;URB;91;11,12;93,60
1021;20/09/2025 15:00:00;M30;303;11,52;88,30
1022;20/09/2025 15:00:00;URB;118;17,97;87,80
1023;20/09/2025 15:00:00;URB;97;9,37;93,60
1024;20/09/2025 15:00:00;URB;115;13,18;95,00
1025;20/09/2025 15:00:00;M30;278;14,10;-1,00
1026;20/09/2025 15:00:00;URB;89;10,94;92,00
1027;20/09/2025 15:00:00;M30;300;15,99;85,50
1028;20/09/2025 15:00:00;URB;91;11,11;96,70
1029;20/09/2025 15:00:00;URB;104;13,07;89,30
1030;20/09/2025 15:00:00;URB;91;12,12;83,70
1001;20/09/2025 16:00:00;M30;247;10,77;82,70
1002;20/09/2025 16:00:00;URB;156;21,85;78,90
1003;20/09/2025 16:00:00;M30;378;13,84;85,70
1004;20/09/2025 16:00:00;M30;348;9,92;92,40
1005;20/09/2025 16:00:00;M30;376;10,57;90,20
1006;20/09/2025 16:00:00;M30;347;16,35;91,30
1007;20/09/2025 16:00:00;M30;426;20,70;87,50
1008;20/09/2025 16:00:00;URB;144;20,71;87,50
1009;20/09/2025 16:00:00;M30;456;15,07;93,00
1010;20/09/2025 16:00:00;URB;120;19,02;81,30
1011;20/09/2025 16:00:00;URB;116;16,14;86,10
1012;20/09/2025 16:00:00;M30;354;17,36;88,90
1013;20/09/2025 16:00:00;URB;141;17,95;81,70
1014;20/09/2025 16:00:00;URB;161;25,08;73,80
1015;20/09/2025 16:00:00;M30;441;23,46;76,70
1016;20/09/2025 16:00:00;URB;143;14,08;92,80
1017;20/09/2025 16:00:00;URB;109;17,96;87,10
1018;20/09/2025 16:00:00;URB;133;21,59;78,80
1019;20/09/2025 16:00:00;M30;437;19,51;83,70
1020;20/09/2025 16:00:00;URB;135;22,07;78,30
1021;20/09/2025 16:00:00;M30;362;20,14;78,80
1022;20/09/2025 16:00:00;URB;130;12,78;82,20
1023;20/09/2025 16:00:00;URB;111;12,91;85,00
1024;20/09/2025 16:00:00;URB;146;16,18;82,00
1025;20/09/2025 16:00:00;M30;371;14,95;87,50
1026;20/09/2025 16:00:00;URB;138;17,63;87,50
1027;20/09/2025 16:00:00;M30;343;14,04;87,10
1028;20/09/2025 16:00:00;URB;161;16,16;82,10
1029;20/09/2025 16:00:00;URB;154;22,14;79,50
1030;20/09/2025 16:00:00;URB;135;14,84;86,00
1001;20/09/2025 17:00:00;M30;493;22,21;86,30
1002;20/09/2025 17:00:00;URB;152;24,47;82,50
1003;20/09/2025 17:00:00;M30;470;19,14;87,00
1004;20/09/2025 17:00:00;M30;565;32,71;80,40
1005;20/09/2025 17:00:00;M30;530;26,14;78,20
1006;20/09/2025 17:00:00;M30;592;29,63;76,30
1007;20/09/2025 17:00:00;M30;573;13,94;91,50
1008;20/09/2025 17:00:00;URB;194;25,37;-1,00
1009;20/09/2025 17:00:00;M30;487;21,86;80,40
1010;20/09/2025 17:00:00;URB;169;22,90;88,60
1011;20/09/2025 17:00:00;URB;175;18,87;81,10
1012;20/09/2025 17:00:00;M30;452;21,49;-1,00
1013;20/09/2025 17:00:00;URB;156;21,87;83,40
1014;20/09/2025 17:00:00;URB;193;20,97;81,50
1015;20/09/2025 17:00:00;M30;557;27,78;-1,00
1016;20/09/2025 17:00:00;URB;174;12,25;85,90
1017;20/09/2025 17:00:00;URB;172;21,11;88,60
1018;20/09/2025 17:00:00;URB;154;23,08;-1,00
1019;20/09/2025 17:00:00;M30;483;24,60;87,40
1020;20/09/2025 17:00:00;URB;211;29,53;80,60
1021;20/09/2025 17:00:00;M30;460;24,22;80,20
1022;20/09/2025 17:00:00;URB;188;26,39;77,90
1023;20/09/2025 17:00:00;URB;196;19,94;81,50
1024;20/09/2025 17:00:00;URB;154;19,16;-1,00
1025;20/09/2025 17:00:00;M30;423;21,80;86,20
1026;20/09/2025 17:00:00;URB;166;21,09;81,00
1027;20/09/2025 17:00:00;M30;489;15,69;89,60
1028;20/09/2025 17:00:00;URB;235;43,01;-1,00
1029;20/09/2025 17:00:00;URB;193;16,34;81,50
1030;20/09/2025 17:00:00;URB;191;26,57;81,50
1001;20/09/2025 18:00:00;M30;541;28,02;76,30
1002;20/09/2025 18:00:00;URB;212;25,46;81,60
1003;20/09/2025 18:00:00;M30;534;29,84;79,50
1004;20/09/2025 18:00:00;M30;751;36,34;81,20
1005;20/09/2025 18:00:00;M30;558;20,29;86,60
1006;20/09/2025 18:00:00;M30;494;18,67;85,10
1007;20/09/2025 18:00:00;M30;560;32,92;80,50
1008;20/09/2025 18:00:00;URB;207;19,51;-1,00
1009;20/09/2025 18:00:00;M30;626;34,14;-1,00
1010;20/09/2025 18:00:00;URB;238;37,62;72,60
1011;20/09/2025 18:00:00;URB;231;37,24;-1,00
1012;20/09/2025 18:00:00;M30;615;30,51;77,00
1013;20/09/2025 18:00:00;URB;220;31,88;79,20
1014;20/09/2025 18:00:00;URB;170;27,39;78,40
1015;20/09/2025 18:00:00;M30;622;21,76;79,20
1016;20/09/2025 18:00:00;URB;211;20,56;85,90
1017;20/09/2025 18:00:00;URB;219;21,60;89,00
1018;20/09/2025 18:00:00;URB;237;29,55;77,00
1019;20/09/2025 18:00:00;M30;675;37,33;68,80
1020;20/09/2025 18:00:00;URB;233;28,85;79,90
1021;20/09/2025 18:00:00;M30;630;24,14;-1,00
1022;20/09/2025 18:00:00;URB;251;33,69;72,50
1023;20/09/2025 18:00:00;URB;209;17,86;81,90
1024;20/09/2025 18:00:00;URB;233;30,73;78,70
1025;20/09/2025 18:00:00;M30;593;27,23;70,40
1026;20/09/2025 18:00:00;URB;196;19,41;-1,00
1027;20/09/2025 18:00:00;M30;609;32,33;74,10
1028;20/09/2025 18:00:00;URB;205;27,19;84,80
1029;20/09/2025 18:00:00;URB;212;21,27;81,20
1030;20/09/2025 18:00:00;URB;257;22,65;-1,00
1001;20/09/2025 19:00:00;M30;752;36,11;-1,00
1002;20/09/2025 19:00:00;URB;268;36,29;74,80
1003;20/09/2025 19:00:00;M30;734;30,20;82,70
1004;20/09/2025 19:00:00;M30;567;28,22;75,40
1005;20/09/2025 19:00:00;M30;667;30,50;79,70
1006;20/09/2025 19:00:00;M30;641;26,67;80,50
1007;20/09/2025 19:00:00;M30;613;29,82;72,40
1008;20/09/2025 19:00:00;URB;206;34,72;70,70
1009;20/09/2025 19:00:00;M30;696;27,18;83,60
1010;20/09/2025 19:00:00;URB;253;29,18;71,80
1011;20/09/2025 19:00:00;URB;270;34,83;81,70
1012;20/09/2025 19:00:00;M30;603;34,87;84,10
1013;20/09/2025 19:00:00;URB;215;21,02;89,20
1014;20/09/2025 19:00:00;URB;226;31,12;77,80
1015;20/09/2025 19:00:00;M30;571;20,94;84,40
1016;20/09/2025 19:00:00;URB;224;35,77;72,90
1017;20/09/2025 19:00:00;URB;198;13,58;-1,00
1018;20/09/2025 19:00:00;URB;243;25,94;83,40
1019;20/09/2025 19:00:00;M30;574;24,08;86,80
1020;20/09/2025 19:00:00;URB;239;29,69;78,20
1021;20/09/2025 19:00:00;M30;573;17,30;86,30
1022;20/09/2025 19:00:00;URB;242;31,72;-1,00
1023;20/09/2025 19:00:00;URB;225;31,58;78,00
1024;20/09/2025 19:00:00;URB;200;29,92;78,20
1025;20/09/2025 19:00:00;M30;546;20,05;81,10
1026;20/09/2025 19:00:00;URB;246;21,75;83,30
1027;20/09/2025 19:00:00;M30;572;23,85;87,40
1028;20/09/2025 19:00:00;URB;200;31,12;79,20
1029;20/09/2025 19:00:00;URB;220;32,77;-1,00
1030;20/09/2025 19:00:00;URB;235;24,26;82,60
1001;20/09/2025 20:00:00;M30;639;22,25;82,00
1002;20/09/2025 20:00:00;URB;214;28,09;68,70
1003;20/09/2025 20:00:00;M30;468;23,00;78,10
1004;20/09/2025 20:00:00;M30;568;32,08;-1,00
1005;20/09/2025 20:00:00;M30;617;24,44;80,40
1006;20/09/2025 20:00:00;M30;556;24,93;80,90
1007;20/09/2025 20:00:00;M30;608;31,88;72,20
1008;20/09/2025 20:00:00;URB;214;36,51;74,20
1009;20/09/2025 20:00:00;M30;570;15,53;90,50
1010;20/09/2025 20:00:00;URB;237;20,99;72,60
1011;20/09/2025 20:00:00;URB;235;33,20;76,40
1012;20/09/2025 20:00:00;M30;550;28,09;-1,00
1013;20/09/2025 20:00:00;URB;160;16,03;85,00
1014;20/09/2025 20:00:00;URB;237;33,79;70,90
1015;20/09/2025 20:00:00;M30;620;32,13;80,30
1016;20/09/2025 20:00:00;URB;197;24,94;83,60
1017;20/09/2025 20:00:00;URB;174;21,85;82,90
1018;20/09/2025 20:00:00;URB;222;27,78;76,90
1019;20/09/2025 20:00:00;M30;634;37,23;82,10
1020;20/09/2025 20:00:00;URB;184;31,24;77,90
1021;20/09/2025 20:00:00;M30;488;25,89;82,90
1022;20/09/2025 20:00:00;URB;200;27,99;74,50
1023;20/09/2025 20:00:00;URB;198;31,73;-1,00
1024;20/09/2025 20:00:00;URB;197;19,88;88,30
1025;20/09/2025 20:00:00;M30;632;27,00;77,90
1026;20/09/2025 20:00:00;URB;182;21,33;78,10
1027;20/09/2025 20:00:00;M30;504;18,70;87,30
1028;20/09/2025 20:00:00;URB;202;30,25;83,20
1029;20/09/2025 20:00:00;URB;202;26,94;88,10
1030;20/09/2025 20:00:00;URB;203;34,91;80,30
1001;20/09/2025 21:00:00;M30;578;27,97;72,10
1002;20/09/2025 21:00:00;URB;163;15,80;87,50
1003;20/09/2025 21:00:00;M30;530;26,23;77,90
1004;20/09/2025 21:00:00;M30;553;28,00;85,50
1005;20/09/2025 21:00:00;M30;386;15,29;87,60
1006;20/09/2025 21:00:00;M30;536;17,24;-1,00
1007;20/09/2025 21:00:00;M30;483;24,89;81,80
1008;20/09/2025 21:00:00;URB;177;15,18;85,80
1009;20/09/2025 21:00:00;M30;474;26,73;-1,00
1010;20/09/2025 21:00:00;URB;204;28,97;76,90
1011;20/09/2025 21:00:00;URB;156;17,93;80,70
1012;20/09/2025 21:00:00;M30;432;14,39;-1,00
1013;20/09/2025 21:00:00;URB;183;20,14;82,80
1014;20/09/2025 21:00:00;URB;154;19,97;82,30
1015;20/09/2025 21:00:00;M30;472;20,85;88,10
1016;20/09/2025 21:00:00;URB;185;24,23;-1,00
1017;20/09/2025 21:00:00;URB;176;27,24;77,90
1018;20/09/2025 21:00:00;URB;154;19,90;82,50
1019;20/09/2025 21:00:00;M30;532;34,25;82,20
1020;20/09/2025 21:00:00;URB;165;21,74;82,50
1021;20/09/2025 21:00:00;M30;382;18,47;82,50
1022;20/09/2025 21:00:00;URB;193;14,18;83,30
1023;20/09/2025 21:00:00;URB;133;18,08;-1,00
1024;20/09/2025 21:00:00;URB;186;19,12;78,50
1025;20/09/2025 21:00:00;M30;507;15,85;87,10
1026;20/09/2025 21:00:00;URB;168;23,27;93,40
1027;20/09/2025 21:00:00;M30;530;34,02;74,30
1028;20/09/2025 21:00:00;URB;176;19,99;79,70
1029;20/09/2025 21:00:00;URB;164;24,33;85,60
1030;20/09/2025 21:00:00;URB;145;14,42;-1,00
1001;20/09/2025 22:00:00;M30;431;21,90;87,20
1002;20/09/2025 22:00:00;URB;123;14,97;-1,00
1003;20/09/2025 22:00:00;M30;424;20,48;90,00
1004;20/09/2025 22:00:00;M30;374;20,49;85,90
1005;20/09/2025 22:00:00;M30;376;16,55;88,20
1006;20/09/2025 22:00:00;M30;350;20,22;83,70
1007;20/09/2025 22:00:00;M30;430;13,72;92,50
1008;20/09/2025 22:00:00;URB;155;15,85;94,20
1009;20/09/2025 22:00:00;M30;421;15,11;89,20
1010;20/09/2025 22:00:00;URB;137;12,81;85,50
1011;20/09/2025 22:00:00;URB;130;16,08;80,40
1012;20/09/2025 22:00:00;M30;423;13,79;-1,00
1013;20/09/2025 22:00:00;URB;110;19,01;79,70
1014;20/09/2025 22:00:00;URB;147;22,13;82,00
1015;20/09/2025 22:00:00;M30;390;15,12;88,20
1016;20/09/2025 22:00:00;URB;127;20,20;85,90
1017;20/09/2025 22:00:00;URB;129;14,05;-1,00
1018;20/09/2025 22:00:00;URB;127;13,19;94,80
1019;20/09/2025 22:00:00;M30;356;19,68;84,40
1020;20/09/2025 22:00:00;URB;158;23,38;78,10
1021;20/09/2025 22:00:00;M30;386;19,34;85,20
1022;20/09/2025 22:00:00;URB;143;24,81;80,50
1023;20/09/2025 22:00:00;URB;137;17,75;83,00
1024;20/09/2025 22:00:00;URB;138;19,95;80,00
1025;20/09/2025 22:00:00;M30;419;25,15;71,40
1026;20/09/2025 22:00:00;URB;109;12,37;90,00
1027;20/09/2025 22:00:00;M30;312;16,60;88,40
1028;20/09/2025 22:00:00;URB;122;19,35;80,90
1029;20/09/2025 22:00:00;URB;136;13,41;87,10
1030;20/09/2025 22:00:00;URB;110;14,12;84,20
1001;20/09/2025 23:00:00;M30;256;12,34;90,50
1002;20/09/2025 23:00:00;URB;97;15,42;87,60
1003;20/09/2025 23:00:00;M30;292;13,03;83,40
1004;20/09/2025 23:00:00;M30;275;12,61;86,10
1005;20/09/2025 23:00:00;M30;281;11,24;83,40
1006;20/09/2025 23:00:00;M30;284;11,12;-1,00
1007;20/09/2025 23:00:00;M30;287;14,88;93,40
1008;20/09/2025 23:00:00;URB;109;11,88;88,50
1009;20/09/2025 23:00:00;M30;245;10,89;85,80
1010;20/09/2025 23:00:00;URB;79;7,38;92,80
1011;20/09/2025 23:00:00;URB;93;7,92;94,00
1012;20/09/2025 23:00:00;M30;291;16,12;-1,00
1013;20/09/2025 23:00:00;URB;92;14,10;86,40
1014;20/09/2025 23:00:00;URB;113;15,28;84,60
1015;20/09/2025 23:00:00;M30;281;13,90;89,60
1016;20/09/2025 23:00:00;URB;104;12,11;-1,00
1017;20/09/2025 23:00:00;URB;110;15,56;88,10
1018;20/09/2025 23:00:00;URB;100;12,58;84,70
1019;20/09/2025 23:00:00;M30;315;16,93;85,30
1020;20/09/2025 23:00:00;URB;99;15,06;93,00
1021;20/09/2025 23:00:00;M30;274;13,94;94,60
1022;20/09/2025 23:00:00;URB;89;8,68;93,10
1023;20/09/2025 23:00:00;URB;117;11,32;79,20
1024;20/09/2025 23:00:00;URB;105;12,71;88,60
1025;20/09/2025 23:00:00;M30;296;13,30;83,20
1026;20/09/2025 23:00:00;URB;98;11,79;83,30
1027;20/09/2025 23:00:00;M30;298;16,43;79,70
1028;20/09/2025 23:00:00;URB;105;15,14;76,10
1029;20/09/2025 23:00:00;URB;104;12,37;93,00
1030;20/09/2025 23:00:00;URB;96;13,78;80,10
1001;21/09/2025 00:00:00;M30;200;7,04;96,20
1002;21/09/2025 00:00:00;URB;72;10,75;85,20
1003;21/09/2025 00:00:00;M30;210;9,90;91,10
1004;21/09/2025 00:00:00;M30;216;10,29;91,00
1005;21/09/2025 00:00:00;M30;200;7,69;96,40
1006;21/09/2025 00:00:00;M30;214;10,22;-1,00
1007;21/09/2025 00:00:00;M30;150;5,82;96,90
1008;21/09/2025 00:00:00;URB;66;8,16;89,10
1009;21/09/2025 00:00:00;M30;211;12,34;78,10
1010;21/09/2025 00:00:00;URB;75;5,79;88,10
1011;21/09/2025 00:00:00;URB;72;9,13;91,60
1012;21/09/2025 00:00:00;M30;193;12,66;82,80
1013;21/09/2025 00:00:00;URB;62;5,97;88,40
1014;21/09/2025 00:00:00;URB;73;7,14;93,20
1015;21/09/2025 00:00:00;M30;209;9,38;84,30
1016;21/09/2025 00:00:00;URB;69;12,04;-1,00
1017;21/09/2025 00:00:00;URB;72;9,59;85,00
1018;21/09/2025 00:00:00;URB;61;7,41;86,90
1019;21/09/2025 00:00:00;M30;192;9,62;86,70
1020;21/09/2025 00:00:00;URB;62;11,03;90,40
1021;21/09/2025 00:00:00;M30;216;12,98;83,80
1022;21/09/2025 00:00:00;URB;65;7,23;94,20
1023;21/09/2025 00:00:00;URB;70;9,99;89,60
1024;21/09/2025 00:00:00;URB;75;8,91;-1,00
1025;21/09/2025 00:00:00;M30;199;9,22;86,90
1026;21/09/2025 00:00:00;URB;78;7,64;92,30
1027;21/09/2025 00:00:00;M30;190;7,59;-1,00
1028;21/09/2025 00:00:00;URB;72;9,68;90,10
1029;21/09/2025 00:00:00;URB;69;8,28;90,70
1030;21/09/2025 00:00:00;URB;71;8,25;84,60
1001;21/09/2025 01:00:00;M30;170;7,07;91,40
1002;21/09/2025 01:00:00;URB;68;9,31;90,60
1003;21/09/2025 01:00:00;M30;195;9,66;87,00
1004;21/09/2025 01:00:00;M30;212;11,18;93,20
1005;21/09/2025 01:00:00;M30;193;11,65;91,90
1006;21/09/2025 01:00:00;M30;156;9,11;82,40
1007;21/09/2025 01:00:00;M30;230;7,15;90,00
1008;21/09/2025 01:00:00;URB;70;8,51;87,80
1009;21/09/2025 01:00:00;M30;189;10,28;88,80
1010;21/09/2025 01:00:00;URB;67;11,44;85,00
1011;21/09/2025 01:00:00;URB;70;8,39;87,70
1012;21/09/2025 01:00:00;M30;181;8,67;92,10
1013;21/09/2025 01:00:00;URB;65;9,62;89,30
1014;21/09/2025 01:00:00;URB;68;6,49;87,90
1015;21/09/2025 01:00:00;M30;195;9,75;94,50
1016;21/09/2025 01:00:00;URB;62;7,02;82,50
1017;21/09/2025 01:00:00;URB;60;8,78;-1,00
1018;21/09/2025 01:00:00;URB;71;10,23;93,50
1019;21/09/2025 01:00:00;M30;193;5,04;90,60
1020;21/09/2025 01:00:00;URB;73;9,86;-1,00
1021;21/09/2025 01:00:00;M30;221;8,24;85,10
1022;21/09/2025 01:00:00;URB;90;14,75;90,10
1023;21/09/2025 01:00:00;URB;66;7,82;88,90
1024;21/09/2025 01:00:00;URB;70;8,32;91,70
1025;21/09/2025 01:00:00;M30;209;10,76;-1,00
1026;21/09/2025 01:00:00;URB;68;7,77;89,80
1027;21/09/2025 01:00:00;M30;222;11,07;86,70
1028;21/09/2025 01:00:00;URB;62;6,74;96,00
1029;21/09/2025 01:00:00;URB;60;5,65;97,30
1030;21/09/2025 01:00:00;URB;73;12,03;89,80
1001;21/09/2025 02:00:00;M30;207;10,18;88,70
1002;21/09/2025 02:00:00;URB;64;8,34;88,80
1003;21/09/2025 02:00:00;M30;209;7,87;91,30
1004;21/09/2025 02:00:00;M30;190;7,03;89,90
1005;21/09/2025 02:00:00;M30;187;8,99;97,00
1006;21/09/2025 02:00:00;M30;195;13,21;-1,00
1007;21/09/2025 02:00:00;M30;192;8,26;90,40
1008;21/09/2025 02:00:00;URB;61;8,75;92,40
1009;21/09/2025 02:00:00;M30;187;9,93;92,10
1010;21/09/2025 02:00:00;URB;58;6,73;87,40
1011;21/09/2025 02:00:00;URB;67;8,34;93,40
1012;21/09/2025 02:00:00;M30;193;9,72;94,30
1013;21/09/2025 02:00:00;URB;78;10,95;92,80
1014;21/09/2025 02:00:00;URB;80;9,79;88,20
1015;21/09/2025 02:00:00;M30;208;7,24;92,10
1016;21/09/2025 02:00:00;URB;64;6,85;-1,00
1017;21/09/2025 02:00:00;URB;75;13,56;-1,00
1018;21/09/2025 02:00:00;URB;66;9,67;86,90
1019;21/09/2025 02:00:00;M30;203;7,77;96,70
1020;21/09/2025 02:00:00;URB;72;10,70;79,80
1021;21/09/2025 02:00:00;M30;204;10,70;89,20
1022;21/09/2025 02:00:00;URB;78;7,11;89,00
1023;21/09/2025 02:00:00;URB;80;11,35;91,10
1023;21/09/2025 02:00:00;URB;80;11,35;91,10
1024;21/09/2025 02:00:00;URB;72;11,10;90,40
1025;21/09/2025 02:00:00;M30;184;10,54;99,50
1026;21/09/2025 02:00:00;URB;58;7,75;84,10
1027;21/09/2025 02:00:00;M30;194;9,79;86,60
1028;21/09/2025 02:00:00;URB;72;10,61;89,60
1029;21/09/2025 02:00:00;URB;73;10,34;-1,00
1030;21/09/2025 02:00:00;URB;70;8,22;94,80
1001;21/09/2025 03:00:00;M30;184;9,15;89,50
1002;21/09/2025 03:00:00;URB;63;7,50;92,10
1003;21/09/2025 03:00:00;M30;223;11,51;92,40
1004;21/09/2025 03:00:00;M30;208;10,07;94,80
1005;21/09/2025 03:00:00;M30;229;11,32;88,00
1006;21/09/2025 03:00:00;M30;205;8,49;82,60
1007;21/09/2025 03:00:00;M30;169;8,02;85,90
1008;21/09/2025 03:00:00;URB;70;10,21;83,60
1009;21/09/2025 03:00:00;M30;214;9,95;86,00
1010;21/09/2025 03:00:00;URB;70;6,26;90,00
1011;21/09/2025 03:00:00;URB;61;7,04;90,00
1012;21/09/2025 03:00:00;M30;172;3,24;-1,00
1013;21/09/2025 03:00:00;URB;77;11,35;87,20
1014;21/09/2025 03:00:00;URB;73;10,76;89,20
1015;21/09/2025 03:00:00;M30;228;7,27;93,90
1016;21/09/2025 03:00:00;URB;78;9,11;84,20
1017;21/09/2025 03:00:00;URB;65;5,70;91,00
1018;21/09/2025 03:00:00;URB;69;10,26;86,30
1019;21/09/2025 03:00:00;M30;220;8,61;88,70
1020;21/09/2025 03:00:00;URB;85;11,71;84,70
1021;21/09/2025 03:00:00;M30;214;7,74;89,20
1022;21/09/2025 03:00:00;URB;77;10,32;85,60
1023;21/09/2025 03:00:00;URB;73;7,82;87,30
1024;21/09/2025 03:00:00;URB;65;9,92;97,10
1025;21/09/2025 03:00:00;M30;226;10,16;89,30
1026;21/09/2025 03:00:00;URB;78;10,59;90,50
1027;21/09/2025 03:00:00;M30;222;12,03;93,40
1028;21/09/2025 03:00:00;URB;71;11,13;92,10
1029;21/09/2025 03:00:00;URB;70;5,95;95,80
1030;21/09/2025 03:00:00;URB;75;11,74;89,30
1001;21/09/2025 04:00:00;M30;200;6,31;91,20
1002;21/09/2025 04:00:00;URB;95;13,51;90,70
1003;21/09/2025 04:00:00;M30;181;10,15;85,40
1004;21/09/2025 04:00:00;M30;247;12,17;85,80
1005;21/09/2025 04:00:00;M30;239;12,63;86,50
1006;21/09/2025 04:00:00;M30;210;11,97;92,00
1007;21/09/2025 04:00:00;M30;225;6,78;91,60
1008;21/09/2025 04:00:00;URB;78;10,33;84,20
1009;21/09/2025 04:00:00;M30;229;15,59;-1,00
1010;21/09/2025 04:00:00;URB;75;9,77;92,20
1011;21/09/2025 04:00:00;URB;77;9,32;87,80
1012;21/09/2025 04:00:00;M30;218;9,14;86,20
1013;21/09/2025 04:00:00;URB;80;10,31;92,80
1014;21/09/2025 04:00:00;URB;75;9,68;93,70
1015;21/09/2025 04:00:00;M30;220;10,56;89,30
1016;21/09/2025 04:00:00;URB;70;7,00;-1,00
1017;21/09/2025 04:00:00;URB;83;12,05;89,10
1018;21/09/2025 04:00:00;URB;85;10,87;100,30
1019;21/09/2025 04:00:00;M30;225;10,31;89,50
1020;21/09/2025 04:00:00;URB;68;9,34;93,60
1021;21/09/2025 04:00:00;M30;191;6,10;-1,00
1022;21/09/2025 04:00:00;URB;87;8,04;85,10
1023;21/09/2025 04:00:00;URB;90;11,98;80,60
1024;21/09/2025 04:00:00;URB;76;10,76;89,70
1025;21/09/2025 04:00:00;M30;212;10,30;84,80
1026;21/09/2025 04:00:00;URB;81;10,31;88,80
1027;21/09/2025 04:00:00;M30;217;12,23;91,00
1028;21/09/2025 04:00:00;URB;78;7,99;91,90
1029;21/09/2025 04:00:00;URB;89;9,87;93,20
1030;21/09/2025 04:00:00;URB;87;15,26;86,40
1001;21/09/2025 05:00:00;M30;276;11,93;90,90
1002;21/09/2025 05:00:00;URB;92;15,06;85,50
1003;21/09/2025 05:00:00;M30;297;11,56;95,50
1004;21/09/2025 05:00:00;M30;274;9,40;92,80
1005;21/09/2025 05:00:00;M30;278;13,52;83,90
1006;21/09/2025 05:00:00;M30;305;13,71;77,90
1007;21/09/2025 05:00:00;M30;268;9,64;92,70
1008;21/09/2025 05:00:00;URB;106;16,95;95,50
1009;21/09/2025 05:00:00;M30;286;11,77;92,80
1010;21/09/2025 05:00:00;URB;87;15,85;-1,00
1011;21/09/2025 05:00:00;URB;103;12,77;-1,00
1012;21/09/2025 05:00:00;M30;242;11,73;93,20
1013;21/09/2025 05:00:00;URB;89;17,26;84,70
1014;21/09/2025 05:00:00;URB;94;6,32;81,30
1015;21/09/2025 05:00:00;M30;274;11,99;-1,00
1016;21/09/2025 05:00:00;URB;95;14,64;91,40
1017;21/09/2025 05:00:00;URB;93;7,09;90,30
1018;21/09/2025 05:00:00;URB;110;15,57;85,30
1019;21/09/2025 05:00:00;M30;279;8,18;92,20
1020;21/09/2025 05:00:00;URB;85;10,35;89,20
1021;21/09/2025 05:00:00;M30;244;11,81;87,30
1022;21/09/2025 05:00:00;URB;102;12,77;87,70
1023;21/09/2025 05:00:00;URB;99;14,40;83,90
1024;21/09/2025 05:00:00;URB;87;12,97;80,20
1025;21/09/2025 05:00:00;M30;332;17,53;91,90
1026;21/09/2025 05:00:00;URB;90;10,85;86,10
1027;21/09/2025 05:00:00;M30;288;13,75;82,60
1028;21/09/2025 05:00:00;URB;101;12,93;83,40
1029;21/09/2025 05:00:00;URB;98;14,81;84,30
1030;21/09/2025 05:00:00;URB;80;5,44;91,70
1001;21/09/2025 06:00:00;M30;398;17,94;89,20
1002;21/09/2025 06:00:00;URB;137;18,89;85,60
1003;21/09/2025 06:00:00;M30;343;15,23;95,90
1004;21/09/2025 06:00:00;M30;389;18,64;81,80
1005;21/09/2025 06:00:00;M30;383;20,45;87,30
1006;21/09/2025 06:00:00;M30;343;13,73;92,30
1007;21/09/2025 06:00:00;M30;349;11,59;82,00
1008;21/09/2025 06:00:00;URB;133;22,84;78,60
1009;21/09/2025 06:00:00;M30;341;22,21;85,10
1010;21/09/2025 06:00:00;URB;157;16,47;88,40
1011;21/09/2025 06:00:00;URB;131;15,75;79,50
1012;21/09/2025 06:00:00;M30;356;17,76;87,80
1013;21/09/2025 06:00:00;URB;96;12,19;84,90
1014;21/09/2025 06:00:00;URB;129;19,18;88,70
1015;21/09/2025 06:00:00;M30;333;12,42;80,80
1016;21/09/2025 06:00:00;URB;130;12,73;92,40
1017;21/09/2025 06:00:00;URB;135;17,13;88,80
1018;21/09/2025 06:00:00;URB;128;17,15;80,40
1019;21/09/2025 06:00:00;M30;329;16,23;86,80
1020;21/09/2025 06:00:00;URB;114;15,45;84,80
1021;21/09/2025 06:00:00;M30;353;21,30;-1,00
1022;21/09/2025 06:00:00;URB;121;16,44;-1,00
1023;21/09/2025 06:00:00;URB;129;17,79;91,20
1024;21/09/2025 06:00:00;URB;145;16,79;84,50
1025;21/09/2025 06:00:00;M30;323;12,30;89,60
1026;21/09/2025 06:00:00;URB;126;17,30;84,90
1027;21/09/2025 06:00:00;M30;397;17,16;85,40
1028;21/09/2025 06:00:00;URB;115;18,11;86,50
1029;21/09/2025 06:00:00;URB;110;10,88;85,10
1030;21/09/2025 06:00:00;URB;128;15,50;91,50
1001;21/09/2025 07:00:00;M30;446;21,66;85,40
1002;21/09/2025 07:00:00;URB;153;20,69;79,90
1003;21/09/2025 07:00:00;M30;545;22,57;90,90
1004;21/09/2025 07:00:00;M30;420;24,66;81,20
1005;21/09/2025 07:00:00;M30;434;16,36;-1,00
1006;21/09/2025 07:00:00;M30;435;20,82;82,80
1007;21/09/2025 07:00:00;M30;419;13,78;94,10
1008;21/09/2025 07:00:00;URB;159;26,41;-1,00
1009;21/09/2025 07:00:00;M30;402;14,03;81,20
1010;21/09/2025 07:00:00;URB;176;26,86;83,80
1011;21/09/2025 07:00:00;URB;180;27,51;82,60
1012;21/09/2025 07:00:00;M30;463;22,18;84,50
1013;21/09/2025 07:00:00;URB;191;27,28;77,70
1014;21/09/2025 07:00:00;URB;163;22,19;-1,00
1015;21/09/2025 07:00:00;M30;471;21,30;79,20
1016;21/09/2025 07:00:00;URB;177;16,21;85,60
1017;21/09/2025 07:00:00;URB;193;34,80;75,60
1018;21/09/2025 07:00:00;URB;163;16,68;92,40
1019;21/09/2025 07:00:00;M30;354;13,44;89,30
1020;21/09/2025 07:00:00;URB;184;20,40;87,00
1021;21/09/2025 07:00:00;M30;457;17,04;82,30
1022;21/09/2025 07:00:00;URB;169;16,51;86,50
1023;21/09/2025 07:00:00;URB;156;19,37;84,90
1024;21/09/2025 07:00:00;URB;180;30,57;-1,00
1025;21/09/2025 07:00:00;M30;472;20,43;-1,00
1026;21/09/2025 07:00:00;URB;159;18,14;81,40
1027;21/09/2025 07:00:00;M30;455;21,01;77,90
1028;21/09/2025 07:00:00;URB;178;27,70;80,30
1029;21/09/2025 07:00:00;URB;146;15,31;83,30
1030;21/09/2025 07:00:00;URB;190;26,93;77,40
1001;21/09/2025 08:00:00;M30;563;21,85;85,40
1002;21/09/2025 08:00:00;URB;188;27,37;86,00
1003;21/09/2025 08:00:00;M30;438;18,00;84,80
1004;21/09/2025 08:00:00;M30;530;22,11;-1,00
1005;21/09/2025 08:00:00;M30;516;25,51;84,90
1006;21/09/2025 08:00:00;M30;517;34,23;-1,00
1007;21/09/2025 08:00:00;M30;511;25,43;85,40
1008;21/09/2025 08:00:00;URB;177;13,62;89,10
1009;21/09/2025 08:00:00;M30;424;17,59;84,40
1010;21/09/2025 08:00:00;URB;223;24,31;72,40
1011;21/09/2025 08:00:00;URB;189;28,21;79,00
1012;21/09/2025 08:00:00;M30;536;17,79;-1,00
1013;21/09/2025 08:00:00;URB;204;24,77;88,30
1014;21/09/2025 08:00:00;URB;233;33,75;75,10
1015;21/09/2025 08:00:00;M30;532;21,18;89,40
1016;21/09/2025 08:00:00;URB;192;25,65;-1,00
1017;21/09/2025 08:00:00;URB;199;25,88;79,50
1018;21/09/2025 08:00:00;URB;179;23,98;79,00
1019;21/09/2025 08:00:00;M30;599;28,54;74,30
1020;21/09/2025 08:00:00;URB;223;23,72;77,30
1021;21/09/2025 08:00:00;M30;499;32,33;76,20
1022;21/09/2025 08:00:00;URB;193;32,18;-1,00
1023;21/09/2025 08:00:00;URB;215;14,76;85,80
1024;21/09/2025 08:00:00;URB;192;29,32;77,60
1025;21/09/2025 08:00:00;M30;609;22,30;79,70
1026;21/09/2025 08:00:00;URB;198;25,45;72,00
1027;21/09/2025 08:00:00;M30;508;27,63;77,80
1028;21/09/2025 08:00:00;URB;178;13,77;81,30
1029;21/09/2025 08:00:00;URB;179;25,36;77,30
1030;21/09/2025 08:00:00;URB;202;26,51;-1,00
1001;21/09/2025 09:00:00;M30;575;32,24;81,10
1002;21/09/2025 09:00:00;URB;212;31,37;80,10
1003;21/09/2025 09:00:00;M30;566;18,49;94,00
1004;21/09/2025 09:00:00;M30;508;27,60;79,80
1005;21/09/2025 09:00:00;M30;529;27,97;75,40
1006;21/09/2025 09:00:00;M30;628;30,24;80,20
1007;21/09/2025 09:00:00;M30;542;33,58;72,70
1008;21/09/2025 09:00:00;URB;211;30,02;78,80
1009;21/09/2025 09:00:00;M30;486;17,74;87,10
1010;21/09/2025 09:00:00;URB;176;24,09;84,30
1011;21/09/2025 09:00:00;URB;189;18,49;87,20
1012;21/09/2025 09:00:00;M30;499;17,77;86,90
1013;21/09/2025 09:00:00;URB;193;26,16;79,20
1014;21/09/2025 09:00:00;URB;202;34,84;70,60
1015;21/09/2025 09:00:00;M30;528;12,61;91,30
1016;21/09/2025 09:00:00;URB;191;25,23;79,60
1017;21/09/2025 09:00:00;URB;184;27,83;73,40
1018;21/09/2025 09:00:00;URB;181;27,75;76,60
1019;21/09/2025 09:00:00;M30;632;18,90;-1,00
1020;21/09/2025 09:00:00;URB;191;23,18;86,70
1021;21/09/2025 09:00:00;M30;541;24,70;83,80
1022;21/09/2025 09:00:00;URB;216;32,84;79,90
1023;21/09/2025 09:00:00;URB;202;19,24;83,20
1024;21/09/2025 09:00:00;URB;240;33,13;79,60
1025;21/09/2025 09:00:00;M30;524;24,36;78,80
1026;21/09/2025 09:00:00;URB;203;29,79;79,00
1027;21/09/2025 09:00:00;M30;524;17,47;89,60
1028;21/09/2025 09:00:00;URB;187;30,08;76,70
1029;21/09/2025 09:00:00;URB;181;20,94;86,60
1030;21/09/2025 09:00:00;URB;161;22,22;-1,00
1001;21/09/2025 10:00:00;M30;380;14,73;87,40
1002;21/09/2025 10:00:00;URB;150;9,16;89,80
1003;21/09/2025 10:00:00;M30;402;20,74;77,00
1004;21/09/2025 10:00:00;M30;456;17,19;91,10
1005;21/09/2025 10:00:00;M30;486;27,34;82,40
1006;21/09/2025 10:00:00;M30;482;21,05;78,30
1007;21/09/2025 10:00:00;M30;486;14,36;87,10
1008;21/09/2025 10:00:00;URB;171;24,21;78,00
1009;21/09/2025 10:00:00;M30;477;19,14;91,60
1010;21/09/2025 10:00:00;URB;144;11,82;84,70
1011;21/09/2025 10:00:00;URB;157;20,63;79,40
1012;21/09/2025 10:00:00;M30;464;20,71;87,10
1013;21/09/2025 10:00:00;URB;166;21,96;84,90
1014;21/09/2025 10:00:00;URB;147;19,39;-1,00
1015;21/09/2025 10:00:00;M30;496;16,76;91,20
1016;21/09/2025 10:00:00;URB;186;26,98;81,10
1017;21/09/2025 10:00:00;URB;185;25,70;79,30
1018;21/09/2025 10:00:00;URB;144;23,50;80,10
1019;21/09/2025 10:00:00;M30;478;22,74;85,10
1020;21/09/2025 10:00:00;URB;183;27,04;82,10
1021;21/09/2025 10:00:00;M30;426;12,29;86,20
1022;21/09/2025 10:00:00;URB;187;21,71;86,60
1023;21/09/2025 10:00:00;URB;151;20,26;80,00
1024;21/09/2025 10:00:00;URB;183;18,00;-1,00
1025;21/09/2025 10:00:00;M30;530;34,05;75,40
1026;21/09/2025 10:00:00;URB;160;20,12;-1,00
1027;21/09/2025 10:00:00;M30;402;14,27;-1,00
1028;21/09/2025 10:00:00;URB;155;22,77;81,40
1029;21/09/2025 10:00:00;URB;172;19,85;81,70
1030;21/09/2025 10:00:00;URB;148;23,79;83,80
1001;21/09/2025 11:00:00;M30;354;22,02;79,30
1002;21/09/2025 11:00:00;URB;169;20,68;85,00
1003;21/09/2025 11:00:00;M30;290;16,30;-1,00
1004;21/09/2025 11:00:00;M30;321;14,17;-1,00
1005;21/09/2025 11:00:00;M30;383;11,60;90,20
1006;21/09/2025 11:00:00;M30;370;18,68;93,30
1007;21/09/2025 11:00:00;M30;317;12,18;-1,00
1008;21/09/2025 11:00:00;URB;134;12,75;91,80
1009;21/09/2025 11:00:00;M30;361;15,19;89,90
1010;21/09/2025 11:00:00;URB;117;17,99;90,60
1011;21/09/2025 11:00:00;URB;132;12,32;87,50
1012;21/09/2025 11:00:00;M30;382;20,40;91,90
1013;21/09/2025 11:00:00;URB;125;11,45;84,70
1014;21/09/2025 11:00:00;URB;142;15,22;80,80
1015;21/09/2025 11:00:00;M30;406;17,23;82,80
1016;21/09/2025 11:00:00;URB;111;17,76;79,40
1017;21/09/2025 11:00:00;URB;146;17,66;84,00
1018;21/09/2025 11:00:00;URB;98;12,20;88,20
1019;21/09/2025 11:00:00;M30;356;23,44;94,20
1020;21/09/2025 11:00:00;URB;123;16,75;85,20
1021;21/09/2025 11:00:00;M30;311;14,12;-1,00
1022;21/09/2025 11:00:00;URB;115;17,12;90,80
1023;21/09/2025 11:00:00;URB;113;16,81;85,80
1024;21/09/2025 11:00:00;URB;141;17,42;82,40
1025;21/09/2025 11:00:00;M30;360;17,83;85,40
1026;21/09/2025 11:00:00;URB;137;23,04;79,50
1027;21/09/2025 11:00:00;M30;343;15,01;89,20
1028;21/09/2025 11:00:00;URB;143;20,40;-1,00
1029;21/09/2025 11:00:00;URB;128;12,05;86,80
1030;21/09/2025 11:00:00;URB;127;18,43;82,20
1001;21/09/2025 12:00:00;M30;236;9,55;84,20
1002;21/09/2025 12:00:00;URB;97;10,85;92,50
1003;21/09/2025 12:00:00;M30;252;13,86;80,90
1004;21/09/2025 12:00:00;M30;255;9,14;93,40
1005;21/09/2025 12:00:00;M30;296;14,03;93,30
1006;21/09/2025 12:00:00;M30;245;8,22;-1,00
1007;21/09/2025 12:00:00;M30;299;13,11;86,40
1008;21/09/2025 12:00:00;URB;85;11,68;-1,00
1009;21/09/2025 12:00:00;M30;243;12,73;93,80
1010;21/09/2025 12:00:00;URB;115;16,19;85,50
1011;21/09/2025 12:00:00;URB;76;12,86;82,30
1012;21/09/2025 12:00:00;M30;305;15,40;87,40
1013;21/09/2025 12:00:00;URB;92;13,47;79,00
1014;21/09/2025 12:00:00;URB;97;9,03;87,90
1015;21/09/2025 12:00:00;M30;241;11,50;96,60
1016;21/09/2025 12:00:00;URB;95;14,82;91,00
1017;21/09/2025 12:00:00;URB;95;11,78;89,60
1018;21/09/2025 12:00:00;URB;93;14,79;90,50
1019;21/09/2025 12:00:00;M30;290;13,96;91,60
1020;21/09/2025 12:00:00;URB;92;9,11;91,20
1021;21/09/2025 12:00:00;M30;267;9,37;90,00
1022;21/09/2025 12:00:00;URB;91;8,08;90,70
1023;21/09/2025 12:00:00;URB;93;14,69;85,80
1024;21/09/2025 12:00:00;URB;99;11,00;85,70
1025;21/09/2025 12:00:00;M30;324;15,83;84,70
1026;21/09/2025 12:00:00;URB;97;14,73;88,20
1027;21/09/2025 12:00:00;M30;241;9,35;87,80
1028;21/09/2025 12:00:00;URB;89;13,67;-1,00
1029;21/09/2025 12:00:00;URB;80;11,81;95,60
1030;21/09/2025 12:00:00;URB;94;17,06;89,50
1001;21/09/2025 13:00:00;M30;246;10,64;86,50
1002;21/09/2025 13:00:00;URB;65;10,45;86,70
1003;21/09/2025 13:00:00;M30;257;12,52;-1,00
1004;21/09/2025 13:00:00;M30;214;10,07;85,90
1005;21/09/2025 13:00:00;M30;262;12,27;-1,00
1006;21/09/2025 13:00:00;M30;223;12,67;88,10
1007;21/09/2025 13:00:00;M30;218;10,71;81,70
1008;21/09/2025 13:00:00;URB;91;10,57;90,50
1009;21/09/2025 13:00:00;M30;223;11,44;89,80
1010;21/09/2025 13:00:00;URB;96;8,97;91,00
1011;21/09/2025 13:00:00;URB;81;12,27;93,60
1012;21/09/2025 13:00:00;M30;221;10,18;90,10
1013;21/09/2025 13:00:00;URB;100;13,57;84,80
1014;21/09/2025 13:00:00;URB;75;8,50;92,70
1015;21/09/2025 13:00:00;M30;221;11,86;91,70
1016;21/09/2025 13:00:00;URB;80;10,71;90,40
1017;21/09/2025 13:00:00;URB;89;13,78;87,10
1018;21/09/2025 13:00:00;URB;74;8,58;90,30
1019;21/09/2025 13:00:00;M30;240;10,34;88,70
1020;21/09/2025 13:00:00;URB;86;14,30;90,10
1021;21/09/2025 13:00:00;M30;275;9,32;90,20
1022;21/09/2025 13:00:00;URB;90;12,84;86,00
1023;21/09/2025 13:00:00;URB;83;10,05;89,30
1024;21/09/2025 13:00:00;URB;83;11,35;92,10
1025;21/09/2025 13:00:00;M30;238;10,53;89,00
1026;21/09/2025 13:00:00;URB;95;12,82;79,50
1027;21/09/2025 13:00:00;M30;249;11,55;87,10
1028;21/09/2025 13:00:00;URB;98;14,21;86,60
1029;21/09/2025 13:00:00;URB;96;12,89;86,60
1030;21/09/2025 13:00:00;URB;106;19,52;-1,00
1001;21/09/2025 14:00:00;M30;284;14,76;81,30
1002;21/09/2025 14:00:00;URB;83;5,06;93,30
1003;21/09/2025 14:00:00;M30;219;12,38;90,30
1004;21/09/2025 14:00:00;M30;239;12,16;85,70
1005;21/09/2025 14:00:00;M30;268;12,38;91,60
1006;21/09/2025 14:00:00;M30;266;6,54;-1,00
1007;21/09/2025 14:00:00;M30;228;11,20;85,80
1008;21/09/2025 14:00:00;URB;76;10,16;94,30
1009;21/09/2025 14:00:00;M30;232;7,45;86,50
1010;21/09/2025 14:00:00;URB;77;11,60;85,80
1011;21/09/2025 14:00:00;URB;90;11,44;90,50
1012;21/09/2025 14:00:00;M30;267;13,00;84,80
1013;21/09/2025 14:00:00;URB;85;12,04;91,20
1014;21/09/2025 14:00:00;URB;83;11,61;89,80
1015;21/09/2025 14:00:00;M30;239;10,65;87,00
1016;21/09/2025 14:00:00;URB;87;13,59;76,70
1017;21/09/2025 14:00:00;URB;76;9,88;88,10
1018;21/09/2025 14:00:00;URB;99;11,10;-1,00
1019;21/09/2025 14:00:00;M30;271;15,59;80,60
1020;21/09/2025 14:00:00;URB;78;12,06;91,30
1021;21/09/2025 14:00:00;M30;295;15,45;88,20
1022;21/09/2025 14:00:00;URB;74;10,82;91,00
1023;21/09/2025 14:00:00;URB;88;11,51;98,10
1024;21/09/2025 14:00:00;URB;88;13,24;-1,00
1025;21/09/2025 14:00:00;M30;231;9,73;89,90
1026;21/09/2025 14:00:00;URB;83;9,56;89,80
1027;21/09/2025 14:00:00;M30;207;7,88;89,40
1028;21/09/2025 14:00:00;URB;92;11,96;87,00
1029;21/09/2025 14:00:00;URB;101;14,28;88,90
1030;21/09/2025 14:00:00;URB;75;9,39;88,90
1001;21/09/2025 15:00:00;M30;312;13,21;85,30
1002;21/09/2025 15:00:00;URB;93;12,35;81,20
1003;21/09/2025 15:00:00;M30;296;11,10;86,00
1004;21/09/2025 15:00:00;M30;293;15,86;96,50
1005;21/09/2025 15:00:00;M30;235;11,30;92,70
1006;21/09/2025 15:00:00;M30;305;14,62;82,40
1007;21/09/2025 15:00:00;M30;275;11,57;92,50
1008;21/09/2025 15:00:00;URB;93;15,48;91,70
1009;21/09/2025 15:00:00;M30;234;7,93;87,10
1010;21/09/2025 15:00:00;URB;108;12,21;85,30
1011;21/09/2025 15:00:00;URB;110;12,90;86,90
1012;21/09/2025 15:00:00;M30;237;9,95;92,30
1013;21/09/2025 15:00:00;URB;92;15,40;88,50
1014;21/09/2025 15:00:00;URB;95;14,32;88,80
1015;21/09/2025 15:00:00;M30;317;15,18;85,60
1016;21/09/2025 15:00:00;URB;90;12,89;82,90
1017;21/09/2025 15:00:00;URB;93;12,22;92,30
1018;21/09/2025 15:00:00;URB;102;17,18;87,00
1019;21/09/2025 15:00:00;M30;248;9,50;92,20
1020;21/09/2025 15:00:00;URB;97;13,13;90,90
1021;21/09/2025 15:00:00;M30;318;16,85;92,50
1022;21/09/2025 15:00:00;URB;94;13,29;87,30
1023;21/09/2025 15:00:00;URB;94;11,46;85,00
1024;21/09/2025 15:00:00;URB;94;12,91;87,30
1025;21/09/2025 15:00:00;M30;282;10,60;90,70
1026;21/09/2025 15:00:00;URB;97;14,85;90,30
1027;21/09/2025 15:00:00;M30;239;12,20;85,60
1028;21/09/2025 15:00:00;URB;109;9,53;92,70
1029;21/09/2025 15:00:00;URB;89;12,38;98,30
1030;21/09/2025 15:00:00;URB;105;16,02;-1,00
1001;21/09/2025 16:00:00;M30;438;23,05;83,20
1002;21/09/2025 16:00:00;URB;120;12,40;86,90
1003;21/09/2025 16:00:00;M30;410;21,13;80,30
1004;21/09/2025 16:00:00;M30;359;16,29;86,90
1005;21/09/2025 16:00:00;M30;375;14,75;90,30
1006;21/09/2025 16:00:00;M30;387;18,19;90,40
1007;21/09/2025 16:00:00;M30;403;23,11;83,90
1008;21/09/2025 16:00:00;URB;132;13,73;90,00
1009;21/09/2025 16:00:00;M30;385;11,45;84,60
1010;21/09/2025 16:00:00;URB;138;15,57;85,00
1011;21/09/2025 16:00:00;URB;120;18,65;86,50
1012;21/09/2025 16:00:00;M30;361;15,20;84,80
1013;21/09/2025 16:00:00;URB;125;16,92;89,10
1014;21/09/2025 16:00:00;URB;139;15,52;83,40
1015;21/09/2025 16:00:00;M30;358;14,96;90,00
1016;21/09/2025 16:00:00;URB;111;10,08;86,00
1017;21/09/2025 16:00:00;URB;119;16,57;81,70
1018;21/09/2025 16:00:00;URB;155;25,24;73,30
1019;21/09/2025 16:00:00;M30;383;15,03;-1,00
1020;21/09/2025 16:00:00;URB;149;24,55;83,00
1021;21/09/2025 16:00:00;M30;377;16,46;-1,00
1022;21/09/2025 16:00:00;URB;144;20,78;80,10
1023;21/09/2025 16:00:00;URB;153;20,96;88,20
1024;21/09/2025 16:00:00;URB;137;18,50;85,40
1025;21/09/2025 16:00:00;M30;344;18,55;80,80
1026;21/09/2025 16:00:00;URB;107;15,33;91,00
1027;21/09/2025 16:00:00;M30;407;18,96;85,70
1028;21/09/2025 16:00:00;URB;140;20,07;85,40
1029;21/09/2025 16:00:00;URB;156;18,07;-1,00
1030;21/09/2025 16:00:00;URB;113;15,07;75,80
1001;21/09/2025 17:00:00;M30;573;24,84;84,90
1002;21/09/2025 17:00:00;URB;192;26,35;86,20
1003;21/09/2025 17:00:00;M30;597;22,74;83,40
1004;21/09/2025 17:00:00;M30;562;24,93;83,30
1005;21/09/2025 17:00:00;M30;546;29,20;79,00
1006;21/09/2025 17:00:00;M30;537;25,41;76,20
1007;21/09/2025 17:00:00;M30;508;28,22;84,20
1008;21/09/2025 17:00:00;URB;190;23,61;82,50
1009;21/09/2025 17:00:00;M30;528;31,15;82,40
1010;21/09/2025 17:00:00;URB;140;19,40;78,40
1011;21/09/2025 17:00:00;URB;194;19,24;78,50
1012;21/09/2025 17:00:00;M30;437;20,57;80,50
1013;21/09/2025 17:00:00;URB;168;30,51;-1,00
1014;21/09/2025 17:00:00;URB;147;14,28;93,50
1015;21/09/2025 17:00:00;M30;429;13,33;-1,00
1016;21/09/2025 17:00:00;URB;176;29,75;78,50
1017;21/09/2025 17:00:00;URB;158;22,58;83,80
1018;21/09/2025 17:00:00;URB;138;17,01;90,90
1019;21/09/2025 17:00:00;M30;435;21,26;89,30
1020;21/09/2025 17:00:00;URB;183;27,84;77,20
1021;21/09/2025 17:00:00;M30;608;31,20;-1,00
1022;21/09/2025 17:00:00;URB;201;33,26;-1,00
1023;21/09/2025 17:00:00;URB;161;24,70;76,70
1024;21/09/2025 17:00:00;URB;163;22,95;77,20
1025;21/09/2025 17:00:00;M30;590;28,64;71,80
1026;21/09/2025 17:00:00;URB;175;22,98;93,60
1027;21/09/2025 17:00:00;M30;412;21,38;-1,00
1028;21/09/2025 17:00:00;URB;186;18,63;89,90
1029;21/09/2025 17:00:00;URB;222;34,49;73,00
1030;21/09/2025 17:00:00;URB;160;21,96;84,30
1001;21/09/2025 18:00:00;M30;621;29,32;77,70
1002;21/09/2025 18:00:00;URB;232;38,46;71,50
1003;21/09/2025 18:00:00;M30;672;29,24;76,70
1004;21/09/2025 18:00:00;M30;682;39,30;73,60
1005;21/09/2025 18:00:00;M30;609;31,44;80,50
1006;21/09/2025 18:00:00;M30;639;26,85;82,60
1007;21/09/2025 18:00:00;M30;577;31,67;74,10
1008;21/09/2025 18:00:00;URB;218;23,89;80,30
1009;21/09/2025 18:00:00;M30;560;16,39;-1,00
1010;21/09/2025 18:00:00;URB;209;26,56;77,20
1011;21/09/2025 18:00:00;URB;176;28,96;-1,00
1012;21/09/2025 18:00:00;M30;677;27,83;80,60
1013;21/09/2025 18:00:00;URB;224;28,62;78,10
1014;21/09/2025 18:00:00;URB;221;28,34;-1,00
1015;21/09/2025 18:00:00;M30;612;24,43;84,10
1016;21/09/2025 18:00:00;URB;180;21,72;92,40
1017;21/09/2025 18:00:00;URB;208;26,60;82,70
1018;21/09/2025 18:00:00;URB;250;37,14;75,80
1019;21/09/2025 18:00:00;M30;541;30,55;-1,00
1020;21/09/2025 18:00:00;URB;236;28,78;79,80
1021;21/09/2025 18:00:00;M30;548;20,66;79,60
1022;21/09/2025 18:00:00;URB;224;29,88;79,80
1023;21/09/2025 18:00:00;URB;209;32,39;80,40
1024;21/09/2025 18:00:00;URB;177;26,11;79,60
1025;21/09/2025 18:00:00;M30;554;30,50;78,30
1026;21/09/2025 18:00:00;URB;224;33,74;78,60
1027;21/09/2025 18:00:00;M30;720;34,49;74,60
1028;21/09/2025 18:00:00;URB;229;25,94;78,40
1029;21/09/2025 18:00:00;URB;214;28,02;79,00
1030;21/09/2025 18:00:00;URB;257;33,71;75,20
1001;21/09/2025 19:00:00;M30;621;32,62;73,30
1002;21/09/2025 19:00:00;URB;203;30,29;-1,00
1003;21/09/2025 19:00:00;M30;640;35,83;79,10
1004;21/09/2025 19:00:00;M30;677;40,38;75,70
1005;21/09/2025 19:00:00;M30;689;25,40;80,70
1006;21/09/2025 19:00:00;M30;621;20,22;83,00
1007;21/09/2025 19:00:00;M30;567;23,18;85,90
1008;21/09/2025 19:00:00;URB;196;17,02;89,20
1009;21/09/2025 19:00:00;M30;723;28,26;-1,00
1010;21/09/2025 19:00:00;URB;245;23,91;82,80
1011;21/09/2025 19:00:00;URB;243;27,20;82,70
1012;21/09/2025 19:00:00;M30;666;27,15;85,80
1013;21/09/2025 19:00:00;URB;209;26,40;87,30
1014;21/09/2025 19:00:00;URB;220;24,64;-1,00
1015;21/09/2025 19:00:00;M30;690;26,22;87,30
1016;21/09/2025 19:00:00;URB;251;27,38;81,40
1017;21/09/2025 19:00:00;URB;236;33,52;69,80
1018;21/09/2025 19:00:00;URB;238;35,37;-1,00
1019;21/09/2025 19:00:00;M30;614;23,23;80,10
1020;21/09/2025 19:00:00;URB;243;37,83;78,40
1021;21/09/2025 19:00:00;M30;646;33,95;68,60
1022;21/09/2025 19:00:00;URB;267;43,75;68,30
1023;21/09/2025 19:00:00;URB;196;27,56;83,40
1024;21/09/2025 19:00:00;URB;223;27,88;83,60
1025;21/09/2025 19:00:00;M30;741;29,45;85,30
1026;21/09/2025 19:00:00;URB;237;34,44;-1,00
1027;21/09/2025 19:00:00;M30;575;23,22;86,20
1028;21/09/2025 19:00:00;URB;238;30,48;81,20
1029;21/09/2025 19:00:00;URB;266;33,27;76,90
1030;21/09/2025 19:00:00;URB;270;41,18;68,40
1001;21/09/2025 20:00:00;M30;572;29,54;75,40
1002;21/09/2025 20:00:00;URB;225;30,93;72,10
1003;21/09/2025 20:00:00;M30;592;18,79;79,10
1004;21/09/2025 20:00:00;M30;600;24,60;82,00
1005;21/09/2025 20:00:00;M30;596;26,77;83,60
1006;21/09/2025 20:00:00;M30;605;22,66;77,20
1007;21/09/2025 20:00:00;M30;536;13,33;86,80
1008;21/09/2025 20:00:00;URB;267;38,26;72,80
1009;21/09/2025 20:00:00;M30;630;30,24;-1,00
1010;21/09/2025 20:00:00;URB;155;16,07;82,00
1011;21/09/2025 20:00:00;URB;213;24,70;78,90
1012;21/09/2025 20:00:00;M30;564;29,78;84,60
1013;21/09/2025 20:00:00;URB;251;25,67;-1,00
1014;21/09/2025 20:00:00;URB;179;22,71;89,20
1015;21/09/2025 20:00:00;M30;538;24,22;83,40
1016;21/09/2025 20:00:00;URB;215;29,34;81,10
1017;21/09/2025 20:00:00;URB;209;24,71;76,80
1018;21/09/2025 20:00:00;URB;200;24,10;85,90
1019;21/09/2025 20:00:00;M30;535;26,22;-1,00
1020;21/09/2025 20:00:00;URB;175;23,67;77,90
1021;21/09/2025 20:00:00;M30;696;34,84;79,40
1022;21/09/2025 20:00:00;URB;192;30,54;78,30
1023;21/09/2025 20:00:00;URB;213;36,22;75,40
1024;21/09/2025 20:00:00;URB;237;34,60;68,70
1025;21/09/2025 20:00:00;M30;567;34,79;80,80
1026;21/09/2025 20:00:00;URB;172;26,75;82,50
1027;21/09/2025 20:00:00;M30;710;27,56;71,80
1028;21/09/2025 20:00:00;URB;196;29,86;82,50
1029;21/09/2025 20:00:00;URB;204;20,39;85,80
1030;21/09/2025 20:00:00;URB;205;26,98;77,00
1001;21/09/2025 21:00:00;M30;444;22,26;86,40
1002;21/09/2025 21:00:00;URB;172;17,96;80,60
1003;21/09/2025 21:00:00;M30;453;25,27;83,40
1004;21/09/2025 21:00:00;M30;368;20,33;87,00
1005;21/09/2025 21:00:00;M30;526;16,62;89,50
1006;21/09/2025 21:00:00;M30;496;14,57;89,10
1007;21/09/2025 21:00:00;M30;581;22,13;89,40
1008;21/09/2025 21:00:00;URB;169;22,01;89,50
1009;21/09/2025 21:00:00;M30;510;17,23;82,30
1010;21/09/2025 21:00:00;URB;165;27,24;80,80
1011;21/09/2025 21:00:00;URB;217;36,03;-1,00
1012;21/09/2025 21:00:00;M30;526;26,26;76,60
1013;21/09/2025 21:00:00;URB;212;22,29;88,70
1014;21/09/2025 21:00:00;URB;186;27,80;78,90
1015;21/09/2025 21:00:00;M30;509;27,87;74,90
1016;21/09/2025 21:00:00;URB;164;23,11;-1,00
1017;21/09/2025 21:00:00;URB;192;23,62;84,40
1018;21/09/2025 21:00:00;URB;157;21,64;83,80
1019;21/09/2025 21:00:00;M30;543;19,46;-1,00
1020;21/09/2025 21:00:00;URB;168;19,31;84,20
1021;21/09/2025 21:00:00;M30;507;26,13;82,90
1022;21/09/2025 21:00:00;URB;155;16,86;90,40
1023;21/09/2025 21:00:00;URB;169;18,74;89,70
1024;21/09/2025 21:00:00;URB;209;28,54;75,80
1025;21/09/2025 21:00:00;M30;488;14,79;83,30
1026;21/09/2025 21:00:00;URB;164;18,98;85,00
1027;21/09/2025 21:00:00;M30;474;28,21;87,00
1028;21/09/2025 21:00:00;URB;137;22,25;87,80
1029;21/09/2025 21:00:00;URB;143;15,27;84,40
1030;21/09/2025 21:00:00;URB;193;21,01;79,00
1001;21/09/2025 22:00:00;M30;362;16,71;82,60
1002;21/09/2025 22:00:00;URB;133;16,74;86,00
1003;21/09/2025 22:00:00;M30;423;21,14;82,50
1004;21/09/2025 22:00:00;M30;373;23,74;87,30
1005;21/09/2025 22:00:00;M30;338;15,15;94,10
1006;21/09/2025 22:00:00;M30;342;16,12;81,10
1007;21/09/2025 22:00:00;M30;336;12,60;91,50
1008;21/09/2025 22:00:00;URB;126;13,86;91,10
1009;21/09/2025 22:00:00;M30;365;15,20;91,00
1010;21/09/2025 22:00:00;URB;126;16,29;88,00
1011;21/09/2025 22:00:00;URB;146;21,67;78,50
1012;21/09/2025 22:00:00;M30;361;22,47;80,70
1013;21/09/2025 22:00:00;URB;126;14,85;93,30
1014;21/09/2025 22:00:00;URB;163;24,34;85,60
1015;21/09/2025 22:00:00;M30;315;9,95;84,50
1016;21/09/2025 22:00:00;URB;122;9,70;88,40
1017;21/09/2025 22:00:00;URB;122;17,26;91,20
1018;21/09/2025 22:00:00;URB;120;12,99;-1,00
1019;21/09/2025 22:00:00;M30;416;21,92;75,80
1020;21/09/2025 22:00:00;URB;128;18,19;89,80
1021;21/09/2025 22:00:00;M30;372;13,32;82,60
1022;21/09/2025 22:00:00;URB;136;19,69;89,20
1023;21/09/2025 22:00:00;URB;125;14,93;92,60
1024;21/09/2025 22:00:00;URB;126;10,89;92,20
1025;21/09/2025 22:00:00;M30;375;15,97;88,00
1026;21/09/2025 22:00:00;URB;121;14,91;-1,00
1027;21/09/2025 22:00:00;M30;356;20,12;81,10
1028;21/09/2025 22:00:00;URB;126;12,62;81,70
1029;21/09/2025 22:00:00;URB;142;22,05;86,20
1030;21/09/2025 22:00:00;URB;151;21,39;81,40
1001;21/09/2025 23:00:00;M30;242;14,42;86,00
1002;21/09/2025 23:00:00;URB;101;13,03;93,10
1003;21/09/2025 23:00:00;M30;303;17,45;77,40
1004;21/09/2025 23:00:00;M30;218;9,22;86,40
1005;21/09/2025 23:00:00;M30;246;8,68;91,90
1006;21/09/2025 23:00:00;M30;310;17,48;87,00
1007;21/09/2025 23:00:00;M30;256;11,11;83,10
1008;21/09/2025 23:00:00;URB;93;9,29;92,00
1009;21/09/2025 23:00:00;M30;272;12,63;90,20
1010;21/09/2025 23:00:00;URB;106;14,82;86,30
1011;21/09/2025 23:00:00;URB;92;14,35;87,30
1012;21/09/2025 23:00:00;M30;260;12,00;84,30
1013;21/09/2025 23:00:00;URB;97;11,51;92,20
1014;21/09/2025 23:00:00;URB;95;11,39;86,00
1015;21/09/2025 23:00:00;M30;239;11,94;93,70
1016;21/09/2025 23:00:00;URB;110;12,93;88,60
1017;21/09/2025 23:00:00;URB;106;16,39;77,50
1018;21/09/2025 23:00:00;URB;79;7,36;92,80
1019;21/09/2025 23:00:00;M30;257;12,48;91,20
1020;21/09/2025 23:00:00;URB;108;16,58;85,30
1021;21/09/2025 23:00:00;M30;276;10,45;93,60
1022;21/09/2025 23:00:00;URB;111;10,51;95,30
1023;21/09/2025 23:00:00;URB;96;16,53;84,40
1024;21/09/2025 23:00:00;URB;104;10,94;89,80
1025;21/09/2025 23:00:00;M30;268;13,71;88,70
1026;21/09/2025 23:00:00;URB;105;15,88;-1,00
1027;21/09/2025 23:00:00;M30;292;13,50;85,50
1028;21/09/2025 23:00:00;URB;114;18,19;83,90
1029;21/09/2025 23:00:00;URB;97;12,83;82,00
1030;21/09/2025 23:00:00;URB;84;14,18;98,60
1001;22/09/2025 00:00:00;M30;362;13,78;91,30
1002;22/09/2025 00:00:00;URB;109;12,43;90,50
1003;22/09/2025 00:00:00;M30;300;15,44;87,90
1004;22/09/2025 00:00:00;M30;298;11,28;91,70
1005;22/09/2025 00:00:00;M30;327;16,05;84,10
1006;22/09/2025 00:00:00;M30;314;15,98;82,90
1007;22/09/2025 00:00:00;M30;337;18,75;89,00
1008;22/09/2025 00:00:00;URB;92;15,03;90,20
1009;22/09/2025 00:00:00;M30;294;12,09;89,90
1010;22/09/2025 00:00:00;URB;92;12,48;93,00
1011;22/09/2025 00:00:00;URB;125;15,54;81,80
1012;22/09/2025 00:00:00;M30;327;10,95;93,10
1013;22/09/2025 00:00:00;URB;109;14,92;85,40
1014;22/09/2025 00:00:00;URB;132;16,08;94,00
1015;22/09/2025 00:00:00;M30;282;12,23;86,00
1016;22/09/2025 00:00:00;URB;112;14,22;85,40
1017;22/09/2025 00:00:00;URB;119;9,48;81,80
1018;22/09/2025 00:00:00;URB;123;17,00;87,20
1019;22/09/2025 00:00:00;M30;325;14,12;84,80
1020;22/09/2025 00:00:00;URB;119;16,29;78,30
1021;22/09/2025 00:00:00;M30;303;8,54;84,20
1022;22/09/2025 00:00:00;URB;109;14,83;87,90
1023;22/09/2025 00:00:00;URB;130;20,01;86,40
1024;22/09/2025 00:00:00;URB;113;15,08;77,80
1025;22/09/2025 00:00:00;M30;333;16,48;89,20
1026;22/09/2025 00:00:00;URB;87;10,00;88,80
1027;22/09/2025 00:00:00;M30;342;20,32;83,40
1028;22/09/2025 00:00:00;URB;111;14,46;86,40
1029;22/09/2025 00:00:00;URB;123;16,21;81,60
1030;22/09/2025 00:00:00;URB;114;14,63;90,50
1001;22/09/2025 01:00:00;M30;323;16,98;84,30
1002;22/09/2025 01:00:00;URB;108;17,77;87,10
1003;22/09/2025 01:00:00;M30;334;10,13;83,10
1004;22/09/2025 01:00:00;M30;298;15,42;85,40
1005;22/09/2025 01:00:00;M30;287;12,27;-1,00
1006;22/09/2025 01:00:00;M30;361;11,60;90,90
1007;22/09/2025 01:00:00;M30;302;12,77;88,50
1008;22/09/2025 01:00:00;URB;107;15,36;-1,00
1009;22/09/2025 01:00:00;M30;284;10,47;88,40
1010;22/09/2025 01:00:00;URB;91;17,03;-1,00
1011;22/09/2025 01:00:00;URB;112;13,32;89,10
1012;22/09/2025 01:00:00;M30;313;16,32;-1,00
1013;22/09/2025 01:00:00;URB;131;14,78;-1,00
1014;22/09/2025 01:00:00;URB;111;12,41;85,20
1015;22/09/2025 01:00:00;M30;303;17,23;-1,00
1016;22/09/2025 01:00:00;URB;109;10,91;88,80
1017;22/09/2025 01:00:00;URB;91;11,19;84,50
1018;22/09/2025 01:00:00;URB;96;11,69;83,00
1019;22/09/2025 01:00:00;M30;281;17,09;93,60
1020;22/09/2025 01:00:00;URB;127;16,80;80,20
1021;22/09/2025 01:00:00;M30;320;15,63;79,50
1022;22/09/2025 01:00:00;URB;102;16,44;-1,00
1023;22/09/2025 01:00:00;URB;113;10,00;88,90
1024;22/09/2025 01:00:00;URB;131;14,48;86,20
1025;22/09/2025 01:00:00;M30;300;15,81;76,70
1026;22/09/2025 01:00:00;URB;115;13,18;89,00
1027;22/09/2025 01:00:00;M30;293;12,86;98,40
1028;22/09/2025 01:00:00;URB;130;18,17;87,20
1029;22/09/2025 01:00:00;URB;125;18,50;91,00
1030;22/09/2025 01:00:00;URB;102;16,07;-1,00
1001;22/09/2025 02:00:00;M30;278;14,63;85,40
1002;22/09/2025 02:00:00;URB;115;15,05;89,10
1003;22/09/2025 02:00:00;M30;321;12,97;96,90
1004;22/09/2025 02:00:00;M30;280;11,75;84,80
1005;22/09/2025 02:00:00;M30;306;9,33;81,10
1006;22/09/2025 02:00:00;M30;323;17,23;86,90
1007;22/09/2025 02:00:00;M30;357;19,76;81,40
1008;22/09/2025 02:00:00;URB;104;10,24;93,30
1009;22/09/2025 02:00:00;M30;345;10,63;80,10
1010;22/09/2025 02:00:00;URB;125;15,95;84,10
1011;22/09/2025 02:00:00;URB;97;18,54;83,70
1012;22/09/2025 02:00:00;M30;282;12,45;-1,00
1013;22/09/2025 02:00:00;URB;114;15,51;90,00
1014;22/09/2025 02:00:00;URB;111;15,88;89,60
1015;22/09/2025 02:00:00;M30;300;17,10;89,60
1016;22/09/2025 02:00:00;URB;118;19,08;89,20
1017;22/09/2025 02:00:00;URB;110;15,14;83,70
1018;22/09/2025 02:00:00;URB;139;19,77;86,20
1019;22/09/2025 02:00:00;M30;343;17,27;88,80
1020;22/09/2025 02:00:00;URB;108;13,24;83,70
1021;22/09/2025 02:00:00;M30;274;10,17;84,80
1022;22/09/2025 02:00:00;URB;110;9,05;89,10
1023;22/09/2025 02:00:00;URB;92;12,66;85,50
1024;22/09/2025 02:00:00;URB;104;13,82;91,20
1025;22/09/2025 02:00:00;M30;337;20,49;89,70
1026;22/09/2025 02:00:00;URB;118;15,46;82,40
1027;22/09/2025 02:00:00;M30;372;18,61;80,00
1028;22/09/2025 02:00:00;URB;109;17,91;87,70
1029;22/09/2025 02:00:00;URB;115;15,47;82,10
1030;22/09/2025 02:00:00;URB;117;17,13;78,70
1001;22/09/2025 03:00:00;M30;342;15,79;87,40
1002;22/09/2025 03:00:00;URB;127;21,70;81,00
1003;22/09/2025 03:00:00;M30;344;21,02;-1,00
1004;22/09/2025 03:00:00;M30;299;14,66;97,20
1005;22/09/2025 03:00:00;M30;338;16,06;-1,00
1006;22/09/2025 03:00:00;M30;364;19,95;84,70
1007;22/09/2025 03:00:00;M30;257;11,51;87,60
1008;22/09/2025 03:00:00;URB;111;15,45;83,90
1009;22/09/2025 03:00:00;M30;326;11,57;87,10
1010;22/09/2025 03:00:00;URB;124;14,32;83,40
1011;22/09/2025 03:00:00;URB;123;18,19;88,80
1012;22/09/2025 03:00:00;M30;328;14,87;93,20
1013;22/09/2025 03:00:00;URB;108;13,31;91,60
1014;22/09/2025 03:00:00;URB;120;12,13;83,10
1015;22/09/2025 03:00:00;M30;354;15,20;90,10
1016;22/09/2025 03:00:00;URB;133;17,07;88,80
1017;22/09/2025 03:00:00;URB;117;15,77;92,40
1018;22/09/2025 03:00:00;URB;124;14,97;-1,00
1019;22/09/2025 03:00:00;M30;364;9,88;92,10
1020;22/09/2025 03:00:00;URB;110;10,32;91,80
1021;22/09/2025 03:00:00;M30;351;16,35;86,20
1022;22/09/2025 03:00:00;URB;113;17,15;90,80
1023;22/09/2025 03:00:00;URB;133;19,74;79,00
1024;22/09/2025 03:00:00;URB;112;20,48;-1,00
1025;22/09/2025 03:00:00;M30;315;11,72;86,50
1026;22/09/2025 03:00:00;URB;118;15,83;89,70
1027;22/09/2025 03:00:00;M30;398;17,43;81,00
1028;22/09/2025 03:00:00;URB;109;17,17;89,40
1029;22/09/2025 03:00:00;URB;123;14,51;86,00
1030;22/09/2025 03:00:00;URB;111;17,97;80,80
1001;22/09/2025 04:00:00;M30;369;18,30;86,30
1002;22/09/2025 04:00:00;URB;119;16,29;-1,00
1003;22/09/2025 04:00:00;M30;411;24,44;81,70
1004;22/09/2025 04:00:00;M30;304;15,77;89,40
1005;22/09/2025 04:00:00;M30;334;15,24;94,30
1006;22/09/2025 04:00:00;M30;379;16,81;86,00
1007;22/09/2025 04:00:00;M30;350;16,93;87,50
1008;22/09/2025 04:00:00;URB;128;22,64;85,50
1009;22/09/2025 04:00:00;M30;371;15,79;87,60
1010;22/09/2025 04:00:00;URB;149;21,98;86,80
1011;22/09/2025 04:00:00;URB;102;12,22;-1,00
1012;22/09/2025 04:00:00;M30;328;12,60;85,30
1013;22/09/2025 04:00:00;URB;125;16,98;-1,00
1014;22/09/2025 04:00:00;URB;160;17,87;90,10
1015;22/09/2025 04:00:00;M30;382;16,99;90,40
1016;22/09/2025 04:00:00;URB;108;14,29;88,60
1017;22/09/2025 04:00:00;URB;146;17,59;85,40
1018;22/09/2025 04:00:00;URB;140;19,03;93,60
1019;22/09/2025 04:00:00;M30;310;14,93;84,70
1020;22/09/2025 04:00:00;URB;130;21,96;-1,00
1021;22/09/2025 04:00:00;M30;410;22,61;-1,00
1022;22/09/2025 04:00:00;URB;124;14,88;78,30
1023;22/09/2025 04:00:00;URB;133;15,22;85,80
1024;22/09/2025 04:00:00;URB;128;14,87;82,70
1024;22/09/2025 04:00:00;URB;128;14,87;82,70
1025;22/09/2025 04:00:00;M30;341;15,66;82,20
1026;22/09/2025 04:00:00;URB;125;15,14;86,50
1027;22/09/2025 04:00:00;M30;368;16,21;86,30
1028;22/09/2025 04:00:00;URB;147;18,45;89,20
1029;22/09/2025 04:00:00;URB;127;11,68;96,00
1030;22/09/2025 04:00:00;URB;121;16,91;-1,00
1001;22/09/2025 05:00:00;M30;424;19,34;84,10
1002;22/09/2025 05:00:00;URB;146;16,07;89,20
1003;22/09/2025 05:00:00;M30;450;16,22;79,70
1004;22/09/2025 05:00:00;M30;386;15,26;82,30
1005;22/09/2025 05:00:00;M30;443;20,11;87,20
1006;22/09/2025 05:00:00;M30;415;19,76;82,70
1007;22/09/2025 05:00:00;M30;476;23,80;-1,00
1008;22/09/2025 05:00:00;URB;171;29,26;80,40
1009;22/09/2025 05:00:00;M30;488;27,90;76,30
1010;22/09/2025 05:00:00;URB;164;23,72;81,70
1011;22/09/2025 05:00:00;URB;127;13,69;92,70
1012;22/09/2025 05:00:00;M30;449;22,38;78,20
1013;22/09/2025 05:00:00;URB;142;17,53;81,90
1014;22/09/2025 05:00:00;URB;121;10,95;91,70
1015;22/09/2025 05:00:00;M30;503;23,89;81,20
1016;22/09/2025 05:00:00;URB;121;15,59;84,60
1017;22/09/2025 05:00:00;URB;120;14,99;81,90
1018;22/09/2025 05:00:00;URB;144;19,81;85,50
1019;22/09/2025 05:00:00;M30;414;18,94;86,40
1020;22/09/2025 05:00:00;URB;125;10,29;86,90
1021;22/09/2025 05:00:00;M30;449;21,59;87,00
1022;22/09/2025 05:00:00;URB;167;14,28;80,20
1023;22/09/2025 05:00:00;URB;155;19,04;80,90
1024;22/09/2025 05:00:00;URB;168;20,75;85,30
1025;22/09/2025 05:00:00;M30;488;23,41;73,00
1026;22/09/2025 05:00:00;URB;195;24,61;83,40
1027;22/09/2025 05:00:00;M30;550;22,68;83,30
1028;22/09/2025 05:00:00;URB;183;29,55;77,50
1029;22/09/2025 05:00:00;URB;187;19,26;78,00
1030;22/09/2025 05:00:00;URB;161;16,40;77,60
1001;22/09/2025 06:00:00;M30;493;23,77;82,60
1002;22/09/2025 06:00:00;URB;195;37,59;72,40
1003;22/09/2025 06:00:00;M30;683;27,71;74,10
1004;22/09/2025 06:00:00;M30;557;22,91;83,00
1005;22/09/2025 06:00:00;M30;624;31,57;-1,00
1006;22/09/2025 06:00:00;M30;604;22,12;77,20
1007;22/09/2025 06:00:00;M30;465;17,20;82,10
1008;22/09/2025 06:00:00;URB;227;29,29;-1,00
1009;22/09/2025 06:00:00;M30;573;26,87;80,00
1010;22/09/2025 06:00:00;URB;227;17,04;84,00
1011;22/09/2025 06:00:00;URB;227;31,69;81,40
1012;22/09/2025 06:00:00;M30;530;23,77;76,60
1013;22/09/2025 06:00:00;URB;229;24,11;85,30
1014;22/09/2025 06:00:00;URB;214;28,44;80,40
1015;22/09/2025 06:00:00;M30;617;34,47;79,50
1016;22/09/2025 06:00:00;URB;220;20,96;87,90
1017;22/09/2025 06:00:00;URB;190;22,30;-1,00
1018;22/09/2025 06:00:00;URB;186;21,57;86,50
1019;22/09/2025 06:00:00;M30;608;20,86;88,90
1020;22/09/2025 06:00:00;URB;173;20,23;85,40
1021;22/09/2025 06:00:00;M30;557;32,96;70,80
1022;22/09/2025 06:00:00;URB;221;27,97;81,30
1023;22/09/2025 06:00:00;URB;184;23,95;70,60
1024;22/09/2025 06:00:00;URB;206;32,02;75,20
1025;22/09/2025 06:00:00;M30;617;30,06;79,90
1026;22/09/2025 06:00:00;URB;221;23,92;80,70
1027;22/09/2025 06:00:00;M30;623;25,77;-1,00
1028;22/09/2025 06:00:00;URB;208;33,77;75,90
1029;22/09/2025 06:00:00;URB;200;24,43;80,80
1030;22/09/2025 06:00:00;URB;226;34,97;79,80
1001;22/09/2025 07:00:00;M30;622;32,56;74,80
1002;22/09/2025 07:00:00;URB;299;36,73;68,80
1003;22/09/2025 07:00:00;M30;639;25,17;82,50
1004;22/09/2025 07:00:00;M30;674;36,64;72,60
1005;22/09/2025 07:00:00;M30;717;34,32;74,90
1006;22/09/2025 07:00:00;M30;815;39,11;77,80
1007;22/09/2025 07:00:00;M30;839;46,99;67,60
1008;22/09/2025 07:00:00;URB;250;28,08;79,60
1009;22/09/2025 07:00:00;M30;641;25,97;74,50
1010;22/09/2025 07:00:00;URB;233;35,75;-1,00
1011;22/09/2025 07:00:00;URB;269;36,94;80,10
1012;22/09/2025 07:00:00;M30;800;32,50;82,60
1013;22/09/2025 07:00:00;URB;269;36,30;71,20
1014;22/09/2025 07:00:00;URB;263;33,91;77,10
1015;22/09/2025 07:00:00;M30;825;46,80;62,40
1016;22/09/2025 07:00:00;URB;258;30,21;80,10
1017;22/09/2025 07:00:00;URB;266;27,76;77,30
1018;22/09/2025 07:00:00;URB;215;25,99;78,30
1019;22/09/2025 07:00:00;M30;668;30,33;81,10
1020;22/09/2025 07:00:00;URB;287;41,35;73,00
1021;22/09/2025 07:00:00;M30;691;30,07;-1,00
1022;22/09/2025 07:00:00;URB;271;43,20;72,00
1023;22/09/2025 07:00:00;URB;238;25,48;-1,00
1024;22/09/2025 07:00:00;URB;259;35,31;84,90
1025;22/09/2025 07:00:00;M30;764;31,16;69,80
1026;22/09/2025 07:00:00;URB;234;30,30;78,90
1027;22/09/2025 07:00:00;M30;653;12,65;87,30
1028;22/09/2025 07:00:00;URB;297;45,02;69,50
1029;22/09/2025 07:00:00;URB;263;37,24;74,20
1030;22/09/2025 07:00:00;URB;256;28,01;81,10
1001;22/09/2025 08:00:00;M30;826;34,07;78,50
1002;22/09/2025 08:00:00;URB;321;27,43;81,80
1003;22/09/2025 08:00:00;M30;911;43,25;-1,00
1004;22/09/2025 08:00:00;M30;784;41,44;74,10
1005;22/09/2025 08:00:00;M30;822;32,55;77,40
1006;22/09/2025 08:00:00;M30;879;39,98;69,50
1007;22/09/2025 08:00:00;M30;778;45,51;68,30
1008;22/09/2025 08:00:00;URB;274;28,63;80,60
1009;22/09/2025 08:00:00;M30;1.030;27,49;87,10
1010;22/09/2025 08:00:00;URB;298;29,41;80,30
1011;22/09/2025 08:00:00;URB;340;25,96;81,90
1012;22/09/2025 08:00:00;M30;819;29,66;77,70
1013;22/09/2025 08:00:00;URB;284;39,55;70,60
1014;22/09/2025 08:00:00;URB;382;44,92;-1,00
1015;22/09/2025 08:00:00;M30;835;28,67;78,00
1016;22/09/2025 08:00:00;URB;340;46,77;66,30
1017;22/09/2025 08:00:00;URB;302;37,19;81,70
1018;22/09/2025 08:00:00;URB;326;29,46;79,70
1019;22/09/2025 08:00:00;M30;963;26,42;79,90
1020;22/09/2025 08:00:00;URB;335;38,53;75,20
1021;22/09/2025 08:00:00;M30;934;49,65;72,40
1022;22/09/2025 08:00:00;URB;231;33,49;76,70
1023;22/09/2025 08:00:00;URB;319;40,36;71,30
1024;22/09/2025 08:00:00;URB;292;34,47;-1,00
1025;22/09/2025 08:00:00;M30;742;39,55;77,00
1026;22/09/2025 08:00:00;URB;306;35,99;84,20
1027;22/09/2025 08:00:00;M30;917;26,31;78,40
1028;22/09/2025 08:00:00;URB;284;38,09;75,20
1029;22/09/2025 08:00:00;URB;326;47,97;65,10
1030;22/09/2025 08:00:00;URB;306;46,22;-1,00
1001;22/09/2025 09:00:00;M30;828;28,08;80,20
1002;22/09/2025 09:00:00;URB;324;22,25;78,60
1003;22/09/2025 09:00:00;M30;1.010;44,75;60,50
1004;22/09/2025 09:00:00;M30;792;51,18;71,60
1005;22/09/2025 09:00:00;M30;984;60,81;60,80
1006;22/09/2025 09:00:00;M30;631;30,58;80,40
1007;22/09/2025 09:00:00;M30;1.080;50,56;60,90
1008;22/09/2025 09:00:00;URB;321;38,19;72,00
1009;22/09/2025 09:00:00;M30;1.036;51,84;65,30
1010;22/09/2025 09:00:00;URB;310;31,35;73,50
1011;22/09/2025 09:00:00;URB;345;48,55;61,50
1012;22/09/2025 09:00:00;M30;727;38,33;74,40
1013;22/09/2025 09:00:00;URB;313;47,80;67,30
1014;22/09/2025 09:00:00;URB;269;44,27;74,40
1015;22/09/2025 09:00:00;M30;835;33,42;73,80
1016;22/09/2025 09:00:00;URB;266;41,42;72,00
1017;22/09/2025 09:00:00;URB;324;38,70;80,40
1018;22/09/2025 09:00:00;URB;333;38,25;78,00
1019;22/09/2025 09:00:00;M30;938;37,77;76,80
1020;22/09/2025 09:00:00;URB;330;48,97;68,70
1021;22/09/2025 09:00:00;M30;901;37,63;69,60
1021;22/09/2025 09:00:00;M30;901;37,63;69,60
1022;22/09/2025 09:00:00;URB;282;35,05;81,80
1023;22/09/2025 09:00:00;URB;316;47,08;77,80
1024;22/09/2025 09:00:00;URB;270;37,54;77,80
1025;22/09/2025 09:00:00;M30;1.037;36,37;68,40
1026;22/09/2025 09:00:00;URB;288;39,18;70,80
1027;22/09/2025 09:00:00;M30;986;44,08;73,50
1028;22/09/2025 09:00:00;URB;325;51,09;69,70
1029;22/09/2025 09:00:00;URB;356;37,49;-1,00
1030;22/09/2025 09:00:00;URB;341;45,46;67,70
1001;22/09/2025 10:00:00;M30;778;34,27;75,50
1002;22/09/2025 10:00:00;URB;323;52,50;68,10
1003;22/09/2025 10:00:00;M30;752;36,88;75,80
1004;22/09/2025 10:00:00;M30;732;35,55;77,40
1005;22/09/2025 10:00:00;M30;700;32,80;70,10
1006;22/09/2025 10:00:00;M30;696;24,72;82,30
1007;22/09/2025 10:00:00;M30;767;42,92;68,00
1008;22/09/2025 10:00:00;URB;295;45,86;70,40
1009;22/09/2025 10:00:00;M30;747;28,28;75,50
1010;22/09/2025 10:00:00;URB;229;25,26;91,60
1011;22/09/2025 10:00:00;URB;290;51,40;62,80
1012;22/09/2025 10:00:00;M30;833;43,61;-1,00
1013;22/09/2025 10:00:00;URB;256;30,48;72,70
1014;22/09/2025 10:00:00;URB;290;28,25;78,10
1015;22/09/2025 10:00:00;M30;702;35,01;75,00
1016;22/09/2025 10:00:00;URB;314;36,77;-1,00
1017;22/09/2025 10:00:00;URB;265;32,22;72,50
1018;22/09/2025 10:00:00;URB;274;36,67;73,90
1019;22/09/2025 10:00:00;M30;669;31,44;82,00
1020;22/09/2025 10:00:00;URB;246;30,90;80,10
1021;22/09/2025 10:00:00;M30;684;36,74;-1,00
1022;22/09/2025 10:00:00;URB;312;34,30;74,40
1023;22/09/2025 10:00:00;URB;294;41,57;66,90
1024;22/09/2025 10:00:00;URB;284;34,11;-1,00
1025;22/09/2025 10:00:00;M30;591;28,25;81,50
1026;22/09/2025 10:00:00;URB;278;31,81;75,10
1027;22/09/2025 10:00:00;M30;824;36,14;75,50
1028;22/09/2025 10:00:00;URB;273;25,90;83,60
1029;22/09/2025 10:00:00;URB;302;39,99;73,90
1030;22/09/2025 10:00:00;URB;259;40,95;-1,00
1001;22/09/2025 11:00:00;M30;598;40,25;74,90
1002;22/09/2025 11:00:00;URB;222;23,44;82,80
1003;22/09/2025 11:00:00;M30;637;40,24;76,10
1004;22/09/2025 11:00:00;M30;533;25,15;74,30
1005;22/09/2025 11:00:00;M30;594;31,93;-1,00
1006;22/09/2025 11:00:00;M30;533;18,24;82,10
1007;22/09/2025 11:00:00;M30;618;30,24;78,80
1008;22/09/2025 11:00:00;URB;171;23,77;-1,00
1009;22/09/2025 11:00:00;M30;592;27,12;83,50
1010;22/09/2025 11:00:00;URB;215;26,40;81,00
1011;22/09/2025 11:00:00;URB;229;24,38;83,30
1012;22/09/2025 11:00:00;M30;675;35,46;73,50
1013;22/09/2025 11:00:00;URB;190;31,43;80,90
1014;22/09/2025 11:00:00;URB;186;25,82;82,70
1015;22/09/2025 11:00:00;M30;585;23,00;90,70
1016;22/09/2025 11:00:00;URB;207;32,00;82,00
1017;22/09/2025 11:00:00;URB;235;28,46;-1,00
1018;22/09/2025 11:00:00;URB;185;24,90;90,00
1019;22/09/2025 11:00:00;M30;542;21,08;87,20
1020;22/09/2025 11:00:00;URB;200;21,90;87,70
1021;22/09/2025 11:00:00;M30;699;41,11;68,70
1022;22/09/2025 11:00:00;URB;202;25,39;83,50
1023;22/09/2025 11:00:00;URB;257;40,43;75,10
1024;22/09/2025 11:00:00;URB;200;27,70;83,50
1025;22/09/2025 11:00:00;M30;637;22,30;87,40
1026;22/09/2025 11:00:00;URB;198;30,59;70,00
1027;22/09/2025 11:00:00;M30;607;27,90;79,10
1028;22/09/2025 11:00:00;URB;241;33,22;76,80
1029;22/09/2025 11:00:00;URB;218;26,58;79,60
1030;22/09/2025 11:00:00;URB;195;26,61;78,40
1001;22/09/2025 12:00:00;M30;524;22,69;82,70
1002;22/09/2025 12:00:00;URB;158;21,18;87,50
1003;22/09/2025 12:00:00;M30;402;21,93;86,50
1004;22/09/2025 12:00:00;M30;366;17,12;80,00
1005;22/09/2025 12:00:00;M30;440;23,54;78,20
1006;22/09/2025 12:00:00;M30;411;17,72;87,20
1007;22/09/2025 12:00:00;M30;428;14,06;91,00
1008;22/09/2025 12:00:00;URB;192;23,63;81,10
1009;22/09/2025 12:00:00;M30;370;19,21;84,20
1010;22/09/2025 12:00:00;URB;188;25,13;78,60
1011;22/09/2025 12:00:00;URB;181;24,04;83,80
1012;22/09/2025 12:00:00;M30;443;21,28;90,30
1013;22/09/2025 12:00:00;URB;155;16,36;86,50
1014;22/09/2025 12:00:00;URB;184;29,56;76,20
1015;22/09/2025 12:00:00;M30;519;18,67;87,50
1016;22/09/2025 12:00:00;URB;132;20,34;-1,00
1017;22/09/2025 12:00:00;URB;177;26,72;76,70
1018;22/09/2025 12:00:00;URB;135;19,69;84,20
1019;22/09/2025 12:00:00;M30;502;20,28;80,90
1020;22/09/2025 12:00:00;URB;171;32,61;78,20
1021;22/09/2025 12:00:00;M30;426;17,77;85,40
1022;22/09/2025 12:00:00;URB;131;14,07;82,00
1023;22/09/2025 12:00:00;URB;166;17,90;83,20
1024;22/09/2025 12:00:00;URB;161;15,16;88,60
1025;22/09/2025 12:00:00;M30;525;16,37;90,90
1026;22/09/2025 12:00:00;URB;163;19,36;88,70
1027;22/09/2025 12:00:00;M30;430;20,70;92,40
1028;22/09/2025 12:00:00;URB;167;18,60;-1,00
1029;22/09/2025 12:00:00;URB;144;17,84;87,00
1030;22/09/2025 12:00:00;URB;177;18,58;79,60
1001;22/09/2025 13:00:00;M30;423;16,83;-1,00
1002;22/09/2025 13:00:00;URB;118;12,63;88,70
1003;22/09/2025 13:00:00;M30;414;18,96;82,10
1004;22/09/2025 13:00:00;M30;335;15,28;90,90
1005;22/09/2025 13:00:00;M30;416;20,55;80,70
1006;22/09/2025 13:00:00;M30;417;10,47;95,00
1007;22/09/2025 13:00:00;M30;376;15,97;82,50
1008;22/09/2025 13:00:00;URB;129;15,16;-1,00
1009;22/09/2025 13:00:00;M30;361;19,79;86,10
1010;22/09/2025 13:00:00;URB;143;19,23;85,90
1011;22/09/2025 13:00:00;URB;142;16,56;86,10
1012;22/09/2025 13:00:00;M30;432;18,98;77,60
1013;22/09/2025 13:00:00;URB;141;19,92;83,50
1014;22/09/2025 13:00:00;URB;150;27,35;83,90
1015;22/09/2025 13:00:00;M30;367;14,77;91,70
1016;22/09/2025 13:00:00;URB;117;13,83;93,60
1017;22/09/2025 13:00:00;URB;132;19,22;87,00
1018;22/09/2025 13:00:00;URB;146;22,07;83,80
1019;22/09/2025 13:00:00;M30;377;21,69;87,60
1020;22/09/2025 13:00:00;URB;123;20,64;76,80
1021;22/09/2025 13:00:00;M30;417;13,95;85,40
1022;22/09/2025 13:00:00;URB;153;20,22;83,60
1023;22/09/2025 13:00:00;URB;128;20,56;-1,00
1024;22/09/2025 13:00:00;URB;142;18,93;79,50
1025;22/09/2025 13:00:00;M30;401;21,71;81,10
1026;22/09/2025 13:00:00;URB;147;18,24;83,30
1027;22/09/2025 13:00:00;M30;376;12,45;-1,00
1028;22/09/2025 13:00:00;URB;118;17,12;85,10
1029;22/09/2025 13:00:00;URB;133;14,87;90,60
1030;22/09/2025 13:00:00;URB;105;13,94;-1,00
1001;22/09/2025 14:00:00;M30;284;11,46;88,80
1002;22/09/2025 14:00:00;URB;123;15,34;93,50
1003;22/09/2025 14:00:00;M30;454;24,53;75,90
1004;22/09/2025 14:00:00;M30;409;21,14;88,30
1005;22/09/2025 14:00:00;M30;404;17,94;88,40
1006;22/09/2025 14:00:00;M30;395;19,70;90,60
1007;22/09/2025 14:00:00;M30;408;19,14;83,10
1008;22/09/2025 14:00:00;URB;126;15,82;-1,00
1009;22/09/2025 14:00:00;M30;418;18,65;80,90
1010;22/09/2025 14:00:00;URB;133;22,03;83,10
1011;22/09/2025 14:00:00;URB;113;14,75;81,70
1012;22/09/2025 14:00:00;M30;403;24,99;80,60
1013;22/09/2025 14:00:00;URB;140;18,81;83,40
1014;22/09/2025 14:00:00;URB;122;16,79;84,30
1015;22/09/2025 14:00:00;M30;379;23,76;77,30
1016;22/09/2025 14:00:00;URB;145;16,38;85,20
1017;22/09/2025 14:00:00;URB;126;13,81;92,70
1018;22/09/2025 14:00:00;URB;120;15,68;90,30
1019;22/09/2025 14:00:00;M30;401;20,81;83,90
1020;22/09/2025 14:00:00;URB;139;19,88;88,80
1021;22/09/2025 14:00:00;M30;416;18,94;87,50
1022;22/09/2025 14:00:00;URB;109;7,46;88,90
1023;22/09/2025 14:00:00;URB;153;17,33;83,90
1024;22/09/2025 14:00:00;URB;146;17,97;78,00
1025;22/09/2025 14:00:00;M30;341;16,28;81,10
1026;22/09/2025 14:00:00;URB;146;16,37;81,50
1027;22/09/2025 14:00:00;M30;370;19,01;-1,00
1028;22/09/2025 14:00:00;URB;144;23,83;82,50
1029;22/09/2025 14:00:00;URB;157;24,34;76,00
1030;22/09/2025 14:00:00;URB;152;22,32;82,40
1001;22/09/2025 15:00:00;M30;505;23,84;81,30
1002;22/09/2025 15:00:00;URB;155;19,17;83,80
1003;22/09/2025 15:00:00;M30;439;21,61;-1,00
1004;22/09/2025 15:00:00;M30;391;18,56;84,10
1005;22/09/2025 15:00:00;M30;428;19,03;75,90
1006;22/09/2025 15:00:00;M30;551;23,97;84,00
1007;22/09/2025 15:00:00;M30;500;23,05;86,40
1008;22/09/2025 15:00:00;URB;151;19,79;82,30
1009;22/09/2025 15:00:00;M30;418;14,24;80,50
1010;22/09/2025 15:00:00;URB;163;13,66;88,20
1011;22/09/2025 15:00:00;URB;165;14,54;91,80
1012;22/09/2025 15:00:00;M30;435;18,98;89,50
1013;22/09/2025 15:00:00;URB;166;23,74;80,80
1014;22/09/2025 15:00:00;URB;156;20,13;86,40
1015;22/09/2025 15:00:00;M30;429;19,72;78,20
1016;22/09/2025 15:00:00;URB;155;21,57;82,10
1017;22/09/2025 15:00:00;URB;137;20,47;85,50
1018;22/09/2025 15:00:00;URB;155;15,25;82,70
1019;22/09/2025 15:00:00;M30;369;16,62;87,20
1020;22/09/2025 15:00:00;URB;168;14,28;87,30
1021;22/09/2025 15:00:00;M30;455;16,28;86,30
1022;22/09/2025 15:00:00;URB;163;18,47;88,20
1023;22/09/2025 15:00:00;URB;151;17,10;92,50
1024;22/09/2025 15:00:00;URB;150;14,82;82,30
1025;22/09/2025 15:00:00;M30;468;27,20;77,50
1026;22/09/2025 15:00:00;URB;171;22,34;82,90
1027;22/09/2025 15:00:00;M30;504;24,62;76,20
1028;22/09/2025 15:00:00;URB;158;19,47;84,10
1029;22/09/2025 15:00:00;URB;161;19,38;84,20
1030;22/09/2025 15:00:00;URB;172;23,15;83,30
1001;22/09/2025 16:00:00;M30;680;38,10;74,10
1002;22/09/2025 16:00:00;URB;213;26,37;72,80
1003;22/09/2025 16:00:00;M30;631;28,12;73,20
1004;22/09/2025 16:00:00;M30;516;20,61;87,20
1005;22/09/2025 16:00:00;M30;645;27,23;84,90
1006;22/09/2025 16:00:00;M30;633;33,95;78,90
1007;22/09/2025 16:00:00;M30;520;21,71;90,80
1008;22/09/2025 16:00:00;URB;199;23,34;81,90
1009;22/09/2025 16:00:00;M30;604;18,69;82,00
1010;22/09/2025 16:00:00;URB;201;24,78;81,70
1011;22/09/2025 16:00:00;URB;229;27,16;76,90
1012;22/09/2025 16:00:00;M30;638;33,07;-1,00
1013;22/09/2025 16:00:00;URB;197;20,81;78,70
1014;22/09/2025 16:00:00;URB;227;28,74;86,20
1014;22/09/2025 16:00:00;URB;227;28,74;86,20
1015;22/09/2025 16:00:00;M30;572;19,12;93,90
1016;22/09/2025 16:00:00;URB;198;29,27;72,20
1017;22/09/2025 16:00:00;URB;205;26,87;-1,00
1018;22/09/2025 16:00:00;URB;225;36,93;72,00
1019;22/09/2025 16:00:00;M30;658;23,26;88,10
1020;22/09/2025 16:00:00;URB;239;31,53;76,60
1021;22/09/2025 16:00:00;M30;556;25,02;77,90
1022;22/09/2025 16:00:00;URB;195;26,48;86,10
1023;22/09/2025 16:00:00;URB;234;26,46;78,50
1024;22/09/2025 16:00:00;URB;243;36,27;77,00
1025;22/09/2025 16:00:00;M30;571;29,47;86,80
1026;22/09/2025 16:00:00;URB;203;27,81;75,60
1027;22/09/2025 16:00:00;M30;673;34,41;78,20
1028;22/09/2025 16:00:00;URB;230;29,29;79,80
1029;22/09/2025 16:00:00;URB;189;16,64;83,80
1030;22/09/2025 16:00:00;URB;218;22,94;88,80
1001;22/09/2025 17:00:00;M30;683;21,44;86,60
1002;22/09/2025 17:00:00;URB;283;28,10;77,50
1003;22/09/2025 17:00:00;M30;826;30,79;78,90
1004;22/09/2025 17:00:00;M30;1.012;51,86;61,40
1005;22/09/2025 17:00:00;M30;835;34,28;70,90
1006;22/09/2025 17:00:00;M30;870;29,74;78,90
1007;22/09/2025 17:00:00;M30;625;38,69;81,50
1008;22/09/2025 17:00:00;URB;305;51,97;65,60
1009;22/09/2025 17:00:00;M30;832;32,47;73,40
1010;22/09/2025 17:00:00;URB;236;24,69;-1,00
1011;22/09/2025 17:00:00;URB;259;37,15;72,10
1012;22/09/2025 17:00:00;M30;814;33,46;75,00
1013;22/09/2025 17:00:00;URB;278;44,14;70,90
1014;22/09/2025 17:00:00;URB;319;46,06;62,70
1015;22/09/2025 17:00:00;M30;821;35,02;73,40
1016;22/09/2025 17:00:00;URB;284;40,40;77,60
1017;22/09/2025 17:00:00;URB;243;31,08;-1,00
1018;22/09/2025 17:00:00;URB;272;29,91;75,90
1019;22/09/2025 17:00:00;M30;877;39,75;80,30
1020;22/09/2025 17:00:00;URB;305;34,10;-1,00
1021;22/09/2025 17:00:00;M30;705;26,17;77,70
1022;22/09/2025 17:00:00;URB;334;43,56;72,30
1023;22/09/2025 17:00:00;URB;247;33,25;79,20
1024;22/09/2025 17:00:00;URB;225;28,30;84,50
1025;22/09/2025 17:00:00;M30;885;38,38;81,10
1026;22/09/2025 17:00:00;URB;269;33,35;80,10
1027;22/09/2025 17:00:00;M30;760;51,32;66,80
1028;22/09/2025 17:00:00;URB;295;44,53;67,80
1029;22/09/2025 17:00:00;URB;299;52,27;64,40
1030;22/09/2025 17:00:00;URB;275;45,15;71,60
1001;22/09/2025 18:00:00;M30;951;55,92;66,40
1002;22/09/2025 18:00:00;URB;387;56,62;64,80
1003;22/09/2025 18:00:00;M30;1.095;39,15;79,70
1004;22/09/2025 18:00:00;M30;957;44,03;68,40
1005;22/09/2025 18:00:00;M30;909;49,77;64,40
1006;22/09/2025 18:00:00;M30;1.028;50,89;74,40
1007;22/09/2025 18:00:00;M30;953;39,60;69,00
1008;22/09/2025 18:00:00;URB;334;47,69;68,00
1009;22/09/2025 18:00:00;M30;783;31,89;79,10
1010;22/09/2025 18:00:00;URB;406;56,51;60,80
1011;22/09/2025 18:00:00;URB;290;34,99;75,90
1012;22/09/2025 18:00:00;M30;998;50,73;62,20
1013;22/09/2025 18:00:00;URB;323;38,16;74,10
1014;22/09/2025 18:00:00;URB;310;65,82;60,70
1015;22/09/2025 18:00:00;M30;1.145;41,71;73,80
1016;22/09/2025 18:00:00;URB;397;77,16;47,80
1017;22/09/2025 18:00:00;URB;346;50,15;67,90
1018;22/09/2025 18:00:00;URB;392;64,93;48,80
1019;22/09/2025 18:00:00;M30;944;36,55;68,70
1020;22/09/2025 18:00:00;URB;375;49,18;-1,00
1021;22/09/2025 18:00:00;M30;999;55,55;62,30
1022;22/09/2025 18:00:00;URB;381;60,17;71,10
1023;22/09/2025 18:00:00;URB;360;44,76;70,80
1024;22/09/2025 18:00:00;URB;366;49,26;71,80
1025;22/09/2025 18:00:00;M30;955;42,39;79,10
1026;22/09/2025 18:00:00;URB;367;50,81;65,40
1027;22/09/2025 18:00:00;M30;1.169;74,81;54,20
1028;22/09/2025 18:00:00;URB;334;38,07;71,90
1029;22/09/2025 18:00:00;URB;365;57,74;62,00
1030;22/09/2025 18:00:00;URB;300;35,47;75,40
1001;22/09/2025 19:00:00;M30;1.150;38,37;69,90
1002;22/09/2025 19:00:00;URB;363;51,17;-1,00
1003;22/09/2025 19:00:00;M30;1.306;65,57;61,40
1004;22/09/2025 19:00:00;M30;844;42,24;61,80
1005;22/09/2025 19:00:00;M30;1.142;63,96;62,00
1006;22/09/2025 19:00:00;M30;1.040;52,32;63,90
1007;22/09/2025 19:00:00;M30;1.014;60,61;60,20
1008;22/09/2025 19:00:00;URB;388;47,83;67,40
1009;22/09/2025 19:00:00;M30;1.064;49,73;65,60
1010;22/09/2025 19:00:00;URB;297;20,67;89,60
1011;22/09/2025 19:00:00;URB;386;32,99;80,70
1012;22/09/2025 19:00:00;M30;1.065;50,33;67,10
1013;22/09/2025 19:00:00;URB;396;45,16;74,00
1014;22/09/2025 19:00:00;URB;324;45,50;70,90
1015;22/09/2025 19:00:00;M30;947;28,71;79,50
1016;22/09/2025 19:00:00;URB;388;40,98;71,30
1017;22/09/2025 19:00:00;URB;364;58,43;74,10
1018;22/09/2025 19:00:00;URB;356;40,37;71,60
1019;22/09/2025 19:00:00;M30;941;36,28;73,50
1020;22/09/2025 19:00:00;URB;359;45,14;-1,00
1021;22/09/2025 19:00:00;M30;853;42,45;69,20
1022;22/09/2025 19:00:00;URB;347;36,76;73,30
1023;22/09/2025 19:00:00;URB;313;32,62;75,70
1024;22/09/2025 19:00:00;URB;314;29,46;84,50
1025;22/09/2025 19:00:00;M30;1.113;52,11;67,40
1026;22/09/2025 19:00:00;URB;383;42,66;75,40
1027;22/09/2025 19:00:00;M30;1.143;40,84;75,40
1028;22/09/2025 19:00:00;URB;397;35,84;73,70
1029;22/09/2025 19:00:00;URB;398;61,19;63,70
1029;22/09/2025 19:00:00;URB;398;61,19;63,70
1030;22/09/2025 19:00:00;URB;364;36,36;75,70
1001;22/09/2025 20:00:00;M30;852;61,07;68,40
1002;22/09/2025 20:00:00;URB;385;58,11;-1,00
1003;22/09/2025 20:00:00;M30;985;29,07;80,90
1004;22/09/2025 20:00:00;M30;819;40,43;72,60
1005;22/09/2025 20:00:00;M30;1.036;54,57;65,20
1006;22/09/2025 20:00:00;M30;916;47,78;68,10
1007;22/09/2025 20:00:00;M30;940;36,08;-1,00
1008;22/09/2025 20:00:00;URB;360;49,09;63,70
1009;22/09/2025 20:00:00;M30;901;45,02;64,50
1010;22/09/2025 20:00:00;URB;371;53,43;64,00
1011;22/09/2025 20:00:00;URB;395;57,11;-1,00
1012;22/09/2025 20:00:00;M30;927;45,85;66,00
1013;22/09/2025 20:00:00;URB;369;43,44;69,80
1014;22/09/2025 20:00:00;URB;342;42,76;72,80
1015;22/09/2025 20:00:00;M30;1.017;52,27;71,80
1016;22/09/2025 20:00:00;URB;307;42,55;61,80
1017;22/09/2025 20:00:00;URB;354;36,56;-1,00
1018;22/09/2025 20:00:00;URB;385;48,89;62,30
1019;22/09/2025 20:00:00;M30;841;38,08;-1,00
1020;22/09/2025 20:00:00;URB;293;40,47;71,50
1021;22/09/2025 20:00:00;M30;933;27,09;80,40
1022;22/09/2025 20:00:00;URB;345;48,70;70,50
1023;22/09/2025 20:00:00;URB;346;53,06;67,50
1024;22/09/2025 20:00:00;URB;344;40,39;67,10
1025;22/09/2025 20:00:00;M30;921;51,89;61,00
1026;22/09/2025 20:00:00;URB;342;43,99;69,50
1027;22/09/2025 20:00:00;M30;1.030;49,22;64,40
1028;22/09/2025 20:00:00;URB;340;39,45;73,70
1029;22/09/2025 20:00:00;URB;298;36,74;77,40
1030;22/09/2025 20:00:00;URB;339;35,69;74,40
1001;22/09/2025 21:00:00;M30;831;39,71;66,90
1002;22/09/2025 21:00:00;URB;269;46,23;66,90
1003;22/09/2025 21:00:00;M30;709;32,55;73,90
1004;22/09/2025 21:00:00;M30;865;54,57;61,40
1005;22/09/2025 21:00:00;M30;761;33,50;74,10
1006;22/09/2025 21:00:00;M30;845;38,32;80,70
1007;22/09/2025 21:00:00;M30;793;39,12;74,50
1008;22/09/2025 21:00:00;URB;245;34,36;70,10
1009;22/09/2025 21:00:00;M30;694;35,95;70,10
1010;22/09/2025 21:00:00;URB;316;42,76;72,10
1011;22/09/2025 21:00:00;URB;280;38,42;76,60
1012;22/09/2025 21:00:00;M30;780;43,69;73,80
1013;22/09/2025 21:00:00;URB;333;39,05;68,50
1014;22/09/2025 21:00:00;URB;330;34,14;70,70
1015;22/09/2025 21:00:00;M30;908;30,89;68,20
1016;22/09/2025 21:00:00;URB;296;47,55;66,50
1017;22/09/2025 21:00:00;URB;292;35,90;68,60
1018;22/09/2025 21:00:00;URB;264;29,57;77,40
1019;22/09/2025 21:00:00;M30;825;44,18;67,80
1020;22/09/2025 21:00:00;URB;239;27,44;82,20
1021;22/09/2025 21:00:00;M30;901;32,36;77,30
1022;22/09/2025 21:00:00;URB;284;35,89;76,40
1023;22/09/2025 21:00:00;URB;276;45,93;76,80
1024;22/09/2025 21:00:00;URB;265;42,03;-1,00
1025;22/09/2025 21:00:00;M30;547;31,34;85,70
1026;22/09/2025 21:00:00;URB;323;43,51;68,40
1027;22/09/2025 21:00:00;M30;848;37,19;77,50
1028;22/09/2025 21:00:00;URB;303;34,86;76,60
1029;22/09/2025 21:00:00;URB;252;33,91;79,10
1030;22/09/2025 21:00:00;URB;244;34,30;75,00
1001;22/09/2025 22:00:00;M30;635;32,56;77,30
1002;22/09/2025 22:00:00;URB;237;31,21;79,70
1003;22/09/2025 22:00:00;M30;622;29,85;-1,00
1004;22/09/2025 22:00:00;M30;654;25,61;80,20
1005;22/09/2025 22:00:00;M30;726;27,65;80,00
1006;22/09/2025 22:00:00;M30;546;27,26;-1,00
1007;22/09/2025 22:00:00;M30;586;22,32;81,70
1008;22/09/2025 22:00:00;URB;227;27,96;76,40
1009;22/09/2025 22:00:00;M30;535;14,55;89,10
1010;22/09/2025 22:00:00;URB;205;41,98;69,90
1011;22/09/2025 22:00:00;URB;209;12,86;86,80
1012;22/09/2025 22:00:00;M30;618;26,26;81,50
1013;22/09/2025 22:00:00;URB;213;28,40;-1,00
1014;22/09/2025 22:00:00;URB;218;19,15;89,50
1015;22/09/2025 22:00:00;M30;603;25,28;83,70
1016;22/09/2025 22:00:00;URB;223;29,37;84,90
1017;22/09/2025 22:00:00;URB;233;36,64;79,00
1018;22/09/2025 22:00:00;URB;180;23,37;-1,00
1019;22/09/2025 22:00:00;M30;740;35,91;69,60
1020;22/09/2025 22:00:00;URB;213;30,84;73,50
1021;22/09/2025 22:00:00;M30;664;37,04;75,00
1022;22/09/2025 22:00:00;URB;206;28,93;79,80
1023;22/09/2025 22:00:00;URB;169;25,17;82,40
1024;22/09/2025 22:00:00;URB;189;26,81;83,20
1025;22/09/2025 22:00:00;M30;576;25,44;78,10
1026;22/09/2025 22:00:00;URB;204;25,01;75,40
1027;22/09/2025 22:00:00;M30;613;22,81;86,90
1028;22/09/2025 22:00:00;URB;192;25,23;-1,00
1029;22/09/2025 22:00:00;URB;226;20,87;80,40
1030;22/09/2025 22:00:00;URB;274;26,06;85,00
1001;22/09/2025 23:00:00;M30;523;18,18;87,30
1002;22/09/2025 23:00:00;URB;162;24,20;78,10
1003;22/09/2025 23:00:00;M30;450;17,99;86,70
1004;22/09/2025 23:00:00;M30;409;21,47;81,90
1005;22/09/2025 23:00:00;M30;483;15,40;84,50
1006;22/09/2025 23:00:00;M30;486;25,68;-1,00
1007;22/09/2025 23:00:00;M30;415;16,09;82,40
1008;22/09/2025 23:00:00;URB;172;23,55;83,90
1009;22/09/2025 23:00:00;M30;463;24,58;87,00
1010;22/09/2025 23:00:00;URB;165;19,48;84,00
1011;22/09/2025 23:00:00;URB;171;16,43;85,50
1012;22/09/2025 23:00:00;M30;435;17,65;80,60
1013;22/09/2025 23:00:00;URB;174;24,48;85,00
1014;22/09/2025 23:00:00;URB;150;14,61;-1,00
1015;22/09/2025 23:00:00;M30;507;21,88;-1,00
1016;22/09/2025 23:00:00;URB;144;17,18;81,40
1017;22/09/2025 23:00:00;URB;167;23,05;87,60
1018;22/09/2025 23:00:00;URB;125;15,70;93,60
1019;22/09/2025 23:00:00;M30;450;20,01;80,40
1020;22/09/2025 23:00:00;URB;137;17,07;86,20
1021;22/09/2025 23:00:00;M30;531;25,45;77,40
1022;22/09/2025 23:00:00;URB;143;21,49;80,50
1023;22/09/2025 23:00:00;URB;156;24,26;82,10
1024;22/09/2025 23:00:00;URB;147;21,54;80,80
1025;22/09/2025 23:00:00;M30;495;18,19;-1,00
1026;22/09/2025 23:00:00;URB;186;27,91;75,90
1027;22/09/2025 23:00:00;M30;441;18,89;87,50
1028;22/09/2025 23:00:00;URB;174;20,63;83,80
1029;22/09/2025 23:00:00;URB;165;14,82;91,80
1030;22/09/2025 23:00:00;URB;180;20,47;84,20
1001;23/09/2025 00:00:00;M30;317;10,22;87,60
1002;23/09/2025 00:00:00;URB;101;16,02;83,80
1003;23/09/2025 00:00:00;M30;325;13,27;80,20
1004;23/09/2025 00:00:00;M30;356;16,69;91,20
1005;23/09/2025 00:00:00;M30;354;19,95;84,40
1006;23/09/2025 00:00:00;M30;378;17,56;-1,00
1007;23/09/2025 00:00:00;M30;250;10,40;-1,00
1008;23/09/2025 00:00:00;URB;108;12,19;79,30
1009;23/09/2025 00:00:00;M30;348;17,25;80,90
1010;23/09/2025 00:00:00;URB;123;20,34;87,00
1011;23/09/2025 00:00:00;URB;120;14,02;89,20
1012;23/09/2025 00:00:00;M30;321;13,15;85,60
1013;23/09/2025 00:00:00;URB;104;10,24;85,40
1014;23/09/2025 00:00:00;URB;118;17,66;81,40
1015;23/09/2025 00:00:00;M30;317;15,63;88,90
1016;23/09/2025 00:00:00;URB;104;14,68;87,60
1017;23/09/2025 00:00:00;URB;107;15,03;77,80
1018;23/09/2025 00:00:00;URB;116;13,54;83,10
1019;23/09/2025 00:00:00;M30;252;12,96;88,80
1020;23/09/2025 00:00:00;URB;103;14,17;91,30
1021;23/09/2025 00:00:00;M30;287;8,87;88,80
1022;23/09/2025 00:00:00;URB;107;10,27;89,80
1023;23/09/2025 00:00:00;URB;128;20,12;82,10
1024;23/09/2025 00:00:00;URB;125;15,21;89,10
1025;23/09/2025 00:00:00;M30;280;14,20;-1,00
1026;23/09/2025 00:00:00;URB;87;13,48;81,20
1027;23/09/2025 00:00:00;M30;308;18,48;91,70
1028;23/09/2025 00:00:00;URB;119;11,29;89,10
1029;23/09/2025 00:00:00;URB;118;13,20;83,70
1030;23/09/2025 00:00:00;URB;122;17,21;93,40
1001;23/09/2025 01:00:00;M30;328;16,13;78,50
1002;23/09/2025 01:00:00;URB;118;16,38;-1,00
1003;23/09/2025 01:00:00;M30;273;19,34;87,90
1004;23/09/2025 01:00:00;M30;309;14,17;80,50
1005;23/09/2025 01:00:00;M30;322;13,48;85,70
1006;23/09/2025 01:00:00;M30;323;16,21;87,20
1007;23/09/2025 01:00:00;M30;299;14,08;92,60
1008;23/09/2025 01:00:00;URB;120;8,89;88,90
1009;23/09/2025 01:00:00;M30;294;13,44;85,00
1010;23/09/2025 01:00:00;URB;89;10,36;85,90
1011;23/09/2025 01:00:00;URB;120;11,74;91,70
1012;23/09/2025 01:00:00;M30;311;17,25;85,10
1013;23/09/2025 01:00:00;URB;96;10,88;91,00
1014;23/09/2025 01:00:00;URB;88;11,16;86,40
1015;23/09/2025 01:00:00;M30;348;15,06;77,30
1016;23/09/2025 01:00:00;URB;100;8,90;91,50
1017;23/09/2025 01:00:00;URB;112;10,45;83,00
1018;23/09/2025 01:00:00;URB;108;16,41;83,60
1019;23/09/2025 01:00:00;M30;350;16,70;89,70
1020;23/09/2025 01:00:00;URB;115;15,12;91,00
1021;23/09/2025 01:00:00;M30;314;12,89;82,80
1022;23/09/2025 01:00:00;URB;114;9,55;84,50
1023;23/09/2025 01:00:00;URB;117;20,98;84,20
1024;23/09/2025 01:00:00;URB;117;24,00;82,20
1025;23/09/2025 01:00:00;M30;285;14,83;91,60
1026;23/09/2025 01:00:00;URB;118;11,60;82,70
1027;23/09/2025 01:00:00;M30;276;11,23;85,50
1028;23/09/2025 01:00:00;URB;123;17,19;81,90
1029;23/09/2025 01:00:00;URB;119;10,97;90,70
1030;23/09/2025 01:00:00;URB;88;11,66;88,00
1001;23/09/2025 02:00:00;M30;306;13,09;89,60
1002;23/09/2025 02:00:00;URB;138;17,27;83,60
1003;23/09/2025 02:00:00;M30;307;12,56;89,80
1004;23/09/2025 02:00:00;M30;296;9,25;99,00
1005;23/09/2025 02:00:00;M30;329;14,55;89,70
1006;23/09/2025 02:00:00;M30;310;11,61;94,20
1007;23/09/2025 02:00:00;M30;277;14,00;88,40
1008;23/09/2025 02:00:00;URB;127;12,32;85,70
1009;23/09/2025 02:00:00;M30;336;20,30;80,90
1010;23/09/2025 02:00:00;URB;123;18,59;76,40
1011;23/09/2025 02:00:00;URB;127;16,73;85,60
1012;23/09/2025 02:00:00;M30;314;17,99;91,60
1013;23/09/2025 02:00:00;URB;105;12,43;79,70
1014;23/09/2025 02:00:00;URB;114;14,04;90,70
1015;23/09/2025 02:00:00;M30;352;16,56;87,50
1016;23/09/2025 02:00:00;URB;96;9,67;94,50
1017;23/09/2025 02:00:00;URB;96;10,56;86,30
1018;23/09/2025 02:00:00;URB;102;15,44;81,20
1019;23/09/2025 02:00:00;M30;293;10,10;-1,00
1020;23/09/2025 02:00:00;URB;99;11,63;93,60
1021;23/09/2025 02:00:00;M30;355;20,68;-1,00
1022;23/09/2025 02:00:00;URB;121;17,12;85,50
1023;23/09/2025 02:00:00;URB;97;8,13;87,80
1024;23/09/2025 02:00:00;URB;110;20,36;92,20
1025;23/09/2025 02:00:00;M30;406;15,86;-1,00
1026;23/09/2025 02:00:00;URB;114;16,09;82,50
1027;23/09/2025 02:00:00;M30;336;13,19;88,20
1028;23/09/2025 02:00:00;URB;97;20,14;80,10
1029;23/09/2025 02:00:00;URB;109;15,13;85,40
1030;23/09/2025 02:00:00;URB;114;14,63;93,10
1001;23/09/2025 03:00:00;M30;376;15,44;87,30
1002;23/09/2025 03:00:00;URB;130;13,42;91,90
1003;23/09/2025 03:00:00;M30;288;13,84;91,20
1004;23/09/2025 03:00:00;M30;324;16,81;-1,00
1005;23/09/2025 03:00:00;M30;260;13,06;85,30
1006;23/09/2025 03:00:00;M30;313;15,08;-1,00
1007;23/09/2025 03:00:00;M30;345;15,45;90,10
1008;23/09/2025 03:00:00;URB;111;13,53;82,90
1009;23/09/2025 03:00:00;M30;354;13,82;85,20
1010;23/09/2025 03:00:00;URB;131;14,11;-1,00
1011;23/09/2025 03:00:00;URB;117;10,76;90,90
1012;23/09/2025 03:00:00;M30;311;20,80;86,70
1013;23/09/2025 03:00:00;URB;117;14,27;89,50
1014;23/09/2025 03:00:00;URB;128;19,74;78,00
1015;23/09/2025 03:00:00;M30;374;17,61;85,60
1016;23/09/2025 03:00:00;URB;121;15,86;89,70
1017;23/09/2025 03:00:00;URB;126;15,15;84,40
1018;23/09/2025 03:00:00;URB;102;16,33;77,90
1019;23/09/2025 03:00:00;M30;377;12,04;82,00
1020;23/09/2025 03:00:00;URB;132;22,20;86,50
1021;23/09/2025 03:00:00;M30;376;17,39;92,80
1022;23/09/2025 03:00:00;URB;114;16,98;88,40
1023;23/09/2025 03:00:00;URB;106;11,62;93,50
1024;23/09/2025 03:00:00;URB;107;15,31;86,20
1025;23/09/2025 03:00:00;M30;385;16,85;92,60
1026;23/09/2025 03:00:00;URB;128;16,78;91,20
1027;23/09/2025 03:00:00;M30;303;13,13;86,10
1028;23/09/2025 03:00:00;URB;98;12,37;-1,00
1029;23/09/2025 03:00:00;URB;106;16,68;82,90
1030;23/09/2025 03:00:00;URB;114;13,67;88,70
1001;23/09/2025 04:00:00;M30;384;19,70;84,50
1002;23/09/2025 04:00:00;URB;122;14,84;84,70
1003;23/09/2025 04:00:00;M30;405;20,92;-1,00
1004;23/09/2025 04:00:00;M30;385;19,26;90,00
1005;23/09/2025 04:00:00;M30;414;16,60;90,00
1006;23/09/2025 04:00:00;M30;358;14,17;88,00
1007;23/09/2025 04:00:00;M30;374;15,27;82,00
1008;23/09/2025 04:00:00;URB;121;17,47;85,00
1009;23/09/2025 04:00:00;M30;334;16,76;81,40
1010;23/09/2025 04:00:00;URB;142;12,19;90,10
1011;23/09/2025 04:00:00;URB;111;10,58;91,30
1012;23/09/2025 04:00:00;M30;312;15,33;85,80
1013;23/09/2025 04:00:00;URB;156;22,99;85,40
1014;23/09/2025 04:00:00;URB;148;21,78;80,70
1015;23/09/2025 04:00:00;M30;339;16,61;85,60
1016;23/09/2025 04:00:00;URB;124;23,59;-1,00
1017;23/09/2025 04:00:00;URB;124;18,70;88,20
1018;23/09/2025 04:00:00;URB;158;21,65;85,40
1019;23/09/2025 04:00:00;M30;372;17,96;80,40
1020;23/09/2025 04:00:00;URB;124;17,45;-1,00
1021;23/09/2025 04:00:00;M30;324;18,20;90,00
1022;23/09/2025 04:00:00;URB;142;17,52;-1,00
1023;23/09/2025 04:00:00;URB;133;26,05;80,20
1024;23/09/2025 04:00:00;URB;126;17,71;84,90
1025;23/09/2025 04:00:00;M30;331;14,52;87,10
1026;23/09/2025 04:00:00;URB;120;16,60;79,80
1027;23/09/2025 04:00:00;M30;323;10,33;85,70
1028;23/09/2025 04:00:00;URB;110;14,26;-1,00
1029;23/09/2025 04:00:00;URB;112;14,71;93,60
1030;23/09/2025 04:00:00;URB;146;14,23;84,10
1001;23/09/2025 05:00:00;M30;417;19,13;82,60
1002;23/09/2025 05:00:00;URB;171;27,04;78,60
1003;23/09/2025 05:00:00;M30;498;24,33;73,70
1004;23/09/2025 05:00:00;M30;371;18,95;86,60
1005;23/09/2025 05:00:00;M30;514;26,19;-1,00
1006;23/09/2025 05:00:00;M30;353;19,73;83,20
1007;23/09/2025 05:00:00;M30;389;20,87;83,90
1008;23/09/2025 05:00:00;URB;143;22,18;81,60
1009;23/09/2025 05:00:00;M30;432;25,32;83,40
1010;23/09/2025 05:00:00;URB;170;21,06;88,40
1011;23/09/2025 05:00:00;URB;180;25,82;-1,00
1012;23/09/2025 05:00:00;M30;485;21,23;85,20
1013;23/09/2025 05:00:00;URB;158;17,66;85,80
1014;23/09/2025 05:00:00;URB;133;19,72;77,30
1015;23/09/2025 05:00:00;M30;472;20,20;-1,00
1016;23/09/2025 05:00:00;URB;193;26,26;82,00
1017;23/09/2025 05:00:00;URB;157;10,85;92,70
1018;23/09/2025 05:00:00;URB;145;18,41;89,10
1019;23/09/2025 05:00:00;M30;393;15,56;83,00
1020;23/09/2025 05:00:00;URB;170;21,61;87,30
1021;23/09/2025 05:00:00;M30;475;31,30;82,40
1022;23/09/2025 05:00:00;URB;177;24,56;77,00
1023;23/09/2025 05:00:00;URB;157;14,54;-1,00
1024;23/09/2025 05:00:00;URB;176;27,58;84,70
1025;23/09/2025 05:00:00;M30;441;21,76;79,60
1026;23/09/2025 05:00:00;URB;192;25,05;81,70
1027;23/09/2025 05:00:00;M30;437;18,74;79,90
1028;23/09/2025 05:00:00;URB;148;20,77;82,20
1029;23/09/2025 05:00:00;URB;175;20,17;87,10
1030;23/09/2025 05:00:00;URB;160;19,95;79,10
1001;23/09/2025 06:00:00;M30;562;19,71;90,40
1002;23/09/2025 06:00:00;URB;214;26,11;80,20
1003;23/09/2025 06:00:00;M30;619;34,80;-1,00
1004;23/09/2025 06:00:00;M30;590;33,04;75,00
1005;23/09/2025 06:00:00;M30;528;22,43;78,30
1006;23/09/2025 06:00:00;M30;554;22,98;84,20
1007;23/09/2025 06:00:00;M30;644;38,26;72,20
1008;23/09/2025 06:00:00;URB;220;39,24;76,10
1009;23/09/2025 06:00:00;M30;564;17,63;86,00
1010;23/09/2025 06:00:00;URB;227;29,96;85,40
1011;23/09/2025 06:00:00;URB;220;32,54;77,10
1012;23/09/2025 06:00:00;M30;560;27,37;78,00
1013;23/09/2025 06:00:00;URB;195;30,35;82,50
1014;23/09/2025 06:00:00;URB;242;25,57;83,70
1015;23/09/2025 06:00:00;M30;533;28,09;70,20
1016;23/09/2025 06:00:00;URB;194;27,23;79,20
1017;23/09/2025 06:00:00;URB;230;37,58;75,70
1018;23/09/2025 06:00:00;URB;168;19,82;85,10
1019;23/09/2025 06:00:00;M30;473;19,80;81,20
1020;23/09/2025 06:00:00;URB;199;24,36;74,50
1021;23/09/2025 06:00:00;M30;589;30,22;-1,00
1022;23/09/2025 06:00:00;URB;177;20,25;84,80
1023;23/09/2025 06:00:00;URB;177;27,50;75,00
1024;23/09/2025 06:00:00;URB;215;22,51;84,10
1025;23/09/2025 06:00:00;M30;550;27,40;-1,00
1026;23/09/2025 06:00:00;URB;234;34,78;74,00
1027;23/09/2025 06:00:00;M30;653;36,51;69,50
1028;23/09/2025 06:00:00;URB;231;19,20;87,20
1029;23/09/2025 06:00:00;URB;221;26,82;87,10
1030;23/09/2025 06:00:00;URB;206;31,16;-1,00
1001;23/09/2025 07:00:00;M30;743;30,89;82,60
1002;23/09/2025 07:00:00;URB;229;35,18;72,90
1003;23/09/2025 07:00:00;M30;697;40,56;68,30
1004;23/09/2025 07:00:00;M30;816;43,59;66,10
1005;23/09/2025 07:00:00;M30;729;35,14;75,40
1006;23/09/2025 07:00:00;M30;669;29,18;81,70
1007;23/09/2025 07:00:00;M30;846;32,34;77,50
1008;23/09/2025 07:00:00;URB;204;33,28;81,70
1009;23/09/2025 07:00:00;M30;783;33,52;82,20
1010;23/09/2025 07:00:00;URB;237;30,53;74,40
1011;23/09/2025 07:00:00;URB;313;35,86;76,10
1012;23/09/2025 07:00:00;M30;764;41,18;70,10
1013;23/09/2025 07:00:00;URB;254;33,44;79,40
1014;23/09/2025 07:00:00;URB;292;37,70;72,60
1015;23/09/2025 07:00:00;M30;843;40,08;73,00
1016;23/09/2025 07:00:00;URB;264;34,03;79,00
1017;23/09/2025 07:00:00;URB;273;41,92;72,90
1018;23/09/2025 07:00:00;URB;264;35,59;77,80
1019;23/09/2025 07:00:00;M30;698;28,49;77,80
1020;23/09/2025 07:00:00;URB;265;31,91;74,40
1021;23/09/2025 07:00:00;M30;821;34,16;70,50
1022;23/09/2025 07:00:00;URB;228;27,89;77,40
1023;23/09/2025 07:00:00;URB;261;30,65;78,60
1024;23/09/2025 07:00:00;URB;292;35,64;80,10
1025;23/09/2025 07:00:00;M30;706;45,01;67,40
1026;23/09/2025 07:00:00;URB;287;37,58;75,50
1027;23/09/2025 07:00:00;M30;811;38,42;74,60
1028;23/09/2025 07:00:00;URB;260;34,43;72,20
1029;23/09/2025 07:00:00;URB;273;34,38;75,30
1030;23/09/2025 07:00:00;URB;270;32,64;78,50
1001;23/09/2025 08:00:00;M30;734;32,73;-1,00
1002;23/09/2025 08:00:00;URB;338;57,42;66,00
1003;23/09/2025 08:00:00;M30;737;36,96;72,20
1004;23/09/2025 08:00:00;M30;855;44,12;72,80
1005;23/09/2025 08:00:00;M30;903;40,12;76,10
1006;23/09/2025 08:00:00;M30;870;33,46;76,50
1007;23/09/2025 08:00:00;M30;785;32,92;73,20
1008;23/09/2025 08:00:00;URB;295;43,12;77,20
1009;23/09/2025 08:00:00;M30;730;34,49;73,20
1010;23/09/2025 08:00:00;URB;347;30,75;74,90
1011;23/09/2025 08:00:00;URB;320;36,58;76,90
1012;23/09/2025 08:00:00;M30;829;43,22;77,20
1013;23/09/2025 08:00:00;URB;310;34,99;75,60
1014;23/09/2025 08:00:00;URB;287;34,82;76,80
1015;23/09/2025 08:00:00;M30;931;49,82;73,50
1016;23/09/2025 08:00:00;URB;287;31,18;79,30
1017;23/09/2025 08:00:00;URB;285;33,51;65,40
1017;23/09/2025 08:00:00;URB;285;33,51;65,40
1018;23/09/2025 08:00:00;URB;277;37,90;72,10
1019;23/09/2025 08:00:00;M30;817;34,60;72,50
1020;23/09/2025 08:00:00;URB;317;29,71;80,20
1021;23/09/2025 08:00:00;M30;976;46,36;72,20
1022;23/09/2025 08:00:00;URB;341;32,50;74,90
1023;23/09/2025 08:00:00;URB;308;33,45;72,90
1024;23/09/2025 08:00:00;URB;304;34,00;79,40
1025;23/09/2025 08:00:00;M30;833;44,56;68,00
1026;23/09/2025 08:00:00;URB;327;38,25;80,80
1027;23/09/2025 08:00:00;M30;777;20,16;-1,00
1028;23/09/2025 08:00:00;URB;300;43,74;-1,00
1029;23/09/2025 08:00:00;URB;256;40,10;70,70
1030;23/09/2025 08:00:00;URB;270;39,32;69,10
1001;23/09/2025 09:00:00;M30;934;46,27;73,90
1002;23/09/2025 09:00:00;URB;314;53,12;-1,00
1003;23/09/2025 09:00:00;M30;826;38,48;69,50
1004;23/09/2025 09:00:00;M30;725;37,07;71,60
1005;23/09/2025 09:00:00;M30;844;40,06;79,50
1006;23/09/2025 09:00:00;M30;1.127;65,78;59,30
1007;23/09/2025 09:00:00;M30;754;29,73;77,40
1008;23/09/2025 09:00:00;URB;294;33,46;76,20
1009;23/09/2025 09:00:00;M30;854;24,86;84,60
1010;23/09/2025 09:00:00;URB;315;51,47;66,50
1011;23/09/2025 09:00:00;URB;333;31,18;78,90
1012;23/09/2025 09:00:00;M30;837;26,99;77,30
1013;23/09/2025 09:00:00;URB;284;37,06;-1,00
1014;23/09/2025 09:00:00;URB;345;40,68;77,30
1015;23/09/2025 09:00:00;M30;861;43,59;77,20
1016;23/09/2025 09:00:00;URB;361;36,61;77,40
1017;23/09/2025 09:00:00;URB;300;34,65;-1,00
1018;23/09/2025 09:00:00;URB;340;48,99;70,40
1019;23/09/2025 09:00:00;M30;843;38,76;74,10
1020;23/09/2025 09:00:00;URB;277;37,13;76,80
1021;23/09/2025 09:00:00;M30;1.020;48,15;78,60
1022;23/09/2025 09:00:00;URB;275;27,92;88,00
1023;23/09/2025 09:00:00;URB;369;40,52;65,70
1024;23/09/2025 09:00:00;URB;373;39,15;75,50
1025;23/09/2025 09:00:00;M30;921;45,20;71,60
1026;23/09/2025 09:00:00;URB;253;33,95;-1,00
1027;23/09/2025 09:00:00;M30;988;52,23;68,10
1028;23/09/2025 09:00:00;URB;310;43,02;74,00
1029;23/09/2025 09:00:00;URB;341;35,55;73,90
1030;23/09/2025 09:00:00;URB;325;35,53;75,70
1001;23/09/2025 10:00:00;M30;607;33,51;76,70
1002;23/09/2025 10:00:00;URB;273;33,60;76,10
1003;23/09/2025 10:00:00;M30;923;43,02;69,70
1004;23/09/2025 10:00:00;M30;729;43,61;66,60
1005;23/09/2025 10:00:00;M30;874;49,76;70,10
1006;23/09/2025 10:00:00;M30;766;40,29;63,10
1007;23/09/2025 10:00:00;M30;790;26,24;73,60
1008;23/09/2025 10:00:00;URB;290;28,76;81,60
1009;23/09/2025 10:00:00;M30;741;31,55;77,30
1010;23/09/2025 10:00:00;URB;315;42,94;69,80
1011;23/09/2025 10:00:00;URB;235;25,96;81,60
1012;23/09/2025 10:00:00;M30;840;44,13;-1,00
1013;23/09/2025 10:00:00;URB;262;37,14;85,50
1014;23/09/2025 10:00:00;URB;291;46,02;72,10
1015;23/09/2025 10:00:00;M30;699;36,66;73,00
1016;23/09/2025 10:00:00;URB;272;36,42;77,10
1017;23/09/2025 10:00:00;URB;285;43,32;71,40
1018;23/09/2025 10:00:00;URB;245;17,06;86,50
1019;23/09/2025 10:00:00;M30;810;36,64;72,30
1020;23/09/2025 10:00:00;URB;290;30,13;75,30
1021;23/09/2025 10:00:00;M30;780;36,81;74,80
1022;23/09/2025 10:00:00;URB;288;34,36;74,90
1023;23/09/2025 10:00:00;URB;267;31,85;-1,00
1024;23/09/2025 10:00:00;URB;271;35,65;74,00
1025;23/09/2025 10:00:00;M30;775;32,38;74,60
1026;23/09/2025 10:00:00;URB;255;28,24;79,80
1027;23/09/2025 10:00:00;M30;943;42,68;66,80
1028;23/09/2025 10:00:00;URB;232;33,65;-1,00
1029;23/09/2025 10:00:00;URB;269;23,81;77,30
1030;23/09/2025 10:00:00;URB;286;32,23;82,20
1001;23/09/2025 11:00:00;M30;658;30,23;76,50
1002;23/09/2025 11:00:00;URB;179;27,24;77,80
1003;23/09/2025 11:00:00;M30;597;19,38;-1,00
1004;23/09/2025 11:00:00;M30;490;23,21;74,00
1005;23/09/2025 11:00:00;M30;431;21,29;81,80
1006;23/09/2025 11:00:00;M30;693;23,03;76,40
1007;23/09/2025 11:00:00;M30;509;22,32;86,50
1008;23/09/2025 11:00:00;URB;172;19,59;86,60
1009;23/09/2025 11:00:00;M30;675;33,51;76,90
1010;23/09/2025 11:00:00;URB;200;14,97;81,80
1011;23/09/2025 11:00:00;URB;213;28,26;78,20
1012;23/09/2025 11:00:00;M30;677;23,17;83,00
1013;23/09/2025 11:00:00;URB;211;27,36;70,10
1014;23/09/2025 11:00:00;URB;188;18,73;86,10
1015;23/09/2025 11:00:00;M30;642;32,91;78,70
1016;23/09/2025 11:00:00;URB;195;21,28;82,70
1017;23/09/2025 11:00:00;URB;218;30,61;82,60
1018;23/09/2025 11:00:00;URB;215;16,37;92,30
1019;23/09/2025 11:00:00;M30;584;27,48;-1,00
1020;23/09/2025 11:00:00;URB;208;27,02;76,90
1021;23/09/2025 11:00:00;M30;554;26,36;85,00
1022;23/09/2025 11:00:00;URB;217;34,48;71,30
1023;23/09/2025 11:00:00;URB;213;21,08;83,70
1024;23/09/2025 11:00:00;URB;237;39,49;68,10
1025;23/09/2025 11:00:00;M30;563;28,08;80,30
1026;23/09/2025 11:00:00;URB;224;20,08;80,40
1027;23/09/2025 11:00:00;M30;629;23,04;78,60
1028;23/09/2025 11:00:00;URB;192;23,00;79,60
1029;23/09/2025 11:00:00;URB;161;24,83;85,70
1030;23/09/2025 11:00:00;URB;242;27,86;73,10
1001;23/09/2025 12:00:00;M30;467;18,59;84,30
1002;23/09/2025 12:00:00;URB;164;23,86;75,70
1003;23/09/2025 12:00:00;M30;389;15,25;89,10
1004;23/09/2025 12:00:00;M30;477;21,54;82,80
1005;23/09/2025 12:00:00;M30;421;15,79;84,50
1006;23/09/2025 12:00:00;M30;339;15,57;80,00
1007;23/09/2025 12:00:00;M30;470;18,51;83,40
1008;23/09/2025 12:00:00;URB;168;24,59;84,40
1009;23/09/2025 12:00:00;M30;483;11,19;94,00
1010;23/09/2025 12:00:00;URB;184;25,19;84,50
1011;23/09/2025 12:00:00;URB;151;20,24;94,40
1012;23/09/2025 12:00:00;M30;411;16,98;87,70
1013;23/09/2025 12:00:00;URB;149;24,49;-1,00
1014;23/09/2025 12:00:00;URB;145;16,92;85,60
1015;23/09/2025 12:00:00;M30;406;15,83;79,00
1016;23/09/2025 12:00:00;URB;169;22,00;88,80
1017;23/09/2025 12:00:00;URB;150;25,03;78,00
1018;23/09/2025 12:00:00;URB;182;22,93;86,80
1019;23/09/2025 12:00:00;M30;376;19,28;92,70
1020;23/09/2025 12:00:00;URB;159;19,26;82,60
1021;23/09/2025 12:00:00;M30;383;13,13;-1,00
1022;23/09/2025 12:00:00;URB;166;17,10;83,60
1023;23/09/2025 12:00:00;URB;162;24,02;86,10
1024;23/09/2025 12:00:00;URB;146;23,66;89,30
1025;23/09/2025 12:00:00;M30;468;15,56;83,60
1026;23/09/2025 12:00:00;URB;173;20,77;78,50
1027;23/09/2025 12:00:00;M30;394;24,11;79,40
1028;23/09/2025 12:00:00;URB;127;17,23;87,10
1029;23/09/2025 12:00:00;URB;136;15,16;90,80
1030;23/09/2025 12:00:00;URB;162;15,06;87,00
1001;23/09/2025 13:00:00;M30;387;16,42;77,90
1002;23/09/2025 13:00:00;URB;131;15,00;86,50
1003;23/09/2025 13:00:00;M30;393;21,38;82,10
1004;23/09/2025 13:00:00;M30;397;15,92;88,30
1005;23/09/2025 13:00:00;M30;354;13,19;86,50
1006;23/09/2025 13:00:00;M30;384;13,33;84,50
1007;23/09/2025 13:00:00;M30;384;21,23;84,00
1008;23/09/2025 13:00:00;URB;138;9,91;90,10
1009;23/09/2025 13:00:00;M30;449;15,95;85,50
1010;23/09/2025 13:00:00;URB;131;13,13;86,20
1011;23/09/2025 13:00:00;URB;140;17,34;85,70
1012;23/09/2025 13:00:00;M30;361;19,75;-1,00
1013;23/09/2025 13:00:00;URB;136;21,94;75,20
1014;23/09/2025 13:00:00;URB;132;18,48;83,90
1015;23/09/2025 13:00:00;M30;386;14,14;89,30
1016;23/09/2025 13:00:00;URB;119;20,61;81,50
1017;23/09/2025 13:00:00;URB;133;16,24;92,80
1018;23/09/2025 13:00:00;URB;146;22,41;83,30
1019;23/09/2025 13:00:00;M30;373;18,00;-1,00
1020;23/09/2025 13:00:00;URB;158;24,84;85,10
1021;23/09/2025 13:00:00;M30;340;11,95;85,50
1022;23/09/2025 13:00:00;URB;131;26,02;78,10
1023;23/09/2025 13:00:00;URB;155;14,81;94,10
1024;23/09/2025 13:00:00;URB;119;16,45;84,30
1025;23/09/2025 13:00:00;M30;354;14,95;82,10
1026;23/09/2025 13:00:00;URB;143;16,54;93,40
1027;23/09/2025 13:00:00;M30;413;21,21;83,90
1028;23/09/2025 13:00:00;URB;128;14,81;90,10
1029;23/09/2025 13:00:00;URB;135;12,38;90,50
1030;23/09/2025 13:00:00;URB;128;15,62;87,50
1001;23/09/2025 14:00:00;M30;411;13,82;84,30
1002;23/09/2025 14:00:00;URB;136;15,78;86,50
1003;23/09/2025 14:00:00;M30;387;20,29;85,70
1004;23/09/2025 14:00:00;M30;342;12,75;88,40
1005;23/09/2025 14:00:00;M30;326;16,90;-1,00
1006;23/09/2025 14:00:00;M30;364;19,52;88,00
1007;23/09/2025 14:00:00;M30;397;17,69;88,30
1008;23/09/2025 14:00:00;URB;147;27,07;77,00
1009;23/09/2025 14:00:00;M30;447;20,39;81,00
1010;23/09/2025 14:00:00;URB;149;19,43;85,90
1011;23/09/2025 14:00:00;URB;133;15,82;83,60
1012;23/09/2025 14:00:00;M30;404;14,39;82,50
1013;23/09/2025 14:00:00;URB;135;13,28;88,50
1014;23/09/2025 14:00:00;URB;149;22,17;-1,00
1015;23/09/2025 14:00:00;M30;443;15,03;85,60
1016;23/09/2025 14:00:00;URB;147;18,34;91,10
1017;23/09/2025 14:00:00;URB;124;18,52;83,50
1018;23/09/2025 14:00:00;URB;140;22,16;81,10
1019;23/09/2025 14:00:00;M30;373;13,97;81,60
1020;23/09/2025 14:00:00;URB;144;19,99;87,40
1021;23/09/2025 14:00:00;M30;335;14,92;96,00
1022;23/09/2025 14:00:00;URB;136;18,82;82,30
1023;23/09/2025 14:00:00;URB;138;22,03;80,30
1024;23/09/2025 14:00:00;URB;135;11,62;89,80
1025;23/09/2025 14:00:00;M30;414;22,37;-1,00
1026;23/09/2025 14:00:00;URB;119;14,94;82,50
1027;23/09/2025 14:00:00;M30;416;20,89;-1,00
1028;23/09/2025 14:00:00;URB;129;23,00;88,50
1029;23/09/2025 14:00:00;URB;132;22,24;72,80
1030;23/09/2025 14:00:00;URB;129;14,95;85,80
1001;23/09/2025 15:00:00;M30;536;31,04;71,30
1002;23/09/2025 15:00:00;URB;173;24,64;-1,00
1003;23/09/2025 15:00:00;M30;344;14,98;86,30
1004;23/09/2025 15:00:00;M30;495;27,53;80,80
1005;23/09/2025 15:00:00;M30;457;19,53;89,20
1006;23/09/2025 15:00:00;M30;417;20,97;-1,00
1007;23/09/2025 15:00:00;M30;431;19,40;84,90
1008;23/09/2025 15:00:00;URB;134;18,53;77,10
1009;23/09/2025 15:00:00;M30;471;24,60;86,90
1010;23/09/2025 15:00:00;URB;153;19,83;85,00
1011;23/09/2025 15:00:00;URB;161;23,41;-1,00
1012;23/09/2025 15:00:00;M30;421;17,24;86,30
1013;23/09/2025 15:00:00;URB;182;17,96;81,80
1014;23/09/2025 15:00:00;URB;161;16,31;81,00
1015;23/09/2025 15:00:00;M30;454;16,78;83,80
1016;23/09/2025 15:00:00;URB;177;20,89;78,70
1017;23/09/2025 15:00:00;URB;180;24,93;-1,00
1018;23/09/2025 15:00:00;URB;152;21,01;77,20
1019;23/09/2025 15:00:00;M30;401;17,64;85,60
1020;23/09/2025 15:00:00;URB;167;19,95;80,80
1021;23/09/2025 15:00:00;M30;405;17,20;-1,00
1022;23/09/2025 15:00:00;URB;155;20,50;-1,00
1023;23/09/2025 15:00:00;URB;196;25,80;84,10
1024;23/09/2025 15:00:00;URB;159;15,32;86,20
1025;23/09/2025 15:00:00;M30;447;29,57;77,90
1026;23/09/2025 15:00:00;URB;155;18,06;88,70
1027;23/09/2025 15:00:00;M30;404;17,10;85,10
1028;23/09/2025 15:00:00;URB;160;24,35;80,50
1029;23/09/2025 15:00:00;URB;149;17,90;86,70
1030;23/09/2025 15:00:00;URB;164;23,38;86,60
1001;23/09/2025 16:00:00;M30;618;34,73;78,80
1002;23/09/2025 16:00:00;URB;223;24,87;81,50
1003;23/09/2025 16:00:00;M30;640;26,64;82,50
1004;23/09/2025 16:00:00;M30;568;27,36;87,00
1005;23/09/2025 16:00:00;M30;659;35,87;71,70
1006;23/09/2025 16:00:00;M30;579;27,47;80,30
1007;23/09/2025 16:00:00;M30;651;21,05;84,40
1008;23/09/2025 16:00:00;URB;183;20,34;84,10
1009;23/09/2025 16:00:00;M30;582;26,15;81,40
1010;23/09/2025 16:00:00;URB;188;18,79;84,20
1011;23/09/2025 16:00:00;URB;241;31,37;72,90
1012;23/09/2025 16:00:00;M30;613;23,62;80,80
1013;23/09/2025 16:00:00;URB;221;25,96;86,20
1014;23/09/2025 16:00:00;URB;210;22,94;-1,00
1015;23/09/2025 16:00:00;M30;601;26,42;81,20
1016;23/09/2025 16:00:00;URB;213;23,09;85,80
1017;23/09/2025 16:00:00;URB;213;30,11;72,40
1018;23/09/2025 16:00:00;URB;203;37,60;79,60
1019;23/09/2025 16:00:00;M30;693;33,37;-1,00
1020;23/09/2025 16:00:00;URB;206;23,07;88,20
1021;23/09/2025 16:00:00;M30;660;35,37;-1,00
1022;23/09/2025 16:00:00;URB;204;25,90;81,10
1023;23/09/2025 16:00:00;URB;252;29,62;84,10
1024;23/09/2025 16:00:00;URB;209;24,86;-1,00
1025;23/09/2025 16:00:00;M30;594;28,03;84,90
1026;23/09/2025 16:00:00;URB;209;26,09;77,00
1027;23/09/2025 16:00:00;M30;592;27,96;82,50
1028;23/09/2025 16:00:00;URB;207;26,79;86,60
1029;23/09/2025 16:00:00;URB;197;39,23;76,40
1030;23/09/2025 16:00:00;URB;247;35,90;80,90
1001;23/09/2025 17:00:00;M30;734;21,71;85,70
1002;23/09/2025 17:00:00;URB;305;38,15;76,30
1003;23/09/2025 17:00:00;M30;832;35,20;72,30
1004;23/09/2025 17:00:00;M30;872;30,73;77,90
1005;23/09/2025 17:00:00;M30;832;42,64;-1,00
1006;23/09/2025 17:00:00;M30;671;28,48;86,30
1007;23/09/2025 17:00:00;M30;683;29,44;80,80
1008;23/09/2025 17:00:00;URB;284;41,44;80,60
1009;23/09/2025 17:00:00;M30;751;35,29;78,50
1010;23/09/2025 17:00:00;URB;274;43,82;66,40
1011;23/09/2025 17:00:00;URB;324;38,79;77,60
1012;23/09/2025 17:00:00;M30;813;42,75;68,50
1013;23/09/2025 17:00:00;URB;268;41,56;79,30
1014;23/09/2025 17:00:00;URB;255;38,93;-1,00
1015;23/09/2025 17:00:00;M30;641;30,24;82,90
1016;23/09/2025 17:00:00;URB;286;48,61;63,50
1017;23/09/2025 17:00:00;URB;332;58,18;58,20
1018;23/09/2025 17:00:00;URB;290;33,01;-1,00
1019;23/09/2025 17:00:00;M30;713;46,88;59,60
1020;23/09/2025 17:00:00;URB;251;26,73;-1,00
1021;23/09/2025 17:00:00;M30;933;46,46;69,60
1022;23/09/2025 17:00:00;URB;275;46,93;70,40
1023;23/09/2025 17:00:00;URB;281;14,91;87,60
1024;23/09/2025 17:00:00;URB;280;20,61;86,70
1025;23/09/2025 17:00:00;M30;918;41,59;77,80
1026;23/09/2025 17:00:00;URB;342;47,32;72,50
1027;23/09/2025 17:00:00;M30;733;31,55;84,80
1028;23/09/2025 17:00:00;URB;285;40,70;65,20
1029;23/09/2025 17:00:00;URB;249;28,44;70,00
1030;23/09/2025 17:00:00;URB;279;25,44;-1,00
1001;23/09/2025 18:00:00;M30;944;43,42;70,80
1002;23/09/2025 18:00:00;URB;310;42,67;73,30
1003;23/09/2025 18:00:00;M30;971;45,23;64,00
1004;23/09/2025 18:00:00;M30;876;41,87;76,00
1005;23/09/2025 18:00:00;M30;983;46,96;63,90
1006;23/09/2025 18:00:00;M30;941;45,62;71,30
1007;23/09/2025 18:00:00;M30;836;40,20;72,60
1008;23/09/2025 18:00:00;URB;331;52,33;77,40
1009;23/09/2025 18:00:00;M30;925;32,65;77,90
1010;23/09/2025 18:00:00;URB;337;56,44;69,40
1011;23/09/2025 18:00:00;URB;370;46,53;68,50
1012;23/09/2025 18:00:00;M30;883;27,30;-1,00
1013;23/09/2025 18:00:00;URB;296;37,92;69,50
1014;23/09/2025 18:00:00;URB;371;43,27;69,90
1015;23/09/2025 18:00:00;M30;970;45,17;77,20
1016;23/09/2025 18:00:00;URB;336;52,14;64,00
1017;23/09/2025 18:00:00;URB;329;40,15;69,00
1018;23/09/2025 18:00:00;URB;291;45,87;71,20
1019;23/09/2025 18:00:00;M30;996;56,70;61,40
1020;23/09/2025 18:00:00;URB;328;45,74;65,20
1021;23/09/2025 18:00:00;M30;1.022;49,11;71,60
1022;23/09/2025 18:00:00;URB;399;52,98;65,10
1023;23/09/2025 18:00:00;URB;314;36,59;76,60
1024;23/09/2025 18:00:00;URB;344;38,49;78,00
1025;23/09/2025 18:00:00;M30;956;57,21;53,20
1026;23/09/2025 18:00:00;URB;309;36,59;67,20
1027;23/09/2025 18:00:00;M30;816;45,46;67,50
1028;23/09/2025 18:00:00;URB;305;36,06;68,20
1029;23/09/2025 18:00:00;URB;336;24,81;75,80
1030;23/09/2025 18:00:00;URB;345;52,22;61,20
1001;23/09/2025 19:00:00;M30;1.002;52,88;65,00
1002;23/09/2025 19:00:00;URB;400;38,41;66,30
1003;23/09/2025 19:00:00;M30;1.038;45,66;72,20
1004;23/09/2025 19:00:00;M30;1.098;64,26;51,30
1005;23/09/2025 19:00:00;M30;877;43,19;71,10
1006;23/09/2025 19:00:00;M30;994;44,64;70,40
1007;23/09/2025 19:00:00;M30;1.210;57,04;63,20
1008;23/09/2025 19:00:00;URB;392;53,20;69,00
1009;23/09/2025 19:00:00;M30;943;49,60;58,20
1010;23/09/2025 19:00:00;URB;397;43,66;73,80
1011;23/09/2025 19:00:00;URB;394;52,39;71,60
1012;23/09/2025 19:00:00;M30;1.306;62,97;59,60
1013;23/09/2025 19:00:00;URB;390;41,54;74,60
1014;23/09/2025 19:00:00;URB;357;48,53;72,70
1015;23/09/2025 19:00:00;M30;999;48,98;-1,00
1016;23/09/2025 19:00:00;URB;420;41,10;76,60
1017;23/09/2025 19:00:00;URB;322;61,79;63,50
1018;23/09/2025 19:00:00;URB;353;37,22;76,50
1019;23/09/2025 19:00:00;M30;1.110;54,19;-1,00
1020;23/09/2025 19:00:00;URB;345;40,91;68,60
1021;23/09/2025 19:00:00;M30;906;30,84;-1,00
1022;23/09/2025 19:00:00;URB;402;52,32;70,50
1023;23/09/2025 19:00:00;URB;385;55,32;66,40
1024;23/09/2025 19:00:00;URB;396;63,38;58,40
1025;23/09/2025 19:00:00;M30;1.041;55,16;58,50
1026;23/09/2025 19:00:00;URB;436;64,28;60,00
1027;23/09/2025 19:00:00;M30;1.089;48,09;64,70
1028;23/09/2025 19:00:00;URB;344;34,77;78,10
1029;23/09/2025 19:00:00;URB;307;28,22;74,50
1030;23/09/2025 19:00:00;URB;382;39,91;74,10
1001;23/09/2025 20:00:00;M30;810;38,03;69,80
1002;23/09/2025 20:00:00;URB;330;42,63;72,10
1003;23/09/2025 20:00:00;M30;1.176;60,08;56,90
1004;23/09/2025 20:00:00;M30;1.190;11,74;91,10
1005;23/09/2025 20:00:00;M30;918;46,59;74,00
1006;23/09/2025 20:00:00;M30;838;39,71;69,60
1007;23/09/2025 20:00:00;M30;741;37,79;81,30
1008;23/09/2025 20:00:00;URB;339;42,68;76,30
1009;23/09/2025 20:00:00;M30;1.054;49,87;64,70
1010;23/09/2025 20:00:00;URB;351;40,64;72,30
1011;23/09/2025 20:00:00;URB;348;57,10;65,50
1012;23/09/2025 20:00:00;M30;1.068;47,08;-1,00
1013;23/09/2025 20:00:00;URB;269;34,21;82,80
1014;23/09/2025 20:00:00;URB;333;32,44;78,70
1015;23/09/2025 20:00:00;M30;809;41,58;72,40
1016;23/09/2025 20:00:00;URB;351;45,55;-1,00
1017;23/09/2025 20:00:00;URB;298;40,70;78,80
1018;23/09/2025 20:00:00;URB;305;35,90;78,90
1019;23/09/2025 20:00:00;M30;885;33,96;77,30
1020;23/09/2025 20:00:00;URB;372;45,01;67,20
1021;23/09/2025 20:00:00;M30;949;32,50;77,30
1022;23/09/2025 20:00:00;URB;355;26,96;82,10
1023;23/09/2025 20:00:00;URB;312;39,63;70,60
1024;23/09/2025 20:00:00;URB;342;54,91;63,90
1025;23/09/2025 20:00:00;M30;911;44,87;66,80
1026;23/09/2025 20:00:00;URB;369;53,78;-1,00
1027;23/09/2025 20:00:00;M30;1.038;56,52;67,70
1028;23/09/2025 20:00:00;URB;305;32,33;77,50
1029;23/09/2025 20:00:00;URB;336;42,17;72,10
1030;23/09/2025 20:00:00;URB;352;50,94;69,30
1001;23/09/2025 21:00:00;M30;636;27,94;73,40
1002;23/09/2025 21:00:00;URB;328;46,76;72,60
1003;23/09/2025 21:00:00;M30;830;36,77;-1,00
1004;23/09/2025 21:00:00;M30;738;43,58;72,10
1005;23/09/2025 21:00:00;M30;818;44,28;69,50
1006;23/09/2025 21:00:00;M30;812;39,15;70,10
1007;23/09/2025 21:00:00;M30;541;21,84;81,40
1008;23/09/2025 21:00:00;URB;269;46,22;66,30
1009;23/09/2025 21:00:00;M30;843;37,47;76,80
1010;23/09/2025 21:00:00;URB;244;27,26;84,70
1011;23/09/2025 21:00:00;URB;295;29,46;87,30
1012;23/09/2025 21:00:00;M30;886;32,17;73,80
1013;23/09/2025 21:00:00;URB;293;37,56;-1,00
1014;23/09/2025 21:00:00;URB;331;22,06;82,90
1015;23/09/2025 21:00:00;M30;825;39,58;75,90
1016;23/09/2025 21:00:00;URB;308;48,20;67,60
1017;23/09/2025 21:00:00;URB;208;28,45;83,90
1018;23/09/2025 21:00:00;URB;265;35,08;75,40
1019;23/09/2025 21:00:00;M30;897;36,77;78,10
1020;23/09/2025 21:00:00;URB;257;30,78;76,40
1021;23/09/2025 21:00:00;M30;670;35,42;80,70
1022;23/09/2025 21:00:00;URB;267;25,27;88,00
1023;23/09/2025 21:00:00;URB;275;36,73;79,80
1024;23/09/2025 21:00:00;URB;301;45,52;62,50
1025;23/09/2025 21:00:00;M30;887;40,56;-1,00
1026;23/09/2025 21:00:00;URB;273;31,05;73,20
1027;23/09/2025 21:00:00;M30;732;41,74;-1,00
1028;23/09/2025 21:00:00;URB;296;19,73;77,20
1029;23/09/2025 21:00:00;URB;336;54,05;64,90
1030;23/09/2025 21:00:00;URB;308;21,67;81,00
1001;23/09/2025 22:00:00;M30;606;31,69;77,30
1002;23/09/2025 22:00:00;URB;211;20,70;79,20
1003;23/09/2025 22:00:00;M30;593;25,77;81,90
1004;23/09/2025 22:00:00;M30;627;35,42;79,40
1005;23/09/2025 22:00:00;M30;659;25,75;72,70
1006;23/09/2025 22:00:00;M30;651;31,83;82,10
1007;23/09/2025 22:00:00;M30;514;33,72;77,20
1008;23/09/2025 22:00:00;URB;201;31,62;82,00
1009;23/09/2025 22:00:00;M30;572;27,91;75,80
1010;23/09/2025 22:00:00;URB;207;30,62;77,30
1011;23/09/2025 22:00:00;URB;173;21,07;82,50
1012;23/09/2025 22:00:00;M30;571;31,45;76,40
1013;23/09/2025 22:00:00;URB;199;26,53;83,50
1014;23/09/2025 22:00:00;URB;192;23,32;86,00
1015;23/09/2025 22:00:00;M30;553;23,32;81,30
1016;23/09/2025 22:00:00;URB;153;25,84;76,00
1017;23/09/2025 22:00:00;URB;173;21,32;84,80
1018;23/09/2025 22:00:00;URB;172;28,04;82,40
1019;23/09/2025 22:00:00;M30;499;25,23;80,20
1020;23/09/2025 22:00:00;URB;218;26,72;79,10
1021;23/09/2025 22:00:00;M30;595;28,79;73,40
1022;23/09/2025 22:00:00;URB;240;38,80;72,80
1023;23/09/2025 22:00:00;URB;241;33,24;76,90
1024;23/09/2025 22:00:00;URB;174;19,27;85,20
1025;23/09/2025 22:00:00;M30;638;26,29;77,30
1026;23/09/2025 22:00:00;URB;165;17,08;-1,00
1027;23/09/2025 22:00:00;M30;632;24,06;88,90
1028;23/09/2025 22:00:00;URB;218;33,81;71,40
1029;23/09/2025 22:00:00;URB;151;21,48;87,20
1030;23/09/2025 22:00:00;URB;231;23,22;82,60
1001;23/09/2025 23:00:00;M30;458;29,29;77,20
1002;23/09/2025 23:00:00;URB;164;15,49;89,80
1003;23/09/2025 23:00:00;M30;447;17,15;89,50
1004;23/09/2025 23:00:00;M30;424;18,60;77,80
1005;23/09/2025 23:00:00;M30;452;24,35;78,50
1006;23/09/2025 23:00:00;M30;415;22,97;85,80
1007;23/09/2025 23:00:00;M30;498;22,84;74,40
1008;23/09/2025 23:00:00;URB;170;22,87;84,70
1009;23/09/2025 23:00:00;M30;525;25,65;83,20
1010;23/09/2025 23:00:00;URB;171;17,74;80,70
1011;23/09/2025 23:00:00;URB;177;25,51;82,60
1012;23/09/2025 23:00:00;M30;508;15,89;91,60
1013;23/09/2025 23:00:00;URB;138;19,10;-1,00
1014;23/09/2025 23:00:00;URB;175;23,68;-1,00
1015;23/09/2025 23:00:00;M30;483;24,94;79,90
1016;23/09/2025 23:00:00;URB;174;19,58;80,60
1017;23/09/2025 23:00:00;URB;159;24,07;83,80
1018;23/09/2025 23:00:00;URB;195;28,47;-1,00
1019;23/09/2025 23:00:00;M30;454;23,82;83,80
1020;23/09/2025 23:00:00;URB;148;14,47;89,60
1021;23/09/2025 23:00:00;M30;462;22,51;-1,00
1022;23/09/2025 23:00:00;URB;161;19,04;86,60
1023;23/09/2025 23:00:00;URB;154;17,07;86,30
1024;23/09/2025 23:00:00;URB;183;24,41;80,00
1025;23/09/2025 23:00:00;M30;395;14,48;-1,00
1026;23/09/2025 23:00:00;URB;168;23,61;76,30
1027;23/09/2025 23:00:00;M30;404;16,03;90,20
1028;23/09/2025 23:00:00;URB;171;22,98;79,40
1029;23/09/2025 23:00:00;URB;182;19,24;85,90
1030;23/09/2025 23:00:00;URB;143;15,88;88,00
1001;24/09/2025 00:00:00;M30;329;16,39;89,60
1002;24/09/2025 00:00:00;URB;105;14,14;88,50
1003;24/09/2025 00:00:00;M30;323;16,41;-1,00
1004;24/09/2025 00:00:00;M30;322;9,85;92,20
1005;24/09/2025 00:00:00;M30;306;12,70;85,70
1006;24/09/2025 00:00:00;M30;304;9,63;89,60
1007;24/09/2025 00:00:00;M30;341;10,37;86,80
1008;24/09/2025 00:00:00;URB;120;16,30;86,60
1009;24/09/2025 00:00:00;M30;297;16,48;91,20
1010;24/09/2025 00:00:00;URB;126;14,27;86,60
1011;24/09/2025 00:00:00;URB;122;15,20;-1,00
1012;24/09/2025 00:00:00;M30;327;13,92;89,30
1013;24/09/2025 00:00:00;URB;109;13,08;-1,00
1014;24/09/2025 00:00:00;URB;121;14,56;-1,00
1015;24/09/2025 00:00:00;M30;302;12,54;86,60
1016;24/09/2025 00:00:00;URB;92;10,33;90,00
1017;24/09/2025 00:00:00;URB;122;12,66;93,70
1018;24/09/2025 00:00:00;URB;97;15,10;86,20
1019;24/09/2025 00:00:00;M30;356;13,01;85,80
1020;24/09/2025 00:00:00;URB;110;15,69;82,60
1021;24/09/2025 00:00:00;M30;315;12,63;85,70
1022;24/09/2025 00:00:00;URB;102;12,72;80,00
1023;24/09/2025 00:00:00;URB;108;14,95;79,10
1024;24/09/2025 00:00:00;URB;95;15,65;81,90
1025;24/09/2025 00:00:00;M30;291;15,27;83,70
1026;24/09/2025 00:00:00;URB;105;18,64;86,70
1027;24/09/2025 00:00:00;M30;322;18,21;-1,00
1028;24/09/2025 00:00:00;URB;121;17,01;86,70
1029;24/09/2025 00:00:00;URB;110;15,57;88,10
1030;24/09/2025 00:00:00;URB;106;12,80;93,60
1001;24/09/2025 01:00:00;M30;287;13,08;86,40
1002;24/09/2025 01:00:00;URB;130;15,97;87,90
1003;24/09/2025 01:00:00;M30;363;12,61;95,20
1004;24/09/2025 01:00:00;M30;284;10,45;92,70
1005;24/09/2025 01:00:00;M30;337;17,34;83,60
1006;24/09/2025 01:00:00;M30;293;11,32;90,50
1007;24/09/2025 01:00:00;M30;318;9,68;90,00
1008;24/09/2025 01:00:00;URB;116;10,71;85,30
1009;24/09/2025 01:00:00;M30;304;15,82;87,40
1010;24/09/2025 01:00:00;URB;119;17,67;87,20
1011;24/09/2025 01:00:00;URB;113;17,83;89,50
1012;24/09/2025 01:00:00;M30;342;10,62;86,20
1013;24/09/2025 01:00:00;URB;123;18,08;89,00
1014;24/09/2025 01:00:00;URB;116;17,42;83,50
1015;24/09/2025 01:00:00;M30;361;15,44;89,50
1016;24/09/2025 01:00:00;URB;127;17,01;94,90
1017;24/09/2025 01:00:00;URB;109;15,34;86,40
1018;24/09/2025 01:00:00;URB;121;17,09;78,50
1019;24/09/2025 01:00:00;M30;282;7,21;87,00
1020;24/09/2025 01:00:00;URB;123;18,02;86,40
1021;24/09/2025 01:00:00;M30;321;10,94;89,70
1022;24/09/2025 01:00:00;URB;113;16,27;75,50
1023;24/09/2025 01:00:00;URB;106;10,24;90,90
1024;24/09/2025 01:00:00;URB;111;12,93;80,50
1025;24/09/2025 01:00:00;M30;320;9,93;91,80
1026;24/09/2025 01:00:00;URB;125;18,92;83,10
1027;24/09/2025 01:00:00;M30;279;12,39;86,80
1028;24/09/2025 01:00:00;URB;124;15,27;95,10
1029;24/09/2025 01:00:00;URB;116;18,23;88,30
1030;24/09/2025 01:00:00;URB;98;14,19;76,90
1001;24/09/2025 02:00:00;M30;279;17,40;84,50
1002;24/09/2025 02:00:00;URB;112;14,96;-1,00
1003;24/09/2025 02:00:00;M30;341;11,37;93,30
1004;24/09/2025 02:00:00;M30;334;15,45;92,40
1005;24/09/2025 02:00:00;M30;321;11,53;94,10
1006;24/09/2025 02:00:00;M30;378;17,89;89,10
1007;24/09/2025 02:00:00;M30;317;12,61;86,80
1008;24/09/2025 02:00:00;URB;129;18,37;83,50
1009;24/09/2025 02:00:00;M30;400;19,43;85,70
1010;24/09/2025 02:00:00;URB;134;15,12;88,40
1011;24/09/2025 02:00:00;URB;122;12,37;90,00
1012;24/09/2025 02:00:00;M30;326;16,02;81,00
1013;24/09/2025 02:00:00;URB;130;21,50;87,50
1014;24/09/2025 02:00:00;URB;105;13,74;87,40
1015;24/09/2025 02:00:00;M30;327;16,58;92,30
1016;24/09/2025 02:00:00;URB;112;16,94;91,50
1017;24/09/2025 02:00:00;URB;123;11,68;-1,00
1018;24/09/2025 02:00:00;URB;100;13,20;80,40
1019;24/09/2025 02:00:00;M30;286;11,08;98,70
1020;24/09/2025 02:00:00;URB;92;11,64;-1,00
1021;24/09/2025 02:00:00;M30;290;16,71;-1,00
1022;24/09/2025 02:00:00;URB;137;15,95;-1,00
1023;24/09/2025 02:00:00;URB;111;17,44;84,40
1024;24/09/2025 02:00:00;URB;116;13,54;84,80
1025;24/09/2025 02:00:00;M30;388;18,22;82,50
1026;24/09/2025 02:00:00;URB;148;18,60;81,30
1027;24/09/2025 02:00:00;M30;343;14,48;86,00
1028;24/09/2025 02:00:00;URB;119;20,60;-1,00
1029;24/09/2025 02:00:00;URB;104;14,91;78,40
1030;24/09/2025 02:00:00;URB;125;14,44;88,20
1001;24/09/2025 03:00:00;M30;338;18,83;-1,00
1002;24/09/2025 03:00:00;URB;111;13,66;90,20
1003;24/09/2025 03:00:00;M30;305;15,38;89,60
1004;24/09/2025 03:00:00;M30;321;18,10;89,20
1005;24/09/2025 03:00:00;M30;312;12,99;81,80
1006;24/09/2025 03:00:00;M30;431;24,44;77,70
1007;24/09/2025 03:00:00;M30;316;16,80;88,70
1008;24/09/2025 03:00:00;URB;103;16,54;90,50
1009;24/09/2025 03:00:00;M30;308;13,74;92,30
1010;24/09/2025 03:00:00;URB;107;12,00;80,00
1011;24/09/2025 03:00:00;URB;132;12,46;80,00
1012;24/09/2025 03:00:00;M30;391;19,23;91,50
1013;24/09/2025 03:00:00;URB;111;13,90;83,10
1014;24/09/2025 03:00:00;URB;112;16,38;83,10
1015;24/09/2025 03:00:00;M30;314;19,88;79,10
1016;24/09/2025 03:00:00;URB;100;7,99;-1,00
1017;24/09/2025 03:00:00;URB;108;12,84;93,90
1018;24/09/2025 03:00:00;URB;123;20,65;77,10
1019;24/09/2025 03:00:00;M30;228;7,57;90,90
1020;24/09/2025 03:00:00;URB;114;14,65;93,10
1021;24/09/2025 03:00:00;M30;407;21,68;80,20
1022;24/09/2025 03:00:00;URB;134;13,51;92,50
1023;24/09/2025 03:00:00;URB;102;10,41;84,50
1024;24/09/2025 03:00:00;URB;112;12,87;92,40
1025;24/09/2025 03:00:00;M30;366;19,59;82,30
1026;24/09/2025 03:00:00;URB;114;15,76;-1,00
1027;24/09/2025 03:00:00;M30;306;18,86;84,30
1028;24/09/2025 03:00:00;URB;115;16,14;85,90
1029;24/09/2025 03:00:00;URB;121;17,81;76,90
1030;24/09/2025 03:00:00;URB;99;12,09;83,60
1001;24/09/2025 04:00:00;M30;331;17,63;82,10
1002;24/09/2025 04:00:00;URB;113;12,37;92,50
1003;24/09/2025 04:00:00;M30;303;15,62;-1,00
1004;24/09/2025 04:00:00;M30;371;14,33;-1,00
1005;24/09/2025 04:00:00;M30;311;17,38;79,60
1006;24/09/2025 04:00:00;M30;342;13,59;88,40
1007;24/09/2025 04:00:00;M30;406;22,01;79,70
1008;24/09/2025 04:00:00;URB;145;17,03;80,50
1009;24/09/2025 04:00:00;M30;409;11,17;91,00
1010;24/09/2025 04:00:00;URB;112;12,25;89,60
1011;24/09/2025 04:00:00;URB;130;12,74;92,40
1012;24/09/2025 04:00:00;M30;331;15,18;90,30
1013;24/09/2025 04:00:00;URB;132;19,56;89,60
1014;24/09/2025 04:00:00;URB;111;15,64;93,60
1015;24/09/2025 04:00:00;M30;325;16,28;87,30
1016;24/09/2025 04:00:00;URB;137;15,94;80,70
1017;24/09/2025 04:00:00;URB;121;17,71;-1,00
1018;24/09/2025 04:00:00;URB;120;15,41;83,10
1019;24/09/2025 04:00:00;M30;420;19,41;-1,00
1020;24/09/2025 04:00:00;URB;136;15,00;79,70
1021;24/09/2025 04:00:00;M30;374;17,58;81,90
1022;24/09/2025 04:00:00;URB;125;19,97;79,50
1023;24/09/2025 04:00:00;URB;143;18,75;86,40
1024;24/09/2025 04:00:00;URB;157;20,15;93,70
1025;24/09/2025 04:00:00;M30;319;14,25;88,10
1026;24/09/2025 04:00:00;URB;105;9,52;89,70
1027;24/09/2025 04:00:00;M30;345;9,26;90,50
1028;24/09/2025 04:00:00;URB;127;14,27;89,90
1029;24/09/2025 04:00:00;URB;127;19,56;86,00
1030;24/09/2025 04:00:00;URB;137;19,46;79,90
1001;24/09/2025 05:00:00;M30;433;16,74;89,30
1002;24/09/2025 05:00:00;URB;173;22,94;82,00
1003;24/09/2025 05:00:00;M30;509;25,99;88,10
1004;24/09/2025 05:00:00;M30;387;18,66;82,60
1005;24/09/2025 05:00:00;M30;386;17,21;91,80
1006;24/09/2025 05:00:00;M30;465;21,81;88,50
1007;24/09/2025 05:00:00;M30;431;20,42;87,40
1008;24/09/2025 05:00:00;URB;137;16,15;85,90
1009;24/09/2025 05:00:00;M30;493;20,88;80,30
1010;24/09/2025 05:00:00;URB;166;24,65;83,10
1011;24/09/2025 05:00:00;URB;185;22,59;77,20
1012;24/09/2025 05:00:00;M30;374;18,50;74,80
1013;24/09/2025 05:00:00;URB;137;10,75;90,60
1014;24/09/2025 05:00:00;URB;146;21,12;75,20
1015;24/09/2025 05:00:00;M30;456;23,15;82,80
1016;24/09/2025 05:00:00;URB;124;15,33;87,40
1017;24/09/2025 05:00:00;URB;149;19,48;84,80
1018;24/09/2025 05:00:00;URB;162;26,27;-1,00
1019;24/09/2025 05:00:00;M30;485;19,42;93,10
1020;24/09/2025 05:00:00;URB;162;22,66;83,00
1021;24/09/2025 05:00:00;M30;484;28,21;71,30
1022;24/09/2025 05:00:00;URB;174;27,01;79,40
1023;24/09/2025 05:00:00;URB;143;11,75;89,00
1024;24/09/2025 05:00:00;URB;184;26,21;83,30
1025;24/09/2025 05:00:00;M30;401;16,57;81,40
1026;24/09/2025 05:00:00;URB;165;16,82;77,10
1027;24/09/2025 05:00:00;M30;490;21,12;87,60
1028;24/09/2025 05:00:00;URB;164;27,69;75,10
1029;24/09/2025 05:00:00;URB;158;22,70;84,50
1030;24/09/2025 05:00:00;URB;155;16,71;86,90
1001;24/09/2025 06:00:00;M30;600;14,98;81,90
1002;24/09/2025 06:00:00;URB;203;12,27;88,20
1003;24/09/2025 06:00:00;M30;639;28,96;80,50
1004;24/09/2025 06:00:00;M30;593;22,68;82,50
1005;24/09/2025 06:00:00;M30;626;21,69;86,20
1006;24/09/2025 06:00:00;M30;678;30,72;76,90
1007;24/09/2025 06:00:00;M30;564;26,14;79,60
1008;24/09/2025 06:00:00;URB;192;23,57;79,70
1009;24/09/2025 06:00:00;M30;630;30,64;78,10
1010;24/09/2025 06:00:00;URB;198;29,97;77,70
1011;24/09/2025 06:00:00;URB;226;25,43;-1,00
1012;24/09/2025 06:00:00;M30;476;19,33;85,60
1013;24/09/2025 06:00:00;URB;213;35,93;74,60
1014;24/09/2025 06:00:00;URB;191;18,63;85,60
1015;24/09/2025 06:00:00;M30;581;32,98;-1,00
1016;24/09/2025 06:00:00;URB;231;39,59;-1,00
1017;24/09/2025 06:00:00;URB;227;14,69;91,50
1018;24/09/2025 06:00:00;URB;193;25,74;-1,00
1019;24/09/2025 06:00:00;M30;521;20,00;80,90
1020;24/09/2025 06:00:00;URB;185;15,22;87,00
1021;24/09/2025 06:00:00;M30;561;30,60;78,20
1022;24/09/2025 06:00:00;URB;204;26,92;88,80
1023;24/09/2025 06:00:00;URB;179;24,01;82,80
1024;24/09/2025 06:00:00;URB;204;24,83;82,90
1025;24/09/2025 06:00:00;M30;623;34,93;75,30
1026;24/09/2025 06:00:00;URB;178;23,20;77,10
1027;24/09/2025 06:00:00;M30;621;23,02;86,00
1028;24/09/2025 06:00:00;URB;167;23,97;-1,00
1029;24/09/2025 06:00:00;URB;225;39,93;68,60
1030;24/09/2025 06:00:00;URB;217;29,90;87,30
1001;24/09/2025 07:00:00;M30;669;33,38;75,20
1002;24/09/2025 07:00:00;URB;277;33,24;77,00
1003;24/09/2025 07:00:00;M30;831;57,43;59,50
1004;24/09/2025 07:00:00;M30;772;27,61;79,60
1005;24/09/2025 07:00:00;M30;812;38,10;69,70
1006;24/09/2025 07:00:00;M30;803;44,32;72,90
1007;24/09/2025 07:00:00;M30;755;26,21;-1,00
1008;24/09/2025 07:00:00;URB;232;27,02;83,80
1009;24/09/2025 07:00:00;M30;795;37,86;71,80
1010;24/09/2025 07:00:00;URB;293;33,01;-1,00
1011;24/09/2025 07:00:00;URB;297;44,58;72,40
1012;24/09/2025 07:00:00;M30;680;32,16;77,50
1013;24/09/2025 07:00:00;URB;258;26,78;-1,00
1014;24/09/2025 07:00:00;URB;267;52,33;66,90
1015;24/09/2025 07:00:00;M30;826;37,92;67,50
1016;24/09/2025 07:00:00;URB;247;33,71;-1,00
1017;24/09/2025 07:00:00;URB;289;31,68;81,80
1018;24/09/2025 07:00:00;URB;241;32,24;81,40
1019;24/09/2025 07:00:00;M30;696;31,19;84,00
1020;24/09/2025 07:00:00;URB;256;28,73;74,30
1021;24/09/2025 07:00:00;M30;655;16,68;93,20
1022;24/09/2025 07:00:00;URB;298;28,10;84,10
1023;24/09/2025 07:00:00;URB;277;32,38;77,70
1024;24/09/2025 07:00:00;URB;250;30,00;78,20
1025;24/09/2025 07:00:00;M30;636;30,72;77,60
1026;24/09/2025 07:00:00;URB;261;21,60;79,00
1027;24/09/2025 07:00:00;M30;797;46,21;70,50
1028;24/09/2025 07:00:00;URB;244;25,13;85,20
1029;24/09/2025 07:00:00;URB;294;38,86;72,30
1030;24/09/2025 07:00:00;URB;242;29,50;77,60
1001;24/09/2025 08:00:00;M30;796;35,06;72,20
1002;24/09/2025 08:00:00;URB;261;33,93;80,80
1003;24/09/2025 08:00:00;M30;855;26,69;79,50
1004;24/09/2025 08:00:00;M30;861;45,23;76,60
1005;24/09/2025 08:00:00;M30;824;36,06;67,50
1006;24/09/2025 08:00:00;M30;997;49,12;71,30
1007;24/09/2025 08:00:00;M30;701;24,25;82,80
1008;24/09/2025 08:00:00;URB;287;36,67;-1,00
1009;24/09/2025 08:00:00;M30;835;35,62;75,20
1010;24/09/2025 08:00:00;URB;353;45,38;69,60
1011;24/09/2025 08:00:00;URB;338;46,06;70,70
1012;24/09/2025 08:00:00;M30;1.060;47,46;71,70
1013;24/09/2025 08:00:00;URB;310;41,71;72,00
1014;24/09/2025 08:00:00;URB;285;34,59;79,20
1015;24/09/2025 08:00:00;M30;1.006;52,11;68,80
1016;24/09/2025 08:00:00;URB;303;43,94;72,90
1017;24/09/2025 08:00:00;URB;337;43,65;72,40
1018;24/09/2025 08:00:00;URB;306;38,55;70,90
1019;24/09/2025 08:00:00;M30;845;47,06;64,40
1020;24/09/2025 08:00:00;URB;300;34,69;75,20
1021;24/09/2025 08:00:00;M30;986;43,40;72,70
1022;24/09/2025 08:00:00;URB;289;29,45;84,50
1023;24/09/2025 08:00:00;URB;278;46,09;73,20
1024;24/09/2025 08:00:00;URB;363;48,24;70,60
1025;24/09/2025 08:00:00;M30;873;35,06;82,50
1026;24/09/2025 08:00:00;URB;320;47,29;63,60
1027;24/09/2025 08:00:00;M30;884;45,42;67,40
1028;24/09/2025 08:00:00;URB;243;45,44;67,70
1029;24/09/2025 08:00:00;URB;271;44,27;66,10
1030;24/09/2025 08:00:00;URB;324;33,38;67,80
1001;24/09/2025 09:00:00;M30;1.030;53,07;66,80
1002;24/09/2025 09:00:00;URB;334;35,71;74,20
1003;24/09/2025 09:00:00;M30;863;38,54;82,20
1004;24/09/2025 09:00:00;M30;781;29,34;80,60
1005;24/09/2025 09:00:00;M30;871;42,41;76,60
1006;24/09/2025 09:00:00;M30;847;45,09;74,50
1007;24/09/2025 09:00:00;M30;947;41,82;-1,00
1008;24/09/2025 09:00:00;URB;292;39,30;71,30
1009;24/09/2025 09:00:00;M30;813;38,92;70,20
1010;24/09/2025 09:00:00;URB;323;50,90;67,60
1011;24/09/2025 09:00:00;URB;353;43,08;72,70
1012;24/09/2025 09:00:00;M30;920;57,28;63,60
1013;24/09/2025 09:00:00;URB;354;32,59;81,70
1014;24/09/2025 09:00:00;URB;265;21,54;89,40
1015;24/09/2025 09:00:00;M30;1.062;40,68;72,10
1016;24/09/2025 09:00:00;URB;313;37,28;77,50
1017;24/09/2025 09:00:00;URB;287;40,40;74,30
1018;24/09/2025 09:00:00;URB;280;41,21;74,90
1019;24/09/2025 09:00:00;M30;962;56,69;60,90
1020;24/09/2025 09:00:00;URB;301;41,35;76,70
1021;24/09/2025 09:00:00;M30;967;34,46;82,00
1022;24/09/2025 09:00:00;URB;264;27,45;77,20
1023;24/09/2025 09:00:00;URB;233;26,42;85,60
1024;24/09/2025 09:00:00;URB;260;31,26;80,30
1025;24/09/2025 09:00:00;M30;883;50,03;65,20
1026;24/09/2025 09:00:00;URB;275;40,76;72,00
1027;24/09/2025 09:00:00;M30;1.012;45,73;74,00
1028;24/09/2025 09:00:00;URB;254;32,99;-1,00
1029;24/09/2025 09:00:00;URB;316;42,00;-1,00
1030;24/09/2025 09:00:00;URB;284;31,91;74,00
1001;24/09/2025 10:00:00;M30;690;26,77;77,10
1002;24/09/2025 10:00:00;URB;298;37,38;69,10
1003;24/09/2025 10:00:00;M30;715;33,00;74,60
1004;24/09/2025 10:00:00;M30;708;35,50;73,70
1005;24/09/2025 10:00:00;M30;940;34,65;78,70
1006;24/09/2025 10:00:00;M30;665;34,14;80,10
1007;24/09/2025 10:00:00;M30;696;26,37;-1,00
1008;24/09/2025 10:00:00;URB;268;30,82;79,50
1009;24/09/2025 10:00:00;M30;693;22,74;86,60
1010;24/09/2025 10:00:00;URB;241;35,48;78,00
1011;24/09/2025 10:00:00;URB;268;32,89;71,10
1012;24/09/2025 10:00:00;M30;857;35,14;73,10
1013;24/09/2025 10:00:00;URB;260;33,49;77,10
1014;24/09/2025 10:00:00;URB;318;44,28;67,70
1015;24/09/2025 10:00:00;M30;742;31,11;78,00
1016;24/09/2025 10:00:00;URB;264;40,73;64,60
1017;24/09/2025 10:00:00;URB;283;39,00;80,00
1018;24/09/2025 10:00:00;URB;277;30,16;72,20
1019;24/09/2025 10:00:00;M30;828;43,62;74,50
1020;24/09/2025 10:00:00;URB;253;36,48;76,60
1021;24/09/2025 10:00:00;M30;791;31,57;74,90
1022;24/09/2025 10:00:00;URB;257;37,83;72,30
1023;24/09/2025 10:00:00;URB;260;37,41;74,00
1024;24/09/2025 10:00:00;URB;252;30,76;73,30
1025;24/09/2025 10:00:00;M30;932;48,72;64,20
1026;24/09/2025 10:00:00;URB;288;32,73;-1,00
1027;24/09/2025 10:00:00;M30;753;39,70;71,70
1028;24/09/2025 10:00:00;URB;267;32,58;72,70
1029;24/09/2025 10:00:00;URB;269;34,34;-1,00
1030;24/09/2025 10:00:00;URB;293;44,92;67,60
1001;24/09/2025 11:00:00;M30;649;42,57;74,10
1002;24/09/2025 11:00:00;URB;188;28,00;79,40
1003;24/09/2025 11:00:00;M30;584;40,79;74,10
1004;24/09/2025 11:00:00;M30;543;21,66;79,60
1005;24/09/2025 11:00:00;M30;564;32,84;74,60
1006;24/09/2025 11:00:00;M30;561;25,73;-1,00
1007;24/09/2025 11:00:00;M30;661;35,99;67,90
1008;24/09/2025 11:00:00;URB;185;30,38;73,20
1009;24/09/2025 11:00:00;M30;736;30,79;82,30
1010;24/09/2025 11:00:00;URB;183;27,57;78,10
1011;24/09/2025 11:00:00;URB;225;31,17;73,20
1012;24/09/2025 11:00:00;M30;642;28,81;77,10
1013;24/09/2025 11:00:00;URB;194;24,85;77,40
1014;24/09/2025 11:00:00;URB;176;12,21;92,30
1015;24/09/2025 11:00:00;M30;679;43,15;76,60
1016;24/09/2025 11:00:00;URB;241;25,76;81,50
1017;24/09/2025 11:00:00;URB;216;20,98;90,60
1018;24/09/2025 11:00:00;URB;182;17,59;87,80
1019;24/09/2025 11:00:00;M30;464;15,35;84,80
1020;24/09/2025 11:00:00;URB;205;21,41;79,10
1021;24/09/2025 11:00:00;M30;629;33,83;71,30
1022;24/09/2025 11:00:00;URB;195;27,32;78,90
1023;24/09/2025 11:00:00;URB;276;39,83;73,00
1024;24/09/2025 11:00:00;URB;216;28,52;84,50
1025;24/09/2025 11:00:00;M30;634;28,87;-1,00
1026;24/09/2025 11:00:00;URB;211;30,45;80,70
1027;24/09/2025 11:00:00;M30;572;22,34;79,50
1028;24/09/2025 11:00:00;URB;218;27,24;76,20
1029;24/09/2025 11:00:00;URB;198;21,36;82,70
1030;24/09/2025 11:00:00;URB;179;22,35;-1,00
1001;24/09/2025 12:00:00;M30;517;28,26;85,00
1002;24/09/2025 12:00:00;URB;173;13,45;91,00
1003;24/09/2025 12:00:00;M30;471;20,52;82,90
1004;24/09/2025 12:00:00;M30;493;26,03;80,40
1005;24/09/2025 12:00:00;M30;396;24,09;76,70
1006;24/09/2025 12:00:00;M30;446;26,14;83,50
1007;24/09/2025 12:00:00;M30;379;13,78;90,30
1008;24/09/2025 12:00:00;URB;181;26,23;80,70
1009;24/09/2025 12:00:00;M30;460;19,01;80,40
1010;24/09/2025 12:00:00;URB;167;22,84;83,60
1011;24/09/2025 12:00:00;URB;161;26,40;81,40
1012;24/09/2025 12:00:00;M30;513;22,17;91,00
1013;24/09/2025 12:00:00;URB;148;21,06;73,80
1014;24/09/2025 12:00:00;URB;161;19,58;84,60
1015;24/09/2025 12:00:00;M30;490;32,31;71,00
1016;24/09/2025 12:00:00;URB;155;19,44;92,70
1017;24/09/2025 12:00:00;URB;141;20,32;83,20
1018;24/09/2025 12:00:00;URB;186;15,96;89,50
1019;24/09/2025 12:00:00;M30;382;21,66;87,30
1020;24/09/2025 12:00:00;URB;180;28,15;77,30
1021;24/09/2025 12:00:00;M30;424;20,27;84,30
1022;24/09/2025 12:00:00;URB;154;17,23;83,80
1023;24/09/2025 12:00:00;URB;165;26,28;75,40
1024;24/09/2025 12:00:00;URB;169;24,72;-1,00
1025;24/09/2025 12:00:00;M30;469;22,27;83,00
1026;24/09/2025 12:00:00;URB;159;24,67;81,50
1027;24/09/2025 12:00:00;M30;455;15,75;85,60
1028;24/09/2025 12:00:00;URB;142;18,01;93,30
1029;24/09/2025 12:00:00;URB;180;29,21;78,70
1030;24/09/2025 12:00:00;URB;165;18,36;84,50
1001;24/09/2025 13:00:00;M30;433;16,69;-1,00
1002;24/09/2025 13:00:00;URB;150;15,67;88,50
1003;24/09/2025 13:00:00;M30;420;15,69;82,30
1004;24/09/2025 13:00:00;M30;410;20,54;85,20
1005;24/09/2025 13:00:00;M30;376;17,21;83,70
1006;24/09/2025 13:00:00;M30;458;21,19;80,00
1007;24/09/2025 13:00:00;M30;394;20,90;78,40
1008;24/09/2025 13:00:00;URB;139;21,10;78,90
1009;24/09/2025 13:00:00;M30;451;15,73;82,40
1010;24/09/2025 13:00:00;URB;138;17,75;88,10
1011;24/09/2025 13:00:00;URB;145;25,16;86,10
1012;24/09/2025 13:00:00;M30;341;19,17;82,30
1013;24/09/2025 13:00:00;URB;134;18,70;87,40
1014;24/09/2025 13:00:00;URB;161;22,86;86,80
1015;24/09/2025 13:00:00;M30;417;20,01;82,30
1016;24/09/2025 13:00:00;URB;153;21,42;-1,00
1017;24/09/2025 13:00:00;URB;123;20,33;82,80
1018;24/09/2025 13:00:00;URB;148;12,77;87,00
1019;24/09/2025 13:00:00;M30;417;26,05;78,90
1020;24/09/2025 13:00:00;URB;127;15,20;80,30
1021;24/09/2025 13:00:00;M30;430;18,17;89,70
1022;24/09/2025 13:00:00;URB;118;13,49;82,10
1023;24/09/2025 13:00:00;URB;136;15,22;91,40
1024;24/09/2025 13:00:00;URB;136;11,94;81,90
1025;24/09/2025 13:00:00;M30;400;18,78;92,90
1026;24/09/2025 13:00:00;URB;137;22,15;80,30
1027;24/09/2025 13:00:00;M30;364;17,76;83,80
1028;24/09/2025 13:00:00;URB;170;19,78;88,10
1029;24/09/2025 13:00:00;URB;126;15,43;78,70
1030;24/09/2025 13:00:00;URB;133;16,62;89,60
1001;24/09/2025 14:00:00;M30;427;26,01;74,90
1002;24/09/2025 14:00:00;URB;108;15,88;85,80
1003;24/09/2025 14:00:00;M30;388;15,86;92,30
1004;24/09/2025 14:00:00;M30;442;22,50;82,10
1005;24/09/2025 14:00:00;M30;388;16,68;-1,00
1006;24/09/2025 14:00:00;M30;404;16,46;-1,00
1007;24/09/2025 14:00:00;M30;441;18,22;83,20
1008;24/09/2025 14:00:00;URB;142;17,27;82,30
1009;24/09/2025 14:00:00;M30;434;20,01;80,40
1010;24/09/2025 14:00:00;URB;123;15,67;84,80
1011;24/09/2025 14:00:00;URB;147;23,13;85,90
1012;24/09/2025 14:00:00;M30;294;10,64;89,30
1013;24/09/2025 14:00:00;URB;123;13,82;85,20
1014;24/09/2025 14:00:00;URB;151;22,14;78,90
1015;24/09/2025 14:00:00;M30;432;18,06;81,70
1016;24/09/2025 14:00:00;URB;143;19,07;88,30
1017;24/09/2025 14:00:00;URB;150;22,33;-1,00
1018;24/09/2025 14:00:00;URB;158;20,92;83,20
1019;24/09/2025 14:00:00;M30;429;30,23;81,10
1020;24/09/2025 14:00:00;URB;144;18,77;82,80
1021;24/09/2025 14:00:00;M30;415;20,15;-1,00
1022;24/09/2025 14:00:00;URB;151;14,92;78,60
1023;24/09/2025 14:00:00;URB;126;16,92;87,70
1024;24/09/2025 14:00:00;URB;142;21,78;87,70
1025;24/09/2025 14:00:00;M30;366;10,50;83,80
1026;24/09/2025 14:00:00;URB;154;21,24;81,90
1027;24/09/2025 14:00:00;M30;365;13,87;87,60
1028;24/09/2025 14:00:00;URB;137;18,92;-1,00
1029;24/09/2025 14:00:00;URB;146;14,40;91,70
1030;24/09/2025 14:00:00;URB;149;18,12;80,90
1001;24/09/2025 15:00:00;M30;443;30,54;85,60
1002;24/09/2025 15:00:00;URB;149;18,71;87,70
1003;24/09/2025 15:00:00;M30;365;21,75;-1,00
1004;24/09/2025 15:00:00;M30;367;13,97;88,90
1005;24/09/2025 15:00:00;M30;473;19,30;84,90
1006;24/09/2025 15:00:00;M30;517;25,32;87,20
1007;24/09/2025 15:00:00;M30;487;26,68;83,50
1008;24/09/2025 15:00:00;URB;184;25,94;84,50
1009;24/09/2025 15:00:00;M30;459;16,28;86,70
1010;24/09/2025 15:00:00;URB;140;20,66;87,30
1011;24/09/2025 15:00:00;URB;163;18,51;86,10
1012;24/09/2025 15:00:00;M30;500;20,40;88,10
1013;24/09/2025 15:00:00;URB;170;26,77;-1,00
1014;24/09/2025 15:00:00;URB;161;18,80;90,00
1015;24/09/2025 15:00:00;M30;502;26,93;77,70
1016;24/09/2025 15:00:00;URB;145;15,39;85,80
1017;24/09/2025 15:00:00;URB;153;21,47;78,20
1018;24/09/2025 15:00:00;URB;184;22,12;87,20
1019;24/09/2025 15:00:00;M30;488;15,97;85,50
1020;24/09/2025 15:00:00;URB;167;25,00;87,10
1021;24/09/2025 15:00:00;M30;404;23,07;76,60
1022;24/09/2025 15:00:00;URB;168;16,96;80,00
1023;24/09/2025 15:00:00;URB;157;20,59;89,60
1024;24/09/2025 15:00:00;URB;171;20,65;81,00
1025;24/09/2025 15:00:00;M30;449;16,15;86,40
1026;24/09/2025 15:00:00;URB;180;21,71;81,50
1027;24/09/2025 15:00:00;M30;483;24,56;88,30
1028;24/09/2025 15:00:00;URB;155;12,99;87,80
1029;24/09/2025 15:00:00;URB;187;27,47;82,50
1030;24/09/2025 15:00:00;URB;150;23,00;84,10
1001;24/09/2025 16:00:00;M30;629;32,44;75,20
1002;24/09/2025 16:00:00;URB;221;28,01;81,70
1003;24/09/2025 16:00:00;M30;681;19,34;78,30
1004;24/09/2025 16:00:00;M30;598;31,08;82,80
1005;24/09/2025 16:00:00;M30;695;21,82;80,90
1006;24/09/2025 16:00:00;M30;549;30,42;78,20
1007;24/09/2025 16:00:00;M30;594;25,91;76,90
1008;24/09/2025 16:00:00;URB;192;20,80;87,00
1009;24/09/2025 16:00:00;M30;540;18,59;83,20
1010;24/09/2025 16:00:00;URB;226;19,99;85,90
1011;24/09/2025 16:00:00;URB;206;26,95;80,30
1012;24/09/2025 16:00:00;M30;632;34,33;-1,00
1013;24/09/2025 16:00:00;URB;232;22,08;78,40
1014;24/09/2025 16:00:00;URB;236;31,41;80,60
1015;24/09/2025 16:00:00;M30;572;17,73;-1,00
1016;24/09/2025 16:00:00;URB;235;33,03;77,60
1017;24/09/2025 16:00:00;URB;207;28,26;-1,00
1018;24/09/2025 16:00:00;URB;230;28,19;76,20
1019;24/09/2025 16:00:00;M30;650;29,77;76,60
1020;24/09/2025 16:00:00;URB;238;29,40;-1,00
1021;24/09/2025 16:00:00;M30;539;29,03;83,30
1022;24/09/2025 16:00:00;URB;208;28,05;86,20
1023;24/09/2025 16:00:00;URB;197;36,28;77,50
1024;24/09/2025 16:00:00;URB;229;37,71;78,90
1025;24/09/2025 16:00:00;M30;596;25,81;84,30
1026;24/09/2025 16:00:00;URB;231;32,62;83,10
1027;24/09/2025 16:00:00;M30;708;19,55;85,80
1028;24/09/2025 16:00:00;URB;248;24,51;83,20
1029;24/09/2025 16:00:00;URB;198;26,66;73,60
1030;24/09/2025 16:00:00;URB;232;34,87;76,20
1001;24/09/2025 17:00:00;M30;779;33,48;67,70
1002;24/09/2025 17:00:00;URB;242;28,66;78,00
1003;24/09/2025 17:00:00;M30;837;25,71;76,00
1004;24/09/2025 17:00:00;M30;785;38,01;77,80
1005;24/09/2025 17:00:00;M30;621;29,04;80,10
1006;24/09/2025 17:00:00;M30;806;39,85;74,10
1007;24/09/2025 17:00:00;M30;966;48,34;68,20
1008;24/09/2025 17:00:00;URB;283;41,42;73,00
1009;24/09/2025 17:00:00;M30;738;27,91;86,40
1010;24/09/2025 17:00:00;URB;286;19,17;-1,00
1011;24/09/2025 17:00:00;URB;286;34,39;76,10
1012;24/09/2025 17:00:00;M30;842;46,06;70,40
1013;24/09/2025 17:00:00;URB;289;43,82;70,60
1014;24/09/2025 17:00:00;URB;271;39,24;74,20
1015;24/09/2025 17:00:00;M30;881;47,47;68,60
1016;24/09/2025 17:00:00;URB;305;42,16;76,60
1017;24/09/2025 17:00:00;URB;261;44,41;-1,00
1018;24/09/2025 17:00:00;URB;280;42,37;73,00
1019;24/09/2025 17:00:00;M30;765;36,58;74,60
1020;24/09/2025 17:00:00;URB;292;35,65;76,50
1021;24/09/2025 17:00:00;M30;844;42,62;74,00
1022;24/09/2025 17:00:00;URB;268;31,31;-1,00
1023;24/09/2025 17:00:00;URB;249;23,24;85,10
1024;24/09/2025 17:00:00;URB;285;30,35;80,60
1025;24/09/2025 17:00:00;M30;929;37,66;73,90
1026;24/09/2025 17:00:00;URB;271;45,76;69,80
1027;24/09/2025 17:00:00;M30;899;34,65;79,20
1028;24/09/2025 17:00:00;URB;302;46,67;70,50
1029;24/09/2025 17:00:00;URB;318;38,13;71,70
1030;24/09/2025 17:00:00;URB;303;47,39;59,80
1001;24/09/2025 18:00:00;M30;993;48,55;69,30
1002;24/09/2025 18:00:00;URB;338;42,14;77,00
1003;24/09/2025 18:00:00;M30;1.001;49,72;62,90
1004;24/09/2025 18:00:00;M30;843;31,80;79,60
1005;24/09/2025 18:00:00;M30;989;58,14;69,60
1006;24/09/2025 18:00:00;M30;795;41,74;76,90
1007;24/09/2025 18:00:00;M30;1.036;48,51;73,00
1008;24/09/2025 18:00:00;URB;399;55,16;-1,00
1009;24/09/2025 18:00:00;M30;1.058;71,15;53,90
1010;24/09/2025 18:00:00;URB;313;44,77;75,50
1011;24/09/2025 18:00:00;URB;342;46,36;64,80
1012;24/09/2025 18:00:00;M30;915;34,76;72,20
1013;24/09/2025 18:00:00;URB;330;43,73;72,10
1014;24/09/2025 18:00:00;URB;370;55,02;62,80
1015;24/09/2025 18:00:00;M30;944;58,27;60,10
1016;24/09/2025 18:00:00;URB;320;43,16;67,80
1017;24/09/2025 18:00:00;URB;421;70,08;60,50
1018;24/09/2025 18:00:00;URB;320;35,46;73,50
1019;24/09/2025 18:00:00;M30;930;41,75;-1,00
1020;24/09/2025 18:00:00;URB;361;44,36;66,60
1021;24/09/2025 18:00:00;M30;989;48,61;64,30
1022;24/09/2025 18:00:00;URB;350;33,63;73,70
1023;24/09/2025 18:00:00;URB;297;40,55;70,30
1024;24/09/2025 18:00:00;URB;414;52,66;64,10
1025;24/09/2025 18:00:00;M30;910;45,30;69,90
1026;24/09/2025 18:00:00;URB;258;32,86;72,10
1027;24/09/2025 18:00:00;M30;964;32,31;79,90
1028;24/09/2025 18:00:00;URB;352;57,30;-1,00
1029;24/09/2025 18:00:00;URB;301;33,48;73,40
1030;24/09/2025 18:00:00;URB;293;43,78;66,10
1001;24/09/2025 19:00:00;M30;1.050;43,55;-1,00
1002;24/09/2025 19:00:00;URB;374;57,31;-1,00
1003;24/09/2025 19:00:00;M30;1.076;59,40;60,10
1004;24/09/2025 19:00:00;M30;1.045;38,68;71,50
1005;24/09/2025 19:00:00;M30;964;46,21;67,80
1006;24/09/2025 19:00:00;M30;918;54,97;68,90
1007;24/09/2025 19:00:00;M30;953;44,63;69,90
1008;24/09/2025 19:00:00;URB;358;52,46;66,30
1009;24/09/2025 19:00:00;M30;1.063;43,78;69,90
1010;24/09/2025 19:00:00;URB;342;39,47;75,40
1011;24/09/2025 19:00:00;URB;344;46,40;73,30
1012;24/09/2025 19:00:00;M30;1.211;53,94;65,10
1013;24/09/2025 19:00:00;URB;328;44,77;-1,00
1014;24/09/2025 19:00:00;URB;397;60,11;64,90
1015;24/09/2025 19:00:00;M30;1.044;75,64;55,40
1016;24/09/2025 19:00:00;URB;361;34,76;73,60
1017;24/09/2025 19:00:00;URB;376;45,11;72,50
1018;24/09/2025 19:00:00;URB;289;35,68;67,30
1019;24/09/2025 19:00:00;M30;901;44,09;69,00
1020;24/09/2025 19:00:00;URB;400;67,80;50,80
1021;24/09/2025 19:00:00;M30;1.203;42,17;-1,00
1022;24/09/2025 19:00:00;URB;387;40,72;69,50
1023;24/09/2025 19:00:00;URB;386;43,08;74,50
1024;24/09/2025 19:00:00;URB;380;52,11;67,50
1025;24/09/2025 19:00:00;M30;1.049;71,87;54,70
1026;24/09/2025 19:00:00;URB;413;45,75;69,30
1027;24/09/2025 19:00:00;M30;1.101;59,59;-1,00
1028;24/09/2025 19:00:00;URB;286;38,44;70,60
1029;24/09/2025 19:00:00;URB;375;46,60;74,10
1030;24/09/2025 19:00:00;URB;333;43,22;72,30
1001;24/09/2025 20:00:00;M30;988;35,27;70,70
1002;24/09/2025 20:00:00;URB;327;37,33;68,70
1003;24/09/2025 20:00:00;M30;807;42,23;79,00
1004;24/09/2025 20:00:00;M30;1.033;35,62;74,10
1005;24/09/2025 20:00:00;M30;888;37,88;75,70
1006;24/09/2025 20:00:00;M30;990;33,23;81,80
1007;24/09/2025 20:00:00;M30;1.149;53,29;67,80
1008;24/09/2025 20:00:00;URB;299;51,56;67,30
1009;24/09/2025 20:00:00;M30;875;39,44;75,30
1010;24/09/2025 20:00:00;URB;372;42,17;67,20
1011;24/09/2025 20:00:00;URB;395;61,22;58,40
1012;24/09/2025 20:00:00;M30;936;46,23;63,00
1013;24/09/2025 20:00:00;URB;350;55,20;58,60
1014;24/09/2025 20:00:00;URB;350;51,76;-1,00
1015;24/09/2025 20:00:00;M30;990;47,35;72,70
1016;24/09/2025 20:00:00;URB;402;60,88;63,40
1017;24/09/2025 20:00:00;URB;297;42,95;75,10
1018;24/09/2025 20:00:00;URB;360;45,11;73,20
1019;24/09/2025 20:00:00;M30;983;26,10;85,00
1020;24/09/2025 20:00:00;URB;354;45,66;69,30
1021;24/09/2025 20:00:00;M30;945;41,19;75,40
1022;24/09/2025 20:00:00;URB;307;46,14;-1,00
1023;24/09/2025 20:00:00;URB;333;42,99;67,70
1024;24/09/2025 20:00:00;URB;376;37,77;66,90
1025;24/09/2025 20:00:00;M30;919;34,26;75,10
1026;24/09/2025 20:00:00;URB;355;50,27;69,20
1027;24/09/2025 20:00:00;M30;931;39,49;-1,00
1028;24/09/2025 20:00:00;URB;370;48,04;61,80
1029;24/09/2025 20:00:00;URB;371;46,13;68,00
1030;24/09/2025 20:00:00;URB;300;38,55;88,30
1001;24/09/2025 21:00:00;M30;540;34,49;76,50
1002;24/09/2025 21:00:00;URB;277;33,99;74,20
1003;24/09/2025 21:00:00;M30;725;43,12;-1,00
1004;24/09/2025 21:00:00;M30;689;26,34;76,50
1005;24/09/2025 21:00:00;M30;534;17,62;93,90
1006;24/09/2025 21:00:00;M30;740;33,23;87,70
1007;24/09/2025 21:00:00;M30;879;34,00;75,40
1008;24/09/2025 21:00:00;URB;275;38,60;73,10
1009;24/09/2025 21:00:00;M30;730;32,09;76,80
1010;24/09/2025 21:00:00;URB;311;43,32;71,20
1011;24/09/2025 21:00:00;URB;278;42,59;67,90
1012;24/09/2025 21:00:00;M30;758;38,96;70,90
1013;24/09/2025 21:00:00;URB;324;33,98;-1,00
1014;24/09/2025 21:00:00;URB;304;40,78;-1,00
1015;24/09/2025 21:00:00;M30;765;40,81;77,50
1016;24/09/2025 21:00:00;URB;306;48,02;69,70
1017;24/09/2025 21:00:00;URB;282;32,23;79,80
1018;24/09/2025 21:00:00;URB;274;42,62;-1,00
1019;24/09/2025 21:00:00;M30;691;39,95;-1,00
1020;24/09/2025 21:00:00;URB;293;24,41;86,70
1021;24/09/2025 21:00:00;M30;841;26,93;84,20
1022;24/09/2025 21:00:00;URB;321;48,26;66,50
1023;24/09/2025 21:00:00;URB;321;32,21;-1,00
1024;24/09/2025 21:00:00;URB;277;41,40;68,50
1025;24/09/2025 21:00:00;M30;804;31,98;80,70
1026;24/09/2025 21:00:00;URB;274;37,95;79,00
1027;24/09/2025 21:00:00;M30;819;50,10;-1,00
1028;24/09/2025 21:00:00;URB;285;29,97;83,90
1029;24/09/2025 21:00:00;URB;267;36,84;74,20
1030;24/09/2025 21:00:00;URB;193;20,72;83,30
1001;24/09/2025 22:00:00;M30;464;20,24;84,70
1002;24/09/2025 22:00:00;URB;234;28,95;69,60
1003;24/09/2025 22:00:00;M30;721;30,17;81,90
1004;24/09/2025 22:00:00;M30;673;34,42;74,80
1005;24/09/2025 22:00:00;M30;554;22,59;82,90
1006;24/09/2025 22:00:00;M30;634;24,34;-1,00
1007;24/09/2025 22:00:00;M30;624;41,26;71,90
1008;24/09/2025 22:00:00;URB;173;22,47;80,90
1009;24/09/2025 22:00:00;M30;634;23,29;84,20
1010;24/09/2025 22:00:00;URB;202;19,76;85,80
1011;24/09/2025 22:00:00;URB;214;29,73;75,80
1012;24/09/2025 22:00:00;M30;637;27,86;-1,00
1013;24/09/2025 22:00:00;URB;190;27,95;82,40
1014;24/09/2025 22:00:00;URB;219;16,01;84,80
1015;24/09/2025 22:00:00;M30;554;29,58;76,60
1016;24/09/2025 22:00:00;URB;219;27,06;74,80
1017;24/09/2025 22:00:00;URB;199;25,98;82,50
1018;24/09/2025 22:00:00;URB;202;29,56;76,90
1019;24/09/2025 22:00:00;M30;606;30,16;81,20
1020;24/09/2025 22:00:00;URB;221;29,29;78,90
1021;24/09/2025 22:00:00;M30;649;30,33;85,40
1022;24/09/2025 22:00:00;URB;223;24,67;80,60
1023;24/09/2025 22:00:00;URB;225;26,12;81,80
1024;24/09/2025 22:00:00;URB;234;36,27;84,00
1025;24/09/2025 22:00:00;M30;566;26,64;74,60
1026;24/09/2025 22:00:00;URB;252;25,67;82,60
1027;24/09/2025 22:00:00;M30;598;25,44;83,50
1028;24/09/2025 22:00:00;URB;209;37,50;75,40
1029;24/09/2025 22:00:00;URB;248;28,88;82,00
1030;24/09/2025 22:00:00;URB;235;32,95;74,30
1001;24/09/2025 23:00:00;M30;500;24,74;79,00
1002;24/09/2025 23:00:00;URB;158;17,34;80,20
1003;24/09/2025 23:00:00;M30;443;22,65;82,60
1004;24/09/2025 23:00:00;M30;370;16,56;81,40
1005;24/09/2025 23:00:00;M30;501;19,60;76,80
1006;24/09/2025 23:00:00;M30;431;19,45;78,50
1007;24/09/2025 23:00:00;M30;473;29,00;79,30
1008;24/09/2025 23:00:00;URB;152;20,37;85,10
1009;24/09/2025 23:00:00;M30;514;26,10;86,70
1010;24/09/2025 23:00:00;URB;169;18,04;92,90
1011;24/09/2025 23:00:00;URB;196;32,25;71,20
1012;24/09/2025 23:00:00;M30;406;20,99;81,90
1013;24/09/2025 23:00:00;URB;171;26,67;79,50
1014;24/09/2025 23:00:00;URB;167;20,98;88,70
1015;24/09/2025 23:00:00;M30;427;19,95;87,50
1016;24/09/2025 23:00:00;URB;182;24,45;82,30
1017;24/09/2025 23:00:00;URB;159;25,24;82,50
1018;24/09/2025 23:00:00;URB;157;18,83;80,90
1019;24/09/2025 23:00:00;M30;435;16,12;88,40
1020;24/09/2025 23:00:00;URB;152;21,51;79,60
1021;24/09/2025 23:00:00;M30;363;16,83;76,80
1022;24/09/2025 23:00:00;URB;191;27,29;76,80
1023;24/09/2025 23:00:00;URB;156;17,90;81,40
1024;24/09/2025 23:00:00;URB;144;20,66;81,80
1025;24/09/2025 23:00:00;M30;494;29,40;84,00
1026;24/09/2025 23:00:00;URB;187;25,84;81,80
1027;24/09/2025 23:00:00;M30;438;24,69;87,40
1028;24/09/2025 23:00:00;URB;195;25,06;83,70
1029;24/09/2025 23:00:00;URB;180;27,22;-1,00
1030;24/09/2025 23:00:00;URB;157;17,18;85,40
1001;25/09/2025 00:00:00;M30;356;11,55;94,20
1002;25/09/2025 00:00:00;URB;97;15,13;84,70
1003;25/09/2025 00:00:00;M30;327;15,71;-1,00
1004;25/09/2025 00:00:00;M30;310;16,20;82,10
1005;25/09/2025 00:00:00;M30;320;14,19;84,30
1006;25/09/2025 00:00:00;M30;305;10,94;89,80
1007;25/09/2025 00:00:00;M30;291;12,51;85,40
1008;25/09/2025 00:00:00;URB;114;14,60;89,40
1009;25/09/2025 00:00:00;M30;272;11,48;83,60
1010;25/09/2025 00:00:00;URB;111;16,83;-1,00
1011;25/09/2025 00:00:00;URB;128;18,03;87,00
1012;25/09/2025 00:00:00;M30;381;18,42;85,00
1013;25/09/2025 00:00:00;URB;101;11,70;87,90
1014;25/09/2025 00:00:00;URB;100;14,57;97,30
1015;25/09/2025 00:00:00;M30;305;13,58;85,80
1016;25/09/2025 00:00:00;URB;107;11,14;82,90
1017;25/09/2025 00:00:00;URB;108;15,85;83,50
1018;25/09/2025 00:00:00;URB;106;13,70;84,70
1019;25/09/2025 00:00:00;M30;257;13,87;87,10
1020;25/09/2025 00:00:00;URB;111;10,53;82,20
1021;25/09/2025 00:00:00;M30;322;12,39;82,70
1022;25/09/2025 00:00:00;URB;93;16,36;93,60
1023;25/09/2025 00:00:00;URB;105;17,38;85,60
1024;25/09/2025 00:00:00;URB;99;15,94;86,10
1025;25/09/2025 00:00:00;M30;260;10,83;83,70
1026;25/09/2025 00:00:00;URB;109;16,42;84,60
1027;25/09/2025 00:00:00;M30;378;14,84;91,70
1028;25/09/2025 00:00:00;URB;119;20,80;86,60
1029;25/09/2025 00:00:00;URB;121;10,33;91,00
1030;25/09/2025 00:00:00;URB;110;9,91;93,90
1001;25/09/2025 01:00:00;M30;300;12,81;91,30
1002;25/09/2025 01:00:00;URB;118;12,44;81,90
1003;25/09/2025 01:00:00;M30;358;15,69;83,70
1004;25/09/2025 01:00:00;M30;300;16,28;78,10
1005;25/09/2025 01:00:00;M30;292;12,61;78,20
1006;25/09/2025 01:00:00;M30;301;12,33;85,50
1007;25/09/2025 01:00:00;M30;328;15,63;87,90
1008;25/09/2025 01:00:00;URB;103;15,84;86,70
1009;25/09/2025 01:00:00;M30;321;15,24;84,90
1010;25/09/2025 01:00:00;URB;96;11,47;90,70
1011;25/09/2025 01:00:00;URB;116;14,91;87,80
1012;25/09/2025 01:00:00;M30;272;11,84;-1,00
1013;25/09/2025 01:00:00;URB;139;15,69;78,20
1014;25/09/2025 01:00:00;URB;125;16,80;85,60
1015;25/09/2025 01:00:00;M30;323;17,52;89,60
1016;25/09/2025 01:00:00;URB;116;14,60;86,80
1017;25/09/2025 01:00:00;URB;102;14,14;92,20
1018;25/09/2025 01:00:00;URB;98;13,63;94,90
1019;25/09/2025 01:00:00;M30;326;15,91;-1,00
1020;25/09/2025 01:00:00;URB;105;11,11;86,10
1021;25/09/2025 01:00:00;M30;340;15,18;-1,00
1022;25/09/2025 01:00:00;URB;128;16,74;83,90
1023;25/09/2025 01:00:00;URB;114;18,44;81,80
1024;25/09/2025 01:00:00;URB;101;17,54;-1,00
1025;25/09/2025 01:00:00;M30;331;16,08;-1,00
1026;25/09/2025 01:00:00;URB;121;13,99;86,20
1027;25/09/2025 01:00:00;M30;353;18,61;90,20
1028;25/09/2025 01:00:00;URB;119;16,95;-1,00
1029;25/09/2025 01:00:00;URB;115;17,03;87,10
1030;25/09/2025 01:00:00;URB;114;20,74;81,10
1001;25/09/2025 02:00:00;M30;324;12,06;96,90
1002;25/09/2025 02:00:00;URB;122;20,01;77,80
1003;25/09/2025 02:00:00;M30;313;16,25;-1,00
1004;25/09/2025 02:00:00;M30;359;14,37;86,40
1005;25/09/2025 02:00:00;M30;273;13,18;-1,00
1006;25/09/2025 02:00:00;M30;347;19,66;85,90
1007;25/09/2025 02:00:00;M30;345;17,74;85,90
1008;25/09/2025 02:00:00;URB;128;19,53;79,60
1009;25/09/2025 02:00:00;M30;382;16,31;88,80
1010;25/09/2025 02:00:00;URB;126;20,88;81,30
1011;25/09/2025 02:00:00;URB;118;13,65;86,50
1012;25/09/2025 02:00:00;M30;272;14,66;87,00
1013;25/09/2025 02:00:00;URB;127;16,72;81,20
1014;25/09/2025 02:00:00;URB;108;17,55;85,50
1015;25/09/2025 02:00:00;M30;281;13,25;89,10
1016;25/09/2025 02:00:00;URB;116;18,89;93,60
1017;25/09/2025 02:00:00;URB;119;15,75;90,50
1018;25/09/2025 02:00:00;URB;118;14,72;87,80
1019;25/09/2025 02:00:00;M30;277;15,90;84,40
1020;25/09/2025 02:00:00;URB;114;13,54;86,60
1021;25/09/2025 02:00:00;M30;318;17,53;86,60
1022;25/09/2025 02:00:00;URB;133;16,97;84,70
1023;25/09/2025 02:00:00;URB;138;18,34;87,50
1024;25/09/2025 02:00:00;URB;114;15,05;78,70
1025;25/09/2025 02:00:00;M30;279;14,57;85,50
1026;25/09/2025 02:00:00;URB;94;15,08;-1,00
1027;25/09/2025 02:00:00;M30;318;10,99;-1,00
1028;25/09/2025 02:00:00;URB;113;19,41;-1,00
1029;25/09/2025 02:00:00;URB;112;18,61;84,30
1030;25/09/2025 02:00:00;URB;118;19,77;-1,00
1001;25/09/2025 03:00:00;M30;391;20,34;85,50
1002;25/09/2025 03:00:00;URB;117;14,06;89,10
1003;25/09/2025 03:00:00;M30;324;11,79;91,50
1004;25/09/2025 03:00:00;M30;346;16,06;88,50
1005;25/09/2025 03:00:00;M30;366;19,31;86,10
1006;25/09/2025 03:00:00;M30;343;16,58;85,30
1007;25/09/2025 03:00:00;M30;291;18,03;87,40
1008;25/09/2025 03:00:00;URB;118;16,68;85,60
1009;25/09/2025 03:00:00;M30;327;17,12;88,40
1010;25/09/2025 03:00:00;URB;117;12,37;82,30
1011;25/09/2025 03:00:00;URB;148;19,35;-1,00
1012;25/09/2025 03:00:00;M30;317;16,66;87,90
1013;25/09/2025 03:00:00;URB;128;9,55;89,00
1014;25/09/2025 03:00:00;URB;122;12,73;81,70
1015;25/09/2025 03:00:00;M30;300;10,57;87,40
1016;25/09/2025 03:00:00;URB;107;15,25;85,80
1017;25/09/2025 03:00:00;URB;120;12,63;89,60
1018;25/09/2025 03:00:00;URB;115;14,20;90,70
1019;25/09/2025 03:00:00;M30;398;21,49;82,40
1020;25/09/2025 03:00:00;URB;92;13,08;82,90
1021;25/09/2025 03:00:00;M30;350;17,44;83,30
1022;25/09/2025 03:00:00;URB;93;11,23;-1,00
1023;25/09/2025 03:00:00;URB;147;18,32;87,10
1024;25/09/2025 03:00:00;URB;103;13,31;-1,00
1025;25/09/2025 03:00:00;M30;328;15,57;76,40
1026;25/09/2025 03:00:00;URB;110;17,76;80,90
1027;25/09/2025 03:00:00;M30;301;13,58;86,40
1028;25/09/2025 03:00:00;URB;103;11,11;90,00
1029;25/09/2025 03:00:00;URB;130;20,82;88,80
1030;25/09/2025 03:00:00;URB;100;17,81;86,90
1001;25/09/2025 04:00:00;M30;425;14,70;90,00
1002;25/09/2025 04:00:00;URB;115;12,16;-1,00
1003;25/09/2025 04:00:00;M30;371;23,48;90,20
1004;25/09/2025 04:00:00;M30;347;16,68;81,90
1005;25/09/2025 04:00:00;M30;392;13,13;89,80
1006;25/09/2025 04:00:00;M30;393;27,29;82,80
1007;25/09/2025 04:00:00;M30;347;17,23;95,30
1008;25/09/2025 04:00:00;URB;132;12,44;85,60
1009;25/09/2025 04:00:00;M30;345;16,01;85,20
1010;25/09/2025 04:00:00;URB;112;15,69;85,00
1011;25/09/2025 04:00:00;URB;96;14,71;-1,00
1012;25/09/2025 04:00:00;M30;395;22,57;83,70
1013;25/09/2025 04:00:00;URB;133;14,04;84,70
1014;25/09/2025 04:00:00;URB;114;12,70;91,50
1015;25/09/2025 04:00:00;M30;414;17,43;82,70
1016;25/09/2025 04:00:00;URB;143;16,22;90,40
1017;25/09/2025 04:00:00;URB;141;13,15;89,00
1018;25/09/2025 04:00:00;URB;133;16,08;80,80
1019;25/09/2025 04:00:00;M30;420;19,25;-1,00
1020;25/09/2025 04:00:00;URB;120;10,75;86,70
1021;25/09/2025 04:00:00;M30;340;10,24;88,80
1022;25/09/2025 04:00:00;URB;119;19,53;84,30
1023;25/09/2025 04:00:00;URB;131;17,45;84,30
1024;25/09/2025 04:00:00;URB;129;12,04;91,30
1025;25/09/2025 04:00:00;M30;406;21,22;78,40
1026;25/09/2025 04:00:00;URB;122;15,74;93,00
1027;25/09/2025 04:00:00;M30;354;13,62;81,90
1028;25/09/2025 04:00:00;URB;132;16,37;-1,00
1029;25/09/2025 04:00:00;URB;136;17,78;84,40
1030;25/09/2025 04:00:00;URB;157;16,91;85,40
1001;25/09/2025 05:00:00;M30;375;15,18;88,80
1002;25/09/2025 05:00:00;URB;161;18,94;85,60
1003;25/09/2025 05:00:00;M30;445;17,64;86,60
1004;25/09/2025 05:00:00;M30;499;17,26;96,60
1005;25/09/2025 05:00:00;M30;408;15,19;-1,00
1006;25/09/2025 05:00:00;M30;424;21,80;81,00
1007;25/09/2025 05:00:00;M30;453;24,65;76,20
1008;25/09/2025 05:00:00;URB;163;14,60;88,70
1009;25/09/2025 05:00:00;M30;514;32,99;69,50
1010;25/09/2025 05:00:00;URB;171;20,39;80,10
1011;25/09/2025 05:00:00;URB;188;17,24;-1,00
1012;25/09/2025 05:00:00;M30;408;19,29;83,80
1013;25/09/2025 05:00:00;URB;162;21,27;85,50
1014;25/09/2025 05:00:00;URB;169;19,73;78,80
1015;25/09/2025 05:00:00;M30;421;20,89;83,50
1016;25/09/2025 05:00:00;URB;163;29,97;-1,00
1017;25/09/2025 05:00:00;URB;154;18,14;86,30
1018;25/09/2025 05:00:00;URB;157;22,00;83,40
1019;25/09/2025 05:00:00;M30;412;17,33;87,30
1020;25/09/2025 05:00:00;URB;147;17,49;85,30
1021;25/09/2025 05:00:00;M30;490;21,91;74,70
1022;25/09/2025 05:00:00;URB;134;16,62;81,90
1023;25/09/2025 05:00:00;URB;128;18,75;84,40
1024;25/09/2025 05:00:00;URB;150;21,60;82,10
1025;25/09/2025 05:00:00;M30;444;24,84;83,90
1026;25/09/2025 05:00:00;URB;149;24,17;72,50
1027;25/09/2025 05:00:00;M30;484;23,03;79,90
1028;25/09/2025 05:00:00;URB;180;21,15;78,50
1029;25/09/2025 05:00:00;URB;154;17,92;83,90
1030;25/09/2025 05:00:00;URB;134;20,29;76,00
1001;25/09/2025 06:00:00;M30;562;19,40;85,50
1002;25/09/2025 06:00:00;URB;234;39,90;77,10
1003;25/09/2025 06:00:00;M30;604;23,45;81,80
1004;25/09/2025 06:00:00;M30;526;27,88;73,30
1005;25/09/2025 06:00:00;M30;606;25,31;89,30
1006;25/09/2025 06:00:00;M30;506;30,42;77,00
1007;25/09/2025 06:00:00;M30;571;24,10;85,30
1008;25/09/2025 06:00:00;URB;170;21,19;78,50
1009;25/09/2025 06:00:00;M30;569;27,47;77,70
1010;25/09/2025 06:00:00;URB;206;20,46;81,00
1011;25/09/2025 06:00:00;URB;205;32,31;74,80
1012;25/09/2025 06:00:00;M30;672;31,47;-1,00
1013;25/09/2025 06:00:00;URB;196;24,29;76,40
1014;25/09/2025 06:00:00;URB;204;25,73;82,80
1015;25/09/2025 06:00:00;M30;659;33,13;76,80
1016;25/09/2025 06:00:00;URB;194;22,44;84,90
1017;25/09/2025 06:00:00;URB;208;22,75;82,50
1018;25/09/2025 06:00:00;URB;197;27,97;75,70
1019;25/09/2025 06:00:00;M30;582;32,13;80,40
1020;25/09/2025 06:00:00;URB;226;23,92;85,50
1021;25/09/2025 06:00:00;M30;629;34,11;76,60
1022;25/09/2025 06:00:00;URB;202;21,50;84,00
1023;25/09/2025 06:00:00;URB;211;33,28;79,10
1024;25/09/2025 06:00:00;URB;185;14,21;83,90
1025;25/09/2025 06:00:00;M30;640;32,54;73,50
1026;25/09/2025 06:00:00;URB;220;35,38;-1,00
1027;25/09/2025 06:00:00;M30;530;15,21;88,40
1028;25/09/2025 06:00:00;URB;211;22,31;82,80
1029;25/09/2025 06:00:00;URB;213;26,48;77,70
1030;25/09/2025 06:00:00;URB;190;22,09;82,30
1001;25/09/2025 07:00:00;M30;700;33,17;-1,00
1002;25/09/2025 07:00:00;URB;250;33,27;79,40
1003;25/09/2025 07:00:00;M30;782;32,25;75,90
1004;25/09/2025 07:00:00;M30;739;40,25;70,20
1005;25/09/2025 07:00:00;M30;832;33,30;76,00
1006;25/09/2025 07:00:00;M30;767;34,25;82,40
1007;25/09/2025 07:00:00;M30;797;50,50;69,80
1008;25/09/2025 07:00:00;URB;256;29,52;72,00
1009;25/09/2025 07:00:00;M30;807;36,56;72,30
1010;25/09/2025 07:00:00;URB;243;34,69;75,00
1011;25/09/2025 07:00:00;URB;255;30,07;86,60
1012;25/09/2025 07:00:00;M30;746;39,93;-1,00
1013;25/09/2025 07:00:00;URB;300;41,63;70,60
1014;25/09/2025 07:00:00;URB;271;33,13;77,00
1015;25/09/2025 07:00:00;M30;739;41,84;68,40
1016;25/09/2025 07:00:00;URB;276;30,36;75,60
1017;25/09/2025 07:00:00;URB;265;31,02;74,60
1018;25/09/2025 07:00:00;URB;283;39,68;78,80
1019;25/09/2025 07:00:00;M30;830;38,64;75,50
1020;25/09/2025 07:00:00;URB;242;35,49;71,80
1021;25/09/2025 07:00:00;M30;893;33,48;72,30
1022;25/09/2025 07:00:00;URB;275;29,94;79,40
1023;25/09/2025 07:00:00;URB;317;34,78;77,70
1024;25/09/2025 07:00:00;URB;232;34,84;-1,00
1025;25/09/2025 07:00:00;M30;730;33,69;73,80
1026;25/09/2025 07:00:00;URB;265;35,44;72,10
1027;25/09/2025 07:00:00;M30;738;37,05;69,50
1028;25/09/2025 07:00:00;URB;294;32,51;77,20
1029;25/09/2025 07:00:00;URB;277;40,06;72,40
1030;25/09/2025 07:00:00;URB;210;27,31;81,10
1001;25/09/2025 08:00:00;M30;807;31,90;74,30
1002;25/09/2025 08:00:00;URB;370;53,63;-1,00
1003;25/09/2025 08:00:00;M30;970;53,22;64,30
1004;25/09/2025 08:00:00;M30;807;31,05;77,90
1005;25/09/2025 08:00:00;M30;794;35,29;70,60
1006;25/09/2025 08:00:00;M30;853;43,51;71,60
1007;25/09/2025 08:00:00;M30;960;47,87;68,30
1008;25/09/2025 08:00:00;URB;326;37,99;78,40
1009;25/09/2025 08:00:00;M30;823;40,18;69,40
1010;25/09/2025 08:00:00;URB;324;28,37;86,80
1011;25/09/2025 08:00:00;URB;296;42,14;71,40
1012;25/09/2025 08:00:00;M30;941;36,27;76,70
1013;25/09/2025 08:00:00;URB;343;51,23;65,70
1014;25/09/2025 08:00:00;URB;315;34,27;-1,00
1015;25/09/2025 08:00:00;M30;969;46,70;63,90
1016;25/09/2025 08:00:00;URB;283;26,59;75,10
1017;25/09/2025 08:00:00;URB;325;41,04;75,10
1018;25/09/2025 08:00:00;URB;298;31,76;75,30
1019;25/09/2025 08:00:00;M30;725;39,94;-1,00
1020;25/09/2025 08:00:00;URB;300;35,75;72,50
1021;25/09/2025 08:00:00;M30;1.055;60,01;63,60
1022;25/09/2025 08:00:00;URB;343;31,12;74,90
1023;25/09/2025 08:00:00;URB;333;43,15;71,60
1024;25/09/2025 08:00:00;URB;290;46,14;68,40
1025;25/09/2025 08:00:00;M30;783;51,23;56,60
1026;25/09/2025 08:00:00;URB;272;46,39;73,40
1027;25/09/2025 08:00:00;M30;782;37,04;78,40
1028;25/09/2025 08:00:00;URB;349;42,56;70,80
1029;25/09/2025 08:00:00;URB;306;38,39;75,40
1030;25/09/2025 08:00:00;URB;310;23,32;83,10
1001;25/09/2025 09:00:00;M30;979;54,36;68,80
1002;25/09/2025 09:00:00;URB;299;50,26;73,40
1003;25/09/2025 09:00:00;M30;857;48,01;71,20
1003;25/09/2025 09:00:00;M30;857;48,01;71,20
1004;25/09/2025 09:00:00;M30;975;51,85;64,20
1005;25/09/2025 09:00:00;M30;923;43,28;72,40
1006;25/09/2025 09:00:00;M30;1.030;47,17;72,80
1007;25/09/2025 09:00:00;M30;1.037;43,16;70,30
1008;25/09/2025 09:00:00;URB;281;37,33;69,90
1009;25/09/2025 09:00:00;M30;860;28,72;80,60
1010;25/09/2025 09:00:00;URB;297;24,50;78,90
1011;25/09/2025 09:00:00;URB;244;31,23;78,10
1012;25/09/2025 09:00:00;M30;990;44,80;71,80
1013;25/09/2025 09:00:00;URB;371;73,65;60,70
1014;25/09/2025 09:00:00;URB;300;40,08;71,70
1015;25/09/2025 09:00:00;M30;885;38,87;72,70
1016;25/09/2025 09:00:00;URB;382;69,56;59,60
1017;25/09/2025 09:00:00;URB;346;34,03;70,20
1018;25/09/2025 09:00:00;URB;287;36,25;77,50
1019;25/09/2025 09:00:00;M30;784;34,35;76,30
1020;25/09/2025 09:00:00;URB;251;33,03;-1,00
1021;25/09/2025 09:00:00;M30;937;49,30;59,10
1022;25/09/2025 09:00:00;URB;317;39,04;74,60
1023;25/09/2025 09:00:00;URB;328;48,00;64,60
1024;25/09/2025 09:00:00;URB;297;35,65;77,10
1025;25/09/2025 09:00:00;M30;965;55,81;62,10
1026;25/09/2025 09:00:00;URB;272;42,18;70,50
1027;25/09/2025 09:00:00;M30;764;28,11;-1,00
1028;25/09/2025 09:00:00;URB;312;44,37;76,20
1029;25/09/2025 09:00:00;URB;293;46,38;74,10
1030;25/09/2025 09:00:00;URB;284;34,07;79,10
1001;25/09/2025 10:00:00;M30;632;27,74;75,70
1002;25/09/2025 10:00:00;URB;235;31,71;74,40
1003;25/09/2025 10:00:00;M30;826;40,89;74,70
1004;25/09/2025 10:00:00;M30;853;34,92;70,30
1005;25/09/2025 10:00:00;M30;589;25,79;83,10
1006;25/09/2025 10:00:00;M30;846;41,61;-1,00
1007;25/09/2025 10:00:00;M30;800;45,70;71,70
1008;25/09/2025 10:00:00;URB;259;42,88;72,50
1009;25/09/2025 10:00:00;M30;772;38,08;71,20
1010;25/09/2025 10:00:00;URB;290;42,32;71,90
1011;25/09/2025 10:00:00;URB;266;31,85;82,70
1012;25/09/2025 10:00:00;M30;786;41,02;74,20
1013;25/09/2025 10:00:00;URB;285;45,42;69,70
1014;25/09/2025 10:00:00;URB;323;51,52;70,20
1015;25/09/2025 10:00:00;M30;784;36,38;76,20
1016;25/09/2025 10:00:00;URB;284;22,81;78,90
1017;25/09/2025 10:00:00;URB;304;45,72;64,60
1018;25/09/2025 10:00:00;URB;252;36,59;80,90
1019;25/09/2025 10:00:00;M30;743;29,52;81,20
1020;25/09/2025 10:00:00;URB;275;42,55;72,80
1021;25/09/2025 10:00:00;M30;747;38,43;69,80
1022;25/09/2025 10:00:00;URB;241;21,97;80,20
1023;25/09/2025 10:00:00;URB;290;35,54;74,60
1024;25/09/2025 10:00:00;URB;293;35,51;67,10
1025;25/09/2025 10:00:00;M30;718;31,99;72,90
1026;25/09/2025 10:00:00;URB;313;50,88;67,20
1027;25/09/2025 10:00:00;M30;870;41,11;78,20
1028;25/09/2025 10:00:00;URB;236;33,03;81,70
1029;25/09/2025 10:00:00;URB;244;28,86;74,30
1030;25/09/2025 10:00:00;URB;242;43,70;76,00
1001;25/09/2025 11:00:00;M30;537;26,47;78,40
1002;25/09/2025 11:00:00;URB;215;23,77;78,70
1003;25/09/2025 11:00:00;M30;645;27,46;80,50
1004;25/09/2025 11:00:00;M30;666;38,05;71,90
1005;25/09/2025 11:00:00;M30;583;25,44;77,90
1006;25/09/2025 11:00:00;M30;596;34,64;74,90
1007;25/09/2025 11:00:00;M30;652;23,41;83,30
1008;25/09/2025 11:00:00;URB;214;20,95;83,00
1009;25/09/2025 11:00:00;M30;553;26,31;-1,00
1010;25/09/2025 11:00:00;URB;209;24,13;-1,00
1011;25/09/2025 11:00:00;URB;229;26,45;80,40
1012;25/09/2025 11:00:00;M30;537;26,64;84,60
1013;25/09/2025 11:00:00;URB;223;33,32;70,50
1014;25/09/2025 11:00:00;URB;219;22,05;75,00
1015;25/09/2025 11:00:00;M30;525;16,92;-1,00
1016;25/09/2025 11:00:00;URB;224;24,02;86,20
1017;25/09/2025 11:00:00;URB;218;22,66;82,80
1018;25/09/2025 11:00:00;URB;216;28,50;82,40
1019;25/09/2025 11:00:00;M30;471;25,83;83,00
1020;25/09/2025 11:00:00;URB;200;23,07;86,70
1021;25/09/2025 11:00:00;M30;545;21,83;92,50
1022;25/09/2025 11:00:00;URB;182;30,36;80,50
1023;25/09/2025 11:00:00;URB;263;35,56;-1,00
1024;25/09/2025 11:00:00;URB;225;28,39;81,70
1025;25/09/2025 11:00:00;M30;660;35,91;68,60
1026;25/09/2025 11:00:00;URB;194;24,48;78,30
1027;25/09/2025 11:00:00;M30;626;26,52;-1,00
1028;25/09/2025 11:00:00;URB;196;29,39;79,30
1029;25/09/2025 11:00:00;URB;211;26,64;91,10
1030;25/09/2025 11:00:00;URB;178;26,72;84,70
1001;25/09/2025 12:00:00;M30;392;12,55;88,90
1002;25/09/2025 12:00:00;URB;144;18,37;82,80
1003;25/09/2025 12:00:00;M30;375;18,99;83,50
1004;25/09/2025 12:00:00;M30;436;19,07;-1,00
1005;25/09/2025 12:00:00;M30;371;14,81;-1,00
1006;25/09/2025 12:00:00;M30;400;20,41;-1,00
1007;25/09/2025 12:00:00;M30;425;20,08;82,80
1008;25/09/2025 12:00:00;URB;175;25,42;85,70
1009;25/09/2025 12:00:00;M30;450;26,85;93,30
1010;25/09/2025 12:00:00;URB;179;31,84;82,10
1011;25/09/2025 12:00:00;URB;167;23,54;86,30
1012;25/09/2025 12:00:00;M30;457;19,40;84,50
1013;25/09/2025 12:00:00;URB;175;24,10;81,60
1014;25/09/2025 12:00:00;URB;172;23,03;77,90
1015;25/09/2025 12:00:00;M30;467;23,60;81,60
1016;25/09/2025 12:00:00;URB;170;20,39;83,70
1017;25/09/2025 12:00:00;URB;130;17,74;89,50
1018;25/09/2025 12:00:00;URB;131;16,86;88,20
1019;25/09/2025 12:00:00;M30;394;18,24;87,50
1020;25/09/2025 12:00:00;URB;177;24,04;82,40
1021;25/09/2025 12:00:00;M30;480;19,81;80,60
1022;25/09/2025 12:00:00;URB;158;26,53;82,80
1023;25/09/2025 12:00:00;URB;166;25,62;-1,00
1024;25/09/2025 12:00:00;URB;157;21,69;87,70
1025;25/09/2025 12:00:00;M30;457;25,90;76,10
1026;25/09/2025 12:00:00;URB;181;24,96;80,70
1027;25/09/2025 12:00:00;M30;486;24,00;73,40
1028;25/09/2025 12:00:00;URB;151;22,67;81,60
1029;25/09/2025 12:00:00;URB;159;20,29;82,00
1030;25/09/2025 12:00:00;URB;146;21,27;93,40
1001;25/09/2025 13:00:00;M30;394;15,97;83,50
1002;25/09/2025 13:00:00;URB;120;15,84;86,50
1003;25/09/2025 13:00:00;M30;344;14,69;86,90
1004;25/09/2025 13:00:00;M30;389;22,59;86,10
1005;25/09/2025 13:00:00;M30;385;11,60;89,20
1006;25/09/2025 13:00:00;M30;380;19,16;80,40
1007;25/09/2025 13:00:00;M30;277;11,46;89,40
1008;25/09/2025 13:00:00;URB;161;22,72;81,40
1009;25/09/2025 13:00:00;M30;409;22,98;83,70
1010;25/09/2025 13:00:00;URB;125;16,69;80,50
1011;25/09/2025 13:00:00;URB;132;18,37;81,70
1012;25/09/2025 13:00:00;M30;423;15,39;91,80
1013;25/09/2025 13:00:00;URB;126;13,10;83,90
1014;25/09/2025 13:00:00;URB;160;30,44;75,10
1015;25/09/2025 13:00:00;M30;432;19,38;81,70
1016;25/09/2025 13:00:00;URB;138;17,40;87,70
1017;25/09/2025 13:00:00;URB;133;16,95;81,50
1018;25/09/2025 13:00:00;URB;144;16,04;81,90
1019;25/09/2025 13:00:00;M30;397;18,71;85,10
1020;25/09/2025 13:00:00;URB;135;21,17;-1,00
1021;25/09/2025 13:00:00;M30;391;20,84;85,50
1022;25/09/2025 13:00:00;URB;135;25,34;79,90
1023;25/09/2025 13:00:00;URB;156;22,85;83,20
1024;25/09/2025 13:00:00;URB;138;20,14;86,80
1025;25/09/2025 13:00:00;M30;363;12,71;91,60
1026;25/09/2025 13:00:00;URB;151;19,36;81,20
1027;25/09/2025 13:00:00;M30;415;18,80;81,20
1028;25/09/2025 13:00:00;URB;123;21,25;82,60
1029;25/09/2025 13:00:00;URB;156;20,13;-1,00
1030;25/09/2025 13:00:00;URB;120;21,34;90,20
1001;25/09/2025 14:00:00;M30;383;14,37;82,80
1002;25/09/2025 14:00:00;URB;166;18,20;88,40
1003;25/09/2025 14:00:00;M30;336;12,64;85,80
1004;25/09/2025 14:00:00;M30;403;27,71;81,30
1005;25/09/2025 14:00:00;M30;392;16,02;85,50
1006;25/09/2025 14:00:00;M30;400;20,43;87,10
1007;25/09/2025 14:00:00;M30;369;17,70;83,20
1008;25/09/2025 14:00:00;URB;140;20,04;80,30
1009;25/09/2025 14:00:00;M30;345;16,12;84,00
1010;25/09/2025 14:00:00;URB;125;13,29;88,50
1011;25/09/2025 14:00:00;URB;154;29,75;75,20
1012;25/09/2025 14:00:00;M30;424;19,63;85,50
1013;25/09/2025 14:00:00;URB;146;18,95;75,10
1014;25/09/2025 14:00:00;URB;114;12,20;94,90
1015;25/09/2025 14:00:00;M30;389;15,10;87,40
1016;25/09/2025 14:00:00;URB;146;22,19;83,70
1017;25/09/2025 14:00:00;URB;148;22,05;81,50
1018;25/09/2025 14:00:00;URB;130;21,55;84,70
1019;25/09/2025 14:00:00;M30;401;13,53;80,50
1020;25/09/2025 14:00:00;URB;158;19,63;89,40
1021;25/09/2025 14:00:00;M30;369;18,06;86,00
1022;25/09/2025 14:00:00;URB;148;18,97;83,40
1023;25/09/2025 14:00:00;URB;120;10,83;91,40
1024;25/09/2025 14:00:00;URB;159;22,15;-1,00
1025;25/09/2025 14:00:00;M30;462;22,51;85,80
1026;25/09/2025 14:00:00;URB;127;18,35;79,80
1027;25/09/2025 14:00:00;M30;344;10,22;94,80
1028;25/09/2025 14:00:00;URB;157;17,06;90,60
1029;25/09/2025 14:00:00;URB;143;17,71;75,80
1030;25/09/2025 14:00:00;URB;140;21,87;86,50
1001;25/09/2025 15:00:00;M30;407;19,14;90,00
1002;25/09/2025 15:00:00;URB;170;26,73;84,30
1003;25/09/2025 15:00:00;M30;461;16,97;76,90
1004;25/09/2025 15:00:00;M30;454;20,83;88,00
1005;25/09/2025 15:00:00;M30;551;20,82;85,40
1006;25/09/2025 15:00:00;M30;494;29,48;79,40
1007;25/09/2025 15:00:00;M30;460;16,29;-1,00
1008;25/09/2025 15:00:00;URB;191;26,29;76,20
1009;25/09/2025 15:00:00;M30;434;15,42;79,10
1010;25/09/2025 15:00:00;URB;136;15,64;82,20
1011;25/09/2025 15:00:00;URB;160;11,05;90,60
1012;25/09/2025 15:00:00;M30;490;21,07;77,60
1013;25/09/2025 15:00:00;URB;166;17,33;86,70
1014;25/09/2025 15:00:00;URB;167;27,52;84,80
1015;25/09/2025 15:00:00;M30;399;21,57;84,30
1016;25/09/2025 15:00:00;URB;160;18,29;80,10
1017;25/09/2025 15:00:00;URB;145;23,34;78,70
1018;25/09/2025 15:00:00;URB;181;28,95;82,40
1019;25/09/2025 15:00:00;M30;510;16,19;93,30
1020;25/09/2025 15:00:00;URB;189;30,51;83,10
1021;25/09/2025 15:00:00;M30;412;19,92;89,60
1022;25/09/2025 15:00:00;URB;183;20,57;83,60
1023;25/09/2025 15:00:00;URB;146;23,17;-1,00
1024;25/09/2025 15:00:00;URB;165;15,66;81,80
1025;25/09/2025 15:00:00;M30;484;26,95;79,20
1026;25/09/2025 15:00:00;URB;166;21,41;-1,00
1027;25/09/2025 15:00:00;M30;417;23,97;86,20
1028;25/09/2025 15:00:00;URB;181;18,15;91,50
1029;25/09/2025 15:00:00;URB;140;20,97;84,70
1030;25/09/2025 15:00:00;URB;134;14,98;90,20
1001;25/09/2025 16:00:00;M30;636;17,57;83,50
1002;25/09/2025 16:00:00;URB;250;30,10;74,50
1003;25/09/2025 16:00:00;M30;631;29,71;73,70
1004;25/09/2025 16:00:00;M30;682;34,88;75,70
1005;25/09/2025 16:00:00;M30;516;24,87;82,90
1006;25/09/2025 16:00:00;M30;725;38,87;77,90
1007;25/09/2025 16:00:00;M30;591;29,27;76,60
1008;25/09/2025 16:00:00;URB;189;23,80;80,20
1009;25/09/2025 16:00:00;M30;600;29,05;80,50
1010;25/09/2025 16:00:00;URB;230;21,40;78,00
1011;25/09/2025 16:00:00;URB;208;33,80;-1,00
1012;25/09/2025 16:00:00;M30;523;27,54;80,00
1013;25/09/2025 16:00:00;URB;205;20,19;87,50
1014;25/09/2025 16:00:00;URB;252;30,52;81,60
1015;25/09/2025 16:00:00;M30;616;22,61;83,20
1016;25/09/2025 16:00:00;URB;200;23,02;80,70
1017;25/09/2025 16:00:00;URB;250;26,01;83,20
1018;25/09/2025 16:00:00;URB;224;36,51;77,80
1019;25/09/2025 16:00:00;M30;692;29,48;66,80
1020;25/09/2025 16:00:00;URB;207;28,26;84,50
1021;25/09/2025 16:00:00;M30;566;18,30;87,20
1022;25/09/2025 16:00:00;URB;207;26,10;79,00
1023;25/09/2025 16:00:00;URB;220;29,85;80,80
1024;25/09/2025 16:00:00;URB;214;30,46;77,90
1025;25/09/2025 16:00:00;M30;688;33,55;73,70
1026;25/09/2025 16:00:00;URB;234;28,64;-1,00
1027;25/09/2025 16:00:00;M30;642;23,11;77,60
1028;25/09/2025 16:00:00;URB;191;24,88;77,60
1029;25/09/2025 16:00:00;URB;216;28,95;74,30
1030;25/09/2025 16:00:00;URB;224;27,84;81,40
1001;25/09/2025 17:00:00;M30;702;32,44;-1,00
1002;25/09/2025 17:00:00;URB;297;27,40;78,90
1003;25/09/2025 17:00:00;M30;783;31,13;77,60
1004;25/09/2025 17:00:00;M30;861;44,44;73,00
1005;25/09/2025 17:00:00;M30;821;51,03;61,20
1006;25/09/2025 17:00:00;M30;840;43,10;-1,00
1007;25/09/2025 17:00:00;M30;783;38,77;77,20
1008;25/09/2025 17:00:00;URB;299;35,59;85,10
1009;25/09/2025 17:00:00;M30;936;52,47;64,60
1010;25/09/2025 17:00:00;URB;295;42,05;70,00
1011;25/09/2025 17:00:00;URB;284;24,23;85,70
1012;25/09/2025 17:00:00;M30;840;31,07;78,00
1013;25/09/2025 17:00:00;URB;238;29,14;73,40
1014;25/09/2025 17:00:00;URB;314;43,45;66,40
1015;25/09/2025 17:00:00;M30;940;37,24;77,90
1016;25/09/2025 17:00:00;URB;264;24,54;86,80
1017;25/09/2025 17:00:00;URB;342;47,80;66,00
1018;25/09/2025 17:00:00;URB;293;42,76;70,30
1019;25/09/2025 17:00:00;M30;874;44,15;76,00
1020;25/09/2025 17:00:00;URB;265;31,49;-1,00
1021;25/09/2025 17:00:00;M30;755;35,18;77,40
1022;25/09/2025 17:00:00;URB;245;39,12;73,20
1023;25/09/2025 17:00:00;URB;364;48,72;72,00
1024;25/09/2025 17:00:00;URB;286;37,33;70,10
1025;25/09/2025 17:00:00;M30;733;33,93;78,30
1026;25/09/2025 17:00:00;URB;264;26,54;80,20
1027;25/09/2025 17:00:00;M30;772;36,21;-1,00
1028;25/09/2025 17:00:00;URB;266;26,22;77,60
1029;25/09/2025 17:00:00;URB;265;32,92;75,50
1030;25/09/2025 17:00:00;URB;311;47,42;70,70
1001;25/09/2025 18:00:00;M30;1.005;46,90;63,90
1002;25/09/2025 18:00:00;URB;377;52,51;59,30
1003;25/09/2025 18:00:00;M30;1.050;48,16;68,80
1004;25/09/2025 18:00:00;M30;926;54,49;65,20
1005;25/09/2025 18:00:00;M30;1.153;64,80;53,80
1006;25/09/2025 18:00:00;M30;952;31,41;76,90
1007;25/09/2025 18:00:00;M30;1.035;45,80;70,60
1008;25/09/2025 18:00:00;URB;336;43,41;71,30
1009;25/09/2025 18:00:00;M30;1.052;56,68;-1,00
1010;25/09/2025 18:00:00;URB;355;58,10;-1,00
1011;25/09/2025 18:00:00;URB;296;30,09;-1,00
1012;25/09/2025 18:00:00;M30;998;50,35;69,60
1013;25/09/2025 18:00:00;URB;319;40,13;71,00
1014;25/09/2025 18:00:00;URB;276;31,05;76,80
1015;25/09/2025 18:00:00;M30;937;54,95;67,80
1016;25/09/2025 18:00:00;URB;332;45,73;72,50
1017;25/09/2025 18:00:00;URB;339;40,24;73,70
1018;25/09/2025 18:00:00;URB;341;52,20;62,80
1019;25/09/2025 18:00:00;M30;991;47,86;69,50
1020;25/09/2025 18:00:00;URB;418;72,28;56,10
1021;25/09/2025 18:00:00;M30;960;50,99;65,90
1022;25/09/2025 18:00:00;URB;304;38,46;74,60
1023;25/09/2025 18:00:00;URB;341;36,30;78,40
1024;25/09/2025 18:00:00;URB;334;48,42;65,80
1025;25/09/2025 18:00:00;M30;1.065;41,44;70,00
1026;25/09/2025 18:00:00;URB;332;47,07;-1,00
1027;25/09/2025 18:00:00;M30;1.073;34,21;76,20
1028;25/09/2025 18:00:00;URB;387;61,30;57,90
1029;25/09/2025 18:00:00;URB;379;39,93;76,00
1030;25/09/2025 18:00:00;URB;336;46,38;69,70
1001;25/09/2025 19:00:00;M30;1.037;57,27;62,00
1002;25/09/2025 19:00:00;URB;385;64,22;58,30
1003;25/09/2025 19:00:00;M30;1.210;49,56;66,50
1004;25/09/2025 19:00:00;M30;1.105;54,24;57,50
1005;25/09/2025 19:00:00;M30;1.149;39,82;72,20
1006;25/09/2025 19:00:00;M30;1.069;43,00;71,90
1007;25/09/2025 19:00:00;M30;900;29,67;79,30
1008;25/09/2025 19:00:00;URB;376;50,88;71,10
1009;25/09/2025 19:00:00;M30;797;45,12;69,00
1010;25/09/2025 19:00:00;URB;412;75,43;56,80
1011;25/09/2025 19:00:00;URB;338;33,27;80,20
1012;25/09/2025 19:00:00;M30;1.067;65,33;51,30
1013;25/09/2025 19:00:00;URB;332;41,74;75,20
1014;25/09/2025 19:00:00;URB;362;42,89;70,60
1015;25/09/2025 19:00:00;M30;1.168;58,36;64,00
1016;25/09/2025 19:00:00;URB;380;44,84;69,40
1017;25/09/2025 19:00:00;URB;297;39,11;66,10
1018;25/09/2025 19:00:00;URB;409;54,23;-1,00
1019;25/09/2025 19:00:00;M30;830;56,72;71,80
1020;25/09/2025 19:00:00;URB;363;36,24;77,10
1021;25/09/2025 19:00:00;M30;863;27,41;74,80
1022;25/09/2025 19:00:00;URB;368;44,43;73,10
1023;25/09/2025 19:00:00;URB;326;36,78;79,40
1024;25/09/2025 19:00:00;URB;354;39,06;67,40
1025;25/09/2025 19:00:00;M30;930;40,01;77,10
1026;25/09/2025 19:00:00;URB;395;61,80;64,30
1027;25/09/2025 19:00:00;M30;946;41,42;71,30
1028;25/09/2025 19:00:00;URB;358;45,58;68,60
1029;25/09/2025 19:00:00;URB;342;42,12;75,60
1030;25/09/2025 19:00:00;URB;304;27,77;-1,00
1001;25/09/2025 20:00:00;M30;1.007;48,02;64,80
1002;25/09/2025 20:00:00;URB;291;48,39;67,30
1003;25/09/2025 20:00:00;M30;828;45,23;68,30
1004;25/09/2025 20:00:00;M30;943;66,27;55,00
1005;25/09/2025 20:00:00;M30;1.003;58,75;68,60
1006;25/09/2025 20:00:00;M30;948;52,18;58,70
1007;25/09/2025 20:00:00;M30;946;47,96;60,70
1008;25/09/2025 20:00:00;URB;394;53,18;61,70
1009;25/09/2025 20:00:00;M30;1.013;52,83;68,30
1010;25/09/2025 20:00:00;URB;325;26,62;79,30
1011;25/09/2025 20:00:00;URB;355;31,00;76,40
1012;25/09/2025 20:00:00;M30;875;45,83;78,10
1013;25/09/2025 20:00:00;URB;330;51,64;-1,00
1014;25/09/2025 20:00:00;URB;318;52,03;72,70
1015;25/09/2025 20:00:00;M30;999;46,32;74,10
1016;25/09/2025 20:00:00;URB;310;39,44;-1,00
1017;25/09/2025 20:00:00;URB;422;53,39;67,20
1018;25/09/2025 20:00:00;URB;351;34,59;72,20
1019;25/09/2025 20:00:00;M30;967;52,13;66,90
1020;25/09/2025 20:00:00;URB;373;32,50;80,50
1021;25/09/2025 20:00:00;M30;995;41,89;79,40
1022;25/09/2025 20:00:00;URB;338;51,50;70,90
1023;25/09/2025 20:00:00;URB;350;50,35;70,60
1024;25/09/2025 20:00:00;URB;279;41,22;71,90
1025;25/09/2025 20:00:00;M30;971;46,58;71,90
1026;25/09/2025 20:00:00;URB;377;53,40;-1,00
1027;25/09/2025 20:00:00;M30;857;38,76;67,70
1028;25/09/2025 20:00:00;URB;304;24,53;80,20
1029;25/09/2025 20:00:00;URB;351;55,99;63,30
1030;25/09/2025 20:00:00;URB;423;53,15;67,40
1001;25/09/2025 21:00:00;M30;808;46,79;64,70
1002;25/09/2025 21:00:00;URB;330;32,14;80,60
1003;25/09/2025 21:00:00;M30;715;35,74;73,90
1004;25/09/2025 21:00:00;M30;717;40,40;69,00
1005;25/09/2025 21:00:00;M30;972;70,77;58,70
1006;25/09/2025 21:00:00;M30;822;31,01;79,30
1007;25/09/2025 21:00:00;M30;747;34,39;72,40
1008;25/09/2025 21:00:00;URB;281;41,11;72,70
1009;25/09/2025 21:00:00;M30;777;37,37;73,70
1010;25/09/2025 21:00:00;URB;325;48,00;65,90
1011;25/09/2025 21:00:00;URB;296;39,82;74,00
1012;25/09/2025 21:00:00;M30;782;33,55;72,50
1013;25/09/2025 21:00:00;URB;259;40,74;72,60
1014;25/09/2025 21:00:00;URB;322;32,05;77,50
1015;25/09/2025 21:00:00;M30;827;42,29;-1,00
1016;25/09/2025 21:00:00;URB;240;38,05;76,80
1017;25/09/2025 21:00:00;URB;281;35,65;84,00
1018;25/09/2025 21:00:00;URB;284;26,73;80,60
1019;25/09/2025 21:00:00;M30;822;27,43;-1,00
1020;25/09/2025 21:00:00;URB;235;33,19;68,70
1021;25/09/2025 21:00:00;M30;722;33,33;80,20
1022;25/09/2025 21:00:00;URB;308;29,59;77,30
1023;25/09/2025 21:00:00;URB;305;39,29;71,80
1024;25/09/2025 21:00:00;URB;270;43,03;65,90
1025;25/09/2025 21:00:00;M30;733;30,51;81,40
1026;25/09/2025 21:00:00;URB;352;41,88;75,40
1027;25/09/2025 21:00:00;M30;682;30,39;75,20
1028;25/09/2025 21:00:00;URB;260;28,07;-1,00
1029;25/09/2025 21:00:00;URB;290;28,45;74,40
1030;25/09/2025 21:00:00;URB;274;39,66;77,90
1001;25/09/2025 22:00:00;M30;512;22,57;88,50
1002;25/09/2025 22:00:00;URB;219;32,37;75,50
1003;25/09/2025 22:00:00;M30;638;32,20;81,90
1004;25/09/2025 22:00:00;M30;581;33,92;78,80
1005;25/09/2025 22:00:00;M30;618;33,28;71,20
1006;25/09/2025 22:00:00;M30;588;26,18;78,30
1007;25/09/2025 22:00:00;M30;660;34,62;-1,00
1008;25/09/2025 22:00:00;URB;220;32,60;75,50
1008;25/09/2025 22:00:00;URB;220;32,60;75,50
1009;25/09/2025 22:00:00;M30;618;25,43;78,80
1010;25/09/2025 22:00:00;URB;218;38,02;81,00
1011;25/09/2025 22:00:00;URB;185;23,27;-1,00
1012;25/09/2025 22:00:00;M30;552;31,98;73,50
1013;25/09/2025 22:00:00;URB;233;27,93;90,20
1014;25/09/2025 22:00:00;URB;236;22,07;85,40
1015;25/09/2025 22:00:00;M30;635;32,20;79,00
1016;25/09/2025 22:00:00;URB;209;29,14;72,30
1017;25/09/2025 22:00:00;URB;209;29,96;-1,00
1018;25/09/2025 22:00:00;URB;210;24,18;77,70
1019;25/09/2025 22:00:00;M30;653;30,17;70,10
1020;25/09/2025 22:00:00;URB;245;38,84;78,00
1021;25/09/2025 22:00:00;M30;517;19,32;77,40
1022;25/09/2025 22:00:00;URB;196;23,21;76,90
1023;25/09/2025 22:00:00;URB;173;19,40;80,20
1024;25/09/2025 22:00:00;URB;232;25,22;84,20
1025;25/09/2025 22:00:00;M30;567;23,98;87,50
1026;25/09/2025 22:00:00;URB;208;28,64;78,10
1027;25/09/2025 22:00:00;M30;605;35,59;74,40
1028;25/09/2025 22:00:00;URB;195;26,85;77,80
1029;25/09/2025 22:00:00;URB;218;26,45;79,60
1030;25/09/2025 22:00:00;URB;201;24,18;76,20
1001;25/09/2025 23:00:00;M30;501;21,14;89,30
1002;25/09/2025 23:00:00;URB;142;18,10;87,20
1003;25/09/2025 23:00:00;M30;384;20,90;84,90
1004;25/09/2025 23:00:00;M30;453;17,96;86,80
1005;25/09/2025 23:00:00;M30;515;21,32;87,00
1006;25/09/2025 23:00:00;M30;450;22,24;83,10
1007;25/09/2025 23:00:00;M30;415;18,25;84,20
1008;25/09/2025 23:00:00;URB;147;15,97;85,80
1009;25/09/2025 23:00:00;M30;544;28,51;-1,00
1010;25/09/2025 23:00:00;URB;177;18,94;86,50
1011;25/09/2025 23:00:00;URB;178;20,90;84,70
1012;25/09/2025 23:00:00;M30;498;20,56;91,80
1013;25/09/2025 23:00:00;URB;141;18,89;86,30
1014;25/09/2025 23:00:00;URB;160;20,70;82,80
1015;25/09/2025 23:00:00;M30;375;12,48;92,30
1016;25/09/2025 23:00:00;URB;157;18,72;-1,00
1017;25/09/2025 23:00:00;URB;170;22,83;82,70
1018;25/09/2025 23:00:00;URB;177;22,76;82,90
1019;25/09/2025 23:00:00;M30;474;15,04;83,80
1020;25/09/2025 23:00:00;URB;209;29,41;75,80
1021;25/09/2025 23:00:00;M30;452;21,19;85,00
1022;25/09/2025 23:00:00;URB;139;15,67;85,10
1023;25/09/2025 23:00:00;URB;159;27,02;74,90
1024;25/09/2025 23:00:00;URB;155;18,91;83,20
1025;25/09/2025 23:00:00;M30;423;16,11;87,40
1026;25/09/2025 23:00:00;URB;147;15,91;-1,00
1027;25/09/2025 23:00:00;M30;441;19,46;86,30
1028;25/09/2025 23:00:00;URB;154;23,10;86,30
1029;25/09/2025 23:00:00;URB;179;29,49;76,00
1030;25/09/2025 23:00:00;URB;182;27,35;75,50
1001;26/09/2025 00:00:00;M30;307;14,44;-1,00
1002;26/09/2025 00:00:00;URB;98;12,20;83,40
1003;26/09/2025 00:00:00;M30;301;15,42;-1,00
1004;26/09/2025 00:00:00;M30;269;12,15;-1,00
1005;26/09/2025 00:00:00;M30;301;14,33;87,30
1006;26/09/2025 00:00:00;M30;312;13,18;87,80
1007;26/09/2025 00:00:00;M30;380;20,97;86,80
1008;26/09/2025 00:00:00;URB;129;18,41;81,10
1009;26/09/2025 00:00:00;M30;395;16,63;90,40
1010;26/09/2025 00:00:00;URB;102;17,03;82,80
1011;26/09/2025 00:00:00;URB;105;11,21;90,90
1011;26/09/2025 00:00:00;URB;105;11,21;90,90
1012;26/09/2025 00:00:00;M30;334;19,17;89,00
1013;26/09/2025 00:00:00;URB;116;13,39;90,20
1014;26/09/2025 00:00:00;URB;104;11,06;88,10
1015;26/09/2025 00:00:00;M30;357;19,40;76,70
1016;26/09/2025 00:00:00;URB;113;12,84;81,30
1017;26/09/2025 00:00:00;URB;134;15,57;87,20
1018;26/09/2025 00:00:00;URB;106;14,08;89,90
1019;26/09/2025 00:00:00;M30;307;10,93;-1,00
1020;26/09/2025 00:00:00;URB;120;17,51;91,50
1021;26/09/2025 00:00:00;M30;280;12,04;88,60
1022;26/09/2025 00:00:00;URB;112;12,32;83,90
1023;26/09/2025 00:00:00;URB;127;13,13;90,20
1023;26/09/2025 00:00:00;URB;127;13,13;90,20
1024;26/09/2025 00:00:00;URB;112;17,41;90,50
1025;26/09/2025 00:00:00;M30;261;12,37;87,60
1026;26/09/2025 00:00:00;URB;114;11,82;93,50
1027;26/09/2025 00:00:00;M30;302;15,19;-1,00
1028;26/09/2025 00:00:00;URB;99;11,15;89,70
1029;26/09/2025 00:00:00;URB;113;13,45;89,00
1030;26/09/2025 00:00:00;URB;122;18,18;87,30
1001;26/09/2025 01:00:00;M30;335;19,80;-1,00
1002;26/09/2025 01:00:00;URB;135;19,39;85,10
1003;26/09/2025 01:00:00;M30;296;13,68;91,90
1004;26/09/2025 01:00:00;M30;276;11,95;92,30
1005;26/09/2025 01:00:00;M30;302;15,25;86,00
1006;26/09/2025 01:00:00;M30;319;18,38;79,10
1007;26/09/2025 01:00:00;M30;341;24,18;76,50
1008;26/09/2025 01:00:00;URB;121;14,65;88,50
1009;26/09/2025 01:00:00;M30;333;10,33;91,40
1010;26/09/2025 01:00:00;URB;123;21,67;84,10
1011;26/09/2025 01:00:00;URB;119;15,94;91,70
1012;26/09/2025 01:00:00;M30;256;16,78;81,80
1013;26/09/2025 01:00:00;URB;115;14,71;83,60
1014;26/09/2025 01:00:00;URB;127;15,10;89,80
1015;26/09/2025 01:00:00;M30;349;16,19;93,20
1016;26/09/2025 01:00:00;URB;125;17,70;83,80
1017;26/09/2025 01:00:00;URB;112;12,40;89,30
1018;26/09/2025 01:00:00;URB;117;16,65;85,80
1019;26/09/2025 01:00:00;M30;329;14,08;85,70
1020;26/09/2025 01:00:00;URB;108;15,35;88,20
1021;26/09/2025 01:00:00;M30;335;10,32;90,70
1022;26/09/2025 01:00:00;URB;128;19,66;-1,00
1023;26/09/2025 01:00:00;URB;110;12,63;82,50
1024;26/09/2025 01:00:00;URB;126;14,84;-1,00
1025;26/09/2025 01:00:00;M30;346;18,84;82,80
1026;26/09/2025 01:00:00;URB;94;7,61;-1,00
1027;26/09/2025 01:00:00;M30;339;15,54;91,00
1028;26/09/2025 01:00:00;URB;127;16,46;81,70
1029;26/09/2025 01:00:00;URB;154;23,67;82,60
1030;26/09/2025 01:00:00;URB;137;15,85;88,60
1001;26/09/2025 02:00:00;M30;382;17,63;89,90
1002;26/09/2025 02:00:00;URB;123;13,98;89,90
1003;26/09/2025 02:00:00;M30;337;13,31;84,30
1004;26/09/2025 02:00:00;M30;284;12,34;89,70
1005;26/09/2025 02:00:00;M30;313;15,19;85,50
1006;26/09/2025 02:00:00;M30;321;13,20;96,10
1007;26/09/2025 02:00:00;M30;309;14,22;94,40
1008;26/09/2025 02:00:00;URB;121;13,74;84,90
1009;26/09/2025 02:00:00;M30;298;12,39;86,60
1010;26/09/2025 02:00:00;URB;125;13,66;87,40
1011;26/09/2025 02:00:00;URB;126;14,92;-1,00
1012;26/09/2025 02:00:00;M30;334;13,26;93,60
1013;26/09/2025 02:00:00;URB;120;12,47;84,00
1014;26/09/2025 02:00:00;URB;124;17,76;87,20
1015;26/09/2025 02:00:00;M30;331;13,68;83,20
1016;26/09/2025 02:00:00;URB;131;13,47;84,80
1017;26/09/2025 02:00:00;URB;120;15,34;85,10
1018;26/09/2025 02:00:00;URB;112;14,46;89,00
1019;26/09/2025 02:00:00;M30;340;17,03;79,90
1020;26/09/2025 02:00:00;URB;125;20,95;80,70
1021;26/09/2025 02:00:00;M30;287;14,01;85,80
1022;26/09/2025 02:00:00;URB;92;11,56;83,70
1023;26/09/2025 02:00:00;URB;115;12,76;87,70
1024;26/09/2025 02:00:00;URB;112;13,28;85,60
1025;26/09/2025 02:00:00;M30;295;13,98;90,00
1026;26/09/2025 02:00:00;URB;133;17,50;89,80
1027;26/09/2025 02:00:00;M30;320;15,36;83,40
1028;26/09/2025 02:00:00;URB;101;11,43;93,80
1029;26/09/2025 02:00:00;URB;110;16,03;80,60
1030;26/09/2025 02:00:00;URB;123;21,12;82,30
1001;26/09/2025 03:00:00;M30;324;11,22;93,30
1002;26/09/2025 03:00:00;URB;110;15,70;85,30
1003;26/09/2025 03:00:00;M30;329;13,75;84,00
1004;26/09/2025 03:00:00;M30;290;11,35;91,50
1005;26/09/2025 03:00:00;M30;329;14,28;-1,00
1006;26/09/2025 03:00:00;M30;401;17,36;89,40
1007;26/09/2025 03:00:00;M30;376;18,17;78,80
1008;26/09/2025 03:00:00;URB;109;14,13;86,10
1009;26/09/2025 03:00:00;M30;324;15,10;86,50
1010;26/09/2025 03:00:00;URB;134;16,19;83,10
1011;26/09/2025 03:00:00;URB;130;14,15;92,20
1012;26/09/2025 03:00:00;M30;315;19,60;85,60
1013;26/09/2025 03:00:00;URB;135;15,24;78,50
1014;26/09/2025 03:00:00;URB;104;16,28;80,40
1015;26/09/2025 03:00:00;M30;344;15,22;82,30
1016;26/09/2025 03:00:00;URB;103;13,36;89,70
1017;26/09/2025 03:00:00;URB;123;16,26;89,30
1018;26/09/2025 03:00:00;URB;119;14,90;84,80
1019;26/09/2025 03:00:00;M30;366;15,07;82,60
1020;26/09/2025 03:00:00;URB;129;16,22;84,00
1021;26/09/2025 03:00:00;M30;374;13,08;89,10
1022;26/09/2025 03:00:00;URB;105;15,92;87,40
1023;26/09/2025 03:00:00;URB;119;15,63;88,90
1024;26/09/2025 03:00:00;URB;126;18,09;86,40
1025;26/09/2025 03:00:00;M30;361;18,51;90,10
1026;26/09/2025 03:00:00;URB;121;17,87;85,90
1027;26/09/2025 03:00:00;M30;349;15,82;-1,00
1028;26/09/2025 03:00:00;URB;121;18,88;86,90
1029;26/09/2025 03:00:00;URB;119;14,62;85,90
1030;26/09/2025 03:00:00;URB;128;20,08;81,90
1001;26/09/2025 04:00:00;M30;347;12,57;86,50
1002;26/09/2025 04:00:00;URB;111;15,62;90,40
1003;26/09/2025 04:00:00;M30;371;15,23;90,90
1004;26/09/2025 04:00:00;M30;416;20,71;-1,00
1005;26/09/2025 04:00:00;M30;352;17,43;-1,00
1006;26/09/2025 04:00:00;M30;301;17,75;83,10
1007;26/09/2025 04:00:00;M30;345;14,38;90,80
1008;26/09/2025 04:00:00;URB;129;12,32;80,00
1009;26/09/2025 04:00:00;M30;289;14,53;88,10
1010;26/09/2025 04:00:00;URB;144;17,73;91,70
1011;26/09/2025 04:00:00;URB;127;15,78;92,90
1012;26/09/2025 04:00:00;M30;400;19,37;83,30
1013;26/09/2025 04:00:00;URB;120;19,99;85,00
1014;26/09/2025 04:00:00;URB;147;18,52;88,60
1015;26/09/2025 04:00:00;M30;392;22,99;80,10
1016;26/09/2025 04:00:00;URB;118;16,53;87,00
1017;26/09/2025 04:00:00;URB;136;18,57;88,10
1018;26/09/2025 04:00:00;URB;149;20,20;83,00
1019;26/09/2025 04:00:00;M30;359;11,54;86,90
1020;26/09/2025 04:00:00;URB;104;15,62;-1,00
1021;26/09/2025 04:00:00;M30;456;17,64;82,50
1022;26/09/2025 04:00:00;URB;133;20,72;82,50
1023;26/09/2025 04:00:00;URB;124;16,62;-1,00
1024;26/09/2025 04:00:00;URB;132;12,70;94,10
1025;26/09/2025 04:00:00;M30;358;15,76;89,80
1026;26/09/2025 04:00:00;URB;109;13,53;82,90
1027;26/09/2025 04:00:00;M30;359;11,92;89,30
1028;26/09/2025 04:00:00;URB;120;15,62;86,00
1029;26/09/2025 04:00:00;URB;120;18,19;86,70
1030;26/09/2025 04:00:00;URB;137;13,62;88,80
1001;26/09/2025 05:00:00;M30;420;14,82;89,70
1002;26/09/2025 05:00:00;URB;137;17,22;83,20
1003;26/09/2025 05:00:00;M30;430;21,19;-1,00
1004;26/09/2025 05:00:00;M30;414;24,81;87,70
1005;26/09/2025 05:00:00;M30;367;13,33;87,30
1006;26/09/2025 05:00:00;M30;391;16,98;87,00
1007;26/09/2025 05:00:00;M30;493;19,76;85,10
1008;26/09/2025 05:00:00;URB;163;22,88;86,70
1009;26/09/2025 05:00:00;M30;409;23,67;79,60
1010;26/09/2025 05:00:00;URB;189;28,05;-1,00
1011;26/09/2025 05:00:00;URB;177;25,37;84,30
1012;26/09/2025 05:00:00;M30;477;23,44;-1,00
1013;26/09/2025 05:00:00;URB;154;28,62;82,10
1014;26/09/2025 05:00:00;URB;142;15,15;-1,00
1015;26/09/2025 05:00:00;M30;442;21,40;84,40
1016;26/09/2025 05:00:00;URB;148;18,35;80,20
1017;26/09/2025 05:00:00;URB;167;12,94;-1,00
1018;26/09/2025 05:00:00;URB;181;23,54;80,80
1019;26/09/2025 05:00:00;M30;433;23,19;84,60
1020;26/09/2025 05:00:00;URB;148;17,74;82,00
1021;26/09/2025 05:00:00;M30;471;22,78;79,50
1022;26/09/2025 05:00:00;URB;156;19,27;81,70
1023;26/09/2025 05:00:00;URB;175;24,90;91,90
1024;26/09/2025 05:00:00;URB;175;21,18;81,90
1025;26/09/2025 05:00:00;M30;500;19,85;81,90
1026;26/09/2025 05:00:00;URB;180;28,13;81,90
1027;26/09/2025 05:00:00;M30;446;20,10;80,70
1028;26/09/2025 05:00:00;URB;149;22,04;81,40
1029;26/09/2025 05:00:00;URB;137;15,77;94,00
1030;26/09/2025 05:00:00;URB;171;22,72;84,50
1001;26/09/2025 06:00:00;M30;603;26,49;81,50
1002;26/09/2025 06:00:00;URB;201;16,56;-1,00
1003;26/09/2025 06:00:00;M30;630;21,54;89,90
1004;26/09/2025 06:00:00;M30;703;32,70;77,60
1005;26/09/2025 06:00:00;M30;625;27,54;80,70
1006;26/09/2025 06:00:00;M30;529;18,40;89,20
1007;26/09/2025 06:00:00;M30;660;40,12;64,00
1008;26/09/2025 06:00:00;URB;195;20,44;85,60
1009;26/09/2025 06:00:00;M30;611;29,86;80,00
1010;26/09/2025 06:00:00;URB;206;34,14;65,10
1011;26/09/2025 06:00:00;URB;210;21,91;74,00
1012;26/09/2025 06:00:00;M30;656;32,21;74,30
1013;26/09/2025 06:00:00;URB;227;29,15;75,90
1014;26/09/2025 06:00:00;URB;178;21,24;87,70
1015;26/09/2025 06:00:00;M30;567;30,21;81,10
1016;26/09/2025 06:00:00;URB;224;33,41;78,60
1017;26/09/2025 06:00:00;URB;191;23,49;78,40
1018;26/09/2025 06:00:00;URB;207;28,71;74,70
1019;26/09/2025 06:00:00;M30;565;28,11;81,70
1020;26/09/2025 06:00:00;URB;232;28,73;87,40
1021;26/09/2025 06:00:00;M30;660;25,94;-1,00
1022;26/09/2025 06:00:00;URB;199;19,23;82,30
1023;26/09/2025 06:00:00;URB;231;28,39;83,50
1024;26/09/2025 06:00:00;URB;149;24,22;81,20
1025;26/09/2025 06:00:00;M30;487;23,78;79,20
1026;26/09/2025 06:00:00;URB;218;35,75;72,50
1027;26/09/2025 06:00:00;M30;602;22,14;-1,00
1028;26/09/2025 06:00:00;URB;212;34,63;-1,00
1029;26/09/2025 06:00:00;URB;240;36,50;81,70
1030;26/09/2025 06:00:00;URB;201;28,30;81,50
1001;26/09/2025 07:00:00;M30;621;21,78;-1,00
1002;26/09/2025 07:00:00;URB;257;34,20;72,90
1003;26/09/2025 07:00:00;M30;751;31,72;73,10
1004;26/09/2025 07:00:00;M30;645;31,89;79,60
1005;26/09/2025 07:00:00;M30;755;25,57;-1,00
1006;26/09/2025 07:00:00;M30;718;44,87;67,10
1007;26/09/2025 07:00:00;M30;780;26,41;75,20
1008;26/09/2025 07:00:00;URB;288;37,82;70,00
1009;26/09/2025 07:00:00;M30;671;32,75;79,60
1010;26/09/2025 07:00:00;URB;267;45,43;66,20
1011;26/09/2025 07:00:00;URB;293;30,07;-1,00
1012;26/09/2025 07:00:00;M30;912;50,07;-1,00
1013;26/09/2025 07:00:00;URB;282;35,19;79,10
1014;26/09/2025 07:00:00;URB;246;35,65;70,40
1015;26/09/2025 07:00:00;M30;780;45,58;69,60
1016;26/09/2025 07:00:00;URB;329;25,31;81,70
1017;26/09/2025 07:00:00;URB;279;42,14;80,30
1018;26/09/2025 07:00:00;URB;301;50,18;-1,00
1019;26/09/2025 07:00:00;M30;670;33,51;68,60
1020;26/09/2025 07:00:00;URB;292;32,43;82,50
1021;26/09/2025 07:00:00;M30;732;38,34;72,20
1022;26/09/2025 07:00:00;URB;309;36,23;75,80
1023;26/09/2025 07:00:00;URB;292;44,90;77,20
1024;26/09/2025 07:00:00;URB;276;41,19;73,50
1025;26/09/2025 07:00:00;M30;832;43,93;70,90
1026;26/09/2025 07:00:00;URB;277;32,70;-1,00
1027;26/09/2025 07:00:00;M30;843;47,38;66,90
1028;26/09/2025 07:00:00;URB;231;33,39;75,10
1029;26/09/2025 07:00:00;URB;262;30,47;75,80
1030;26/09/2025 07:00:00;URB;244;24,07;81,90
1001;26/09/2025 08:00:00;M30;932;55,40;61,70
1002;26/09/2025 08:00:00;URB;310;37,22;80,20
1003;26/09/2025 08:00:00;M30;878;45,42;74,70
1004;26/09/2025 08:00:00;M30;1.013;30,04;78,50
1005;26/09/2025 08:00:00;M30;977;51,01;62,90
1006;26/09/2025 08:00:00;M30;850;44,99;68,80
1007;26/09/2025 08:00:00;M30;760;41,22;72,40
1008;26/09/2025 08:00:00;URB;311;48,37;69,90
1009;26/09/2025 08:00:00;M30;770;23,73;83,20
1010;26/09/2025 08:00:00;URB;333;41,42;67,30
1011;26/09/2025 08:00:00;URB;270;34,27;73,20
1012;26/09/2025 08:00:00;M30;931;55,89;62,80
1013;26/09/2025 08:00:00;URB;306;50,26;63,00
1014;26/09/2025 08:00:00;URB;277;33,28;82,20
1015;26/09/2025 08:00:00;M30;907;39,66;66,90
1016;26/09/2025 08:00:00;URB;302;32,03;74,80
1017;26/09/2025 08:00:00;URB;304;35,06;73,40
1018;26/09/2025 08:00:00;URB;311;34,70;79,20
1019;26/09/2025 08:00:00;M30;693;37,15;79,40
1020;26/09/2025 08:00:00;URB;335;39,55;72,60
1020;26/09/2025 08:00:00;URB;335;39,55;72,60
1021;26/09/2025 08:00:00;M30;915;48,38;65,10
1022;26/09/2025 08:00:00;URB;309;37,03;75,60
1023;26/09/2025 08:00:00;URB;286;26,53;76,50
1024;26/09/2025 08:00:00;URB;352;37,74;80,60
1025;26/09/2025 08:00:00;M30;804;36,90;77,40
1026;26/09/2025 08:00:00;URB;361;39,02;75,90
1027;26/09/2025 08:00:00;M30;859;35,02;-1,00
1028;26/09/2025 08:00:00;URB;313;45,87;70,40
1029;26/09/2025 08:00:00;URB;291;33,46;75,90
1030;26/09/2025 08:00:00;URB;313;43,34;67,70
1001;26/09/2025 09:00:00;M30;862;38,74;73,10
1002;26/09/2025 09:00:00;URB;290;48,22;62,30
1003;26/09/2025 09:00:00;M30;739;26,48;88,60
1004;26/09/2025 09:00:00;M30;717;45,22;74,80
1005;26/09/2025 09:00:00;M30;827;38,88;-1,00
1006;26/09/2025 09:00:00;M30;827;41,86;74,40
1007;26/09/2025 09:00:00;M30;1.021;35,83;78,20
1008;26/09/2025 09:00:00;URB;304;34,02;-1,00
1009;26/09/2025 09:00:00;M30;937;37,94;69,40
1010;26/09/2025 09:00:00;URB;302;35,15;76,50
1011;26/09/2025 09:00:00;URB;336;42,20;70,20
1012;26/09/2025 09:00:00;M30;875;37,16;79,20
1013;26/09/2025 09:00:00;URB;279;35,32;78,60
1014;26/09/2025 09:00:00;URB;303;42,87;71,10
1015;26/09/2025 09:00:00;M30;985;46,05;75,90
1016;26/09/2025 09:00:00;URB;337;44,79;68,40
1017;26/09/2025 09:00:00;URB;286;30,07;76,80
1018;26/09/2025 09:00:00;URB;346;40,40;68,90
1019;26/09/2025 09:00:00;M30;908;38,25;72,70
1020;26/09/2025 09:00:00;URB;297;34,12;74,20
1021;26/09/2025 09:00:00;M30;802;37,59;70,90
1022;26/09/2025 09:00:00;URB;273;31,22;70,50
1023;26/09/2025 09:00:00;URB;314;35,61;72,50
1024;26/09/2025 09:00:00;URB;350;38,19;71,00
1025;26/09/2025 09:00:00;M30;767;35,92;72,70
1026;26/09/2025 09:00:00;URB;296;39,03;72,10
1027;26/09/2025 09:00:00;M30;865;42,74;77,40
1028;26/09/2025 09:00:00;URB;309;37,97;-1,00
1029;26/09/2025 09:00:00;URB;334;45,22;71,60
1030;26/09/2025 09:00:00;URB;321;32,49;86,00
1001;26/09/2025 10:00:00;M30;719;33,65;-1,00
1002;26/09/2025 10:00:00;URB;235;35,23;72,00
1003;26/09/2025 10:00:00;M30;891;36,61;74,20
1004;26/09/2025 10:00:00;M30;960;34,37;80,30
1005;26/09/2025 10:00:00;M30;671;38,07;74,40
1006;26/09/2025 10:00:00;M30;840;40,15;64,20
1007;26/09/2025 10:00:00;M30;629;25,90;81,20
1008;26/09/2025 10:00:00;URB;232;28,79;-1,00
1009;26/09/2025 10:00:00;M30;773;37,50;74,70
1010;26/09/2025 10:00:00;URB;249;36,06;79,00
1011;26/09/2025 10:00:00;URB;279;34,64;77,30
1012;26/09/2025 10:00:00;M30;829;32,67;66,70
1013;26/09/2025 10:00:00;URB;286;40,54;-1,00
1014;26/09/2025 10:00:00;URB;314;35,04;73,40
1015;26/09/2025 10:00:00;M30;695;24,31;84,70
1016;26/09/2025 10:00:00;URB;252;35,76;69,10
1017;26/09/2025 10:00:00;URB;261;24,97;-1,00
1018;26/09/2025 10:00:00;URB;232;23,43;74,60
1019;26/09/2025 10:00:00;M30;721;33,27;76,30
1020;26/09/2025 10:00:00;URB;268;41,32;77,70
1021;26/09/2025 10:00:00;M30;916;28,65;-1,00
1022;26/09/2025 10:00:00;URB;281;33,28;-1,00
1023;26/09/2025 10:00:00;URB;269;18,43;81,10
1024;26/09/2025 10:00:00;URB;239;27,23;75,40
1025;26/09/2025 10:00:00;M30;758;44,48;71,00
1026;26/09/2025 10:00:00;URB;323;33,63;69,50
1027;26/09/2025 10:00:00;M30;754;23,03;81,70
1028;26/09/2025 10:00:00;URB;228;31,41;79,60
1029;26/09/2025 10:00:00;URB;293;36,16;69,90
1030;26/09/2025 10:00:00;URB;253;37,33;78,30
1001;26/09/2025 11:00:00;M30;523;26,30;81,00
1002;26/09/2025 11:00:00;URB;182;16,94;89,30
1003;26/09/2025 11:00:00;M30;648;25,98;88,70
1004;26/09/2025 11:00:00;M30;497;22,42;83,50
1005;26/09/2025 11:00:00;M30;550;26,73;84,10
1006;26/09/2025 11:00:00;M30;605;33,98;72,50
1007;26/09/2025 11:00:00;M30;580;23,61;86,40
1008;26/09/2025 11:00:00;URB;206;28,88;73,90
1009;26/09/2025 11:00:00;M30;637;19,65;81,60
1010;26/09/2025 11:00:00;URB;163;21,37;84,70
1011;26/09/2025 11:00:00;URB;216;29,77;-1,00
1012;26/09/2025 11:00:00;M30;519;29,05;73,80
1013;26/09/2025 11:00:00;URB;207;32,25;83,50
1014;26/09/2025 11:00:00;URB;177;20,25;79,40
1015;26/09/2025 11:00:00;M30;533;23,19;-1,00
1016;26/09/2025 11:00:00;URB;155;19,61;86,70
1017;26/09/2025 11:00:00;URB;221;24,64;-1,00
1018;26/09/2025 11:00:00;URB;212;28,91;79,60
1019;26/09/2025 11:00:00;M30;516;22,75;87,30
1020;26/09/2025 11:00:00;URB;185;29,82;83,40
1021;26/09/2025 11:00:00;M30;524;24,99;88,70
1022;26/09/2025 11:00:00;URB;210;35,88;75,40
1023;26/09/2025 11:00:00;URB;210;34,85;76,20
1024;26/09/2025 11:00:00;URB;200;31,83;-1,00
1025;26/09/2025 11:00:00;M30;639;28,08;75,30
1026;26/09/2025 11:00:00;URB;212;23,78;79,40
1027;26/09/2025 11:00:00;M30;561;27,94;81,60
1028;26/09/2025 11:00:00;URB;223;26,81;70,10
1029;26/09/2025 11:00:00;URB;212;27,16;78,60
1030;26/09/2025 11:00:00;URB;212;28,34;80,20
1001;26/09/2025 12:00:00;M30;468;27,16;78,70
1002;26/09/2025 12:00:00;URB;171;25,79;-1,00
1003;26/09/2025 12:00:00;M30;414;19,66;87,90
1004;26/09/2025 12:00:00;M30;450;28,05;73,90
1005;26/09/2025 12:00:00;M30;466;22,39;81,00
1006;26/09/2025 12:00:00;M30;500;20,51;83,90
1007;26/09/2025 12:00:00;M30;456;17,06;89,20
1008;26/09/2025 12:00:00;URB;175;29,61;77,60
1009;26/09/2025 12:00:00;M30;477;21,93;86,00
1010;26/09/2025 12:00:00;URB;188;32,20;81,80
1011;26/09/2025 12:00:00;URB;179;16,78;-1,00
1012;26/09/2025 12:00:00;M30;449;20,96;88,70
1013;26/09/2025 12:00:00;URB;145;23,60;80,80
1014;26/09/2025 12:00:00;URB;156;20,38;86,00
1015;26/09/2025 12:00:00;M30;447;25,16;78,00
1016;26/09/2025 12:00:00;URB;158;20,79;82,50
1017;26/09/2025 12:00:00;URB;160;19,48;76,50
1018;26/09/2025 12:00:00;URB;124;13,90;85,30
1019;26/09/2025 12:00:00;M30;509;24,85;83,70
1020;26/09/2025 12:00:00;URB;157;19,54;85,50
1021;26/09/2025 12:00:00;M30;501;17,57;92,30
1022;26/09/2025 12:00:00;URB;163;18,80;84,60
1023;26/09/2025 12:00:00;URB;160;25,21;83,60
1024;26/09/2025 12:00:00;URB;172;22,61;86,40
1025;26/09/2025 12:00:00;M30;339;12,46;87,20
1026;26/09/2025 12:00:00;URB;157;21,69;-1,00
1027;26/09/2025 12:00:00;M30;450;21,03;78,90
1028;26/09/2025 12:00:00;URB;176;19,61;89,00
1029;26/09/2025 12:00:00;URB;160;15,75;86,30
1030;26/09/2025 12:00:00;URB;165;13,73;93,70
1001;26/09/2025 13:00:00;M30;345;14,92;86,70
1002;26/09/2025 13:00:00;URB;140;21,60;-1,00
1003;26/09/2025 13:00:00;M30;374;17,95;-1,00
1004;26/09/2025 13:00:00;M30;334;17,40;-1,00
1005;26/09/2025 13:00:00;M30;425;17,46;88,00
1006;26/09/2025 13:00:00;M30;367;14,43;84,00
1007;26/09/2025 13:00:00;M30;385;15,62;88,90
1008;26/09/2025 13:00:00;URB;118;16,93;85,60
1009;26/09/2025 13:00:00;M30;343;15,38;87,70
1010;26/09/2025 13:00:00;URB;116;16,73;91,00
1011;26/09/2025 13:00:00;URB;144;22,86;78,10
1012;26/09/2025 13:00:00;M30;323;11,16;82,60
1013;26/09/2025 13:00:00;URB;156;23,77;79,10
1014;26/09/2025 13:00:00;URB;120;11,46;90,80
1015;26/09/2025 13:00:00;M30;296;12,48;-1,00
1016;26/09/2025 13:00:00;URB;145;19,90;83,20
1017;26/09/2025 13:00:00;URB;128;14,24;83,30
1018;26/09/2025 13:00:00;URB;139;17,36;83,20
1019;26/09/2025 13:00:00;M30;353;17,09;93,40
1020;26/09/2025 13:00:00;URB;142;22,22;79,60
1021;26/09/2025 13:00:00;M30;372;18,66;81,30
1022;26/09/2025 13:00:00;URB;162;22,94;75,30
1023;26/09/2025 13:00:00;URB;140;17,13;85,00
1024;26/09/2025 13:00:00;URB;155;22,20;86,70
1025;26/09/2025 13:00:00;M30;396;21,28;-1,00
1026;26/09/2025 13:00:00;URB;137;12,67;88,90
1027;26/09/2025 13:00:00;M30;433;24,85;85,40
1028;26/09/2025 13:00:00;URB;141;18,48;-1,00
1029;26/09/2025 13:00:00;URB;162;26,20;85,90
1030;26/09/2025 13:00:00;URB;150;21,22;82,80
1001;26/09/2025 14:00:00;M30;404;18,69;-1,00
1002;26/09/2025 14:00:00;URB;125;18,10;83,20
1003;26/09/2025 14:00:00;M30;396;14,07;85,20
1004;26/09/2025 14:00:00;M30;433;20,53;76,80
1005;26/09/2025 14:00:00;M30;419;20,18;82,60
1006;26/09/2025 14:00:00;M30;419;23,36;80,10
1007;26/09/2025 14:00:00;M30;372;13,23;-1,00
1008;26/09/2025 14:00:00;URB;144;7,04;-1,00
1009;26/09/2025 14:00:00;M30;380;15,29;77,50
1010;26/09/2025 14:00:00;URB;139;16,58;82,80
1011;26/09/2025 14:00:00;URB;142;14,71;90,60
1012;26/09/2025 14:00:00;M30;356;18,64;86,30
1013;26/09/2025 14:00:00;URB;123;14,20;85,60
1014;26/09/2025 14:00:00;URB;156;23,64;86,60
1015;26/09/2025 14:00:00;M30;410;21,37;88,20
1016;26/09/2025 14:00:00;URB;148;18,61;95,90
1017;26/09/2025 14:00:00;URB;131;13,88;88,90
1018;26/09/2025 14:00:00;URB;124;17,07;88,70
1019;26/09/2025 14:00:00;M30;385;17,92;88,20
1020;26/09/2025 14:00:00;URB;131;22,62;86,30
1021;26/09/2025 14:00:00;M30;362;16,74;89,70
1022;26/09/2025 14:00:00;URB;118;8,93;84,70
1023;26/09/2025 14:00:00;URB;130;16,89;83,50
1024;26/09/2025 14:00:00;URB;146;14,83;-1,00
1025;26/09/2025 14:00:00;M30;417;19,86;88,30
1026;26/09/2025 14:00:00;URB;139;18,79;79,00
1027;26/09/2025 14:00:00;M30;360;18,21;-1,00
1028;26/09/2025 14:00:00;URB;153;24,75;77,70
1029;26/09/2025 14:00:00;URB;134;13,60;79,60
1030;26/09/2025 14:00:00;URB;146;14,50;89,10
1001;26/09/2025 15:00:00;M30;513;23,48;85,90
1002;26/09/2025 15:00:00;URB;142;17,12;82,30
1003;26/09/2025 15:00:00;M30;407;19,66;78,40
1004;26/09/2025 15:00:00;M30;467;26,66;88,00
1005;26/09/2025 15:00:00;M30;428;16,97;84,30
1006;26/09/2025 15:00:00;M30;377;16,35;90,70
1007;26/09/2025 15:00:00;M30;419;14,85;87,10
1008;26/09/2025 15:00:00;URB;211;27,44;79,70
1009;26/09/2025 15:00:00;M30;421;12,61;89,80
1010;26/09/2025 15:00:00;URB;177;14,59;89,90
1011;26/09/2025 15:00:00;URB;191;21,88;82,20
1012;26/09/2025 15:00:00;M30;523;29,05;-1,00
1013;26/09/2025 15:00:00;URB;176;23,63;76,80
1014;26/09/2025 15:00:00;URB;139;18,77;95,40
1015;26/09/2025 15:00:00;M30;414;18,19;85,20
1016;26/09/2025 15:00:00;URB;171;19,15;-1,00
1017;26/09/2025 15:00:00;URB;124;13,34;88,90
1018;26/09/2025 15:00:00;URB;135;16,71;80,90
1019;26/09/2025 15:00:00;M30;498;22,52;90,40
1020;26/09/2025 15:00:00;URB;187;20,53;83,00
1021;26/09/2025 15:00:00;M30;448;21,19;81,50
1022;26/09/2025 15:00:00;URB;174;24,55;-1,00
1023;26/09/2025 15:00:00;URB;159;11,25;87,40
1024;26/09/2025 15:00:00;URB;171;19,91;84,30
1025;26/09/2025 15:00:00;M30;434;20,65;77,40
1026;26/09/2025 15:00:00;URB;186;23,56;78,60
1027;26/09/2025 15:00:00;M30;502;23,15;73,80
1028;26/09/2025 15:00:00;URB;186;11,86;85,90
1029;26/09/2025 15:00:00;URB;151;21,89;86,50
1030;26/09/2025 15:00:00;URB;144;16,37;86,50
1001;26/09/2025 16:00:00;M30;557;29,55;83,10
1002;26/09/2025 16:00:00;URB;212;30,52;84,20
1003;26/09/2025 16:00:00;M30;613;32,16;76,50
1004;26/09/2025 16:00:00;M30;648;33,08;80,10
1005;26/09/2025 16:00:00;M30;528;26,20;79,90
1006;26/09/2025 16:00:00;M30;633;27,89;-1,00
1007;26/09/2025 16:00:00;M30;549;26,24;74,90
1008;26/09/2025 16:00:00;URB;224;24,32;83,10
1009;26/09/2025 16:00:00;M30;629;34,50;71,80
1010;26/09/2025 16:00:00;URB;214;32,87;-1,00
1011;26/09/2025 16:00:00;URB;222;29,98;-1,00
1012;26/09/2025 16:00:00;M30;635;32,20;69,80
1013;26/09/2025 16:00:00;URB;217;27,64;82,70
1014;26/09/2025 16:00:00;URB;185;24,83;78,30
1015;26/09/2025 16:00:00;M30;612;34,28;77,40
1016;26/09/2025 16:00:00;URB;223;27,67;83,20
1017;26/09/2025 16:00:00;URB;182;28,44;74,60
1018;26/09/2025 16:00:00;URB;199;28,06;80,40
1019;26/09/2025 16:00:00;M30;609;39,21;74,20
1020;26/09/2025 16:00:00;URB;252;27,52;82,90
1021;26/09/2025 16:00:00;M30;730;35,87;78,10
1022;26/09/2025 16:00:00;URB;241;27,96;-1,00
1023;26/09/2025 16:00:00;URB;219;35,82;71,60
1024;26/09/2025 16:00:00;URB;203;26,10;81,30
1025;26/09/2025 16:00:00;M30;607;30,96;83,40
1026;26/09/2025 16:00:00;URB;230;17,88;85,70
1027;26/09/2025 16:00:00;M30;545;21,68;81,60
1028;26/09/2025 16:00:00;URB;267;35,86;73,50
1029;26/09/2025 16:00:00;URB;211;31,06;78,90
1030;26/09/2025 16:00:00;URB;232;32,49;78,30
1001;26/09/2025 17:00:00;M30;820;16,49;-1,00
1002;26/09/2025 17:00:00;URB;255;39,10;78,90
1003;26/09/2025 17:00:00;M30;917;25,06;86,80
1004;26/09/2025 17:00:00;M30;918;35,73;75,80
1005;26/09/2025 17:00:00;M30;639;21,78;-1,00
1006;26/09/2025 17:00:00;M30;720;39,81;77,40
1007;26/09/2025 17:00:00;M30;816;37,12;72,10
1008;26/09/2025 17:00:00;URB;316;50,79;66,50
1009;26/09/2025 17:00:00;M30;796;19,36;84,70
1010;26/09/2025 17:00:00;URB;268;35,10;77,60
1011;26/09/2025 17:00:00;URB;236;31,73;76,60
1012;26/09/2025 17:00:00;M30;835;50,99;-1,00
1013;26/09/2025 17:00:00;URB;282;39,16;77,00
1014;26/09/2025 17:00:00;URB;282;31,52;71,80
1015;26/09/2025 17:00:00;M30;800;45,65;67,00
1016;26/09/2025 17:00:00;URB;315;36,21;79,10
1017;26/09/2025 17:00:00;URB;302;37,72;80,80
1018;26/09/2025 17:00:00;URB;317;39,46;69,70
1019;26/09/2025 17:00:00;M30;800;39,26;76,80
1020;26/09/2025 17:00:00;URB;277;37,52;72,70
1021;26/09/2025 17:00:00;M30;846;39,45;72,80
1022;26/09/2025 17:00:00;URB;264;33,12;74,10
1023;26/09/2025 17:00:00;URB;259;36,50;73,00
1024;26/09/2025 17:00:00;URB;297;26,16;86,10
1025;26/09/2025 17:00:00;M30;787;41,56;71,50
1026;26/09/2025 17:00:00;URB;308;35,63;-1,00
1027;26/09/2025 17:00:00;M30;729;26,82;81,10
1028;26/09/2025 17:00:00;URB;276;44,33;70,70
1029;26/09/2025 17:00:00;URB;286;38,07;78,80
1030;26/09/2025 17:00:00;URB;320;56,81;60,70
1001;26/09/2025 18:00:00;M30;1.016;39,06;76,60
1002;26/09/2025 18:00:00;URB;345;46,14;70,50
1003;26/09/2025 18:00:00;M30;937;53,10;62,50
1004;26/09/2025 18:00:00;M30;942;47,90;67,30
1005;26/09/2025 18:00:00;M30;811;39,39;67,90
1006;26/09/2025 18:00:00;M30;1.118;55,46;66,30
1007;26/09/2025 18:00:00;M30;830;38,14;76,70
1008;26/09/2025 18:00:00;URB;295;36,48;83,70
1009;26/09/2025 18:00:00;M30;1.078;38,14;-1,00
1010;26/09/2025 18:00:00;URB;389;40,78;71,10
1011;26/09/2025 18:00:00;URB;370;46,47;68,00
1012;26/09/2025 18:00:00;M30;1.026;63,29;58,70
1013;26/09/2025 18:00:00;URB;374;34,35;77,30
1014;26/09/2025 18:00:00;URB;316;31,35;77,30
1015;26/09/2025 18:00:00;M30;857;30,10;79,10
1016;26/09/2025 18:00:00;URB;398;63,03;56,90
1017;26/09/2025 18:00:00;URB;332;48,02;70,90
1018;26/09/2025 18:00:00;URB;320;42,66;73,00
1019;26/09/2025 18:00:00;M30;935;59,51;67,70
1020;26/09/2025 18:00:00;URB;388;65,32;57,00
1021;26/09/2025 18:00:00;M30;1.045;26,70;82,00
1022;26/09/2025 18:00:00;URB;332;38,75;65,10
1023;26/09/2025 18:00:00;URB;295;37,05;75,30
1024;26/09/2025 18:00:00;URB;333;55,04;-1,00
1025;26/09/2025 18:00:00;M30;803;41,58;57,80
1026;26/09/2025 18:00:00;URB;459;63,26;63,80
1027;26/09/2025 18:00:00;M30;974;36,69;84,00
1028;26/09/2025 18:00:00;URB;422;67,89;63,10
1029;26/09/2025 18:00:00;URB;375;43,43;70,50
1030;26/09/2025 18:00:00;URB;371;48,25;70,40
1001;26/09/2025 19:00:00;M30;1.094;49,50;62,60
1002;26/09/2025 19:00:00;URB;353;52,35;67,40
1003;26/09/2025 19:00:00;M30;1.201;53,44;66,70
1004;26/09/2025 19:00:00;M30;1.032;62,21;57,30
1005;26/09/2025 19:00:00;M30;1.109;70,03;58,00
1006;26/09/2025 19:00:00;M30;1.112;52,70;66,00
1007;26/09/2025 19:00:00;M30;905;44,77;-1,00
1008;26/09/2025 19:00:00;URB;352;38,07;77,00
1009;26/09/2025 19:00:00;M30;903;45,87;70,40
1010;26/09/2025 19:00:00;URB;376;53,63;60,30
1011;26/09/2025 19:00:00;URB;423;71,13;55,50
1012;26/09/2025 19:00:00;M30;1.111;48,48;71,00
1013;26/09/2025 19:00:00;URB;416;33,26;82,80
1014;26/09/2025 19:00:00;URB;376;65,47;59,20
1015;26/09/2025 19:00:00;M30;901;43,40;69,10
1016;26/09/2025 19:00:00;URB;399;64,04;53,30
1017;26/09/2025 19:00:00;URB;350;47,81;64,00
1018;26/09/2025 19:00:00;URB;382;43,42;71,00
1019;26/09/2025 19:00:00;M30;1.012;43,04;-1,00
1020;26/09/2025 19:00:00;URB;329;46,30;67,10
1021;26/09/2025 19:00:00;M30;1.002;57,78;55,10
1022;26/09/2025 19:00:00;URB;384;37,32;77,50
1023;26/09/2025 19:00:00;URB;318;46,36;-1,00
1024;26/09/2025 19:00:00;URB;323;48,37;68,00
1025;26/09/2025 19:00:00;M30;769;43,08;68,50
1026;26/09/2025 19:00:00;URB;329;39,07;70,00
1027;26/09/2025 19:00:00;M30;1.171;75,05;57,60
1028;26/09/2025 19:00:00;URB;379;43,16;64,90
1029;26/09/2025 19:00:00;URB;372;46,21;65,10
1030;26/09/2025 19:00:00;URB;332;43,41;74,30
1001;26/09/2025 20:00:00;M30;1.000;40,34;74,60
1002;26/09/2025 20:00:00;URB;338;34,87;76,70
1003;26/09/2025 20:00:00;M30;1.105;55,50;70,50
1004;26/09/2025 20:00:00;M30;821;33,29;63,60
1005;26/09/2025 20:00:00;M30;835;31,89;73,90
1006;26/09/2025 20:00:00;M30;969;36,90;75,40
1007;26/09/2025 20:00:00;M30;958;45,98;69,30
1008;26/09/2025 20:00:00;URB;367;43,09;72,30
1009;26/09/2025 20:00:00;M30;903;39,08;73,50
1010;26/09/2025 20:00:00;URB;331;50,80;67,30
1011;26/09/2025 20:00:00;URB;363;38,71;70,10
1012;26/09/2025 20:00:00;M30;1.059;45,57;64,20
1013;26/09/2025 20:00:00;URB;384;43,16;-1,00
1014;26/09/2025 20:00:00;URB;368;48,77;65,40
1015;26/09/2025 20:00:00;M30;1.015;42,76;68,50
1016;26/09/2025 20:00:00;URB;332;51,05;69,00
1017;26/09/2025 20:00:00;URB;376;65,84;57,60
1018;26/09/2025 20:00:00;URB;352;54,69;71,40
1019;26/09/2025 20:00:00;M30;820;33,41;82,30
1020;26/09/2025 20:00:00;URB;301;41,00;61,30
1021;26/09/2025 20:00:00;M30;1.059;54,68;58,80
1022;26/09/2025 20:00:00;URB;320;36,63;72,60
1023;26/09/2025 20:00:00;URB;383;51,28;65,90
1024;26/09/2025 20:00:00;URB;344;50,12;68,80
1025;26/09/2025 20:00:00;M30;1.035;44,53;73,30
1026;26/09/2025 20:00:00;URB;396;48,85;-1,00
1027;26/09/2025 20:00:00;M30;945;38,91;73,60
1028;26/09/2025 20:00:00;URB;331;43,43;71,20
1029;26/09/2025 20:00:00;URB;348;31,91;-1,00
1030;26/09/2025 20:00:00;URB;308;40,66;69,40
1001;26/09/2025 21:00:00;M30;764;34,36;71,10
1002;26/09/2025 21:00:00;URB;341;48,33;71,20
1003;26/09/2025 21:00:00;M30;830;18,93;86,00
1004;26/09/2025 21:00:00;M30;815;32,49;73,30
1005;26/09/2025 21:00:00;M30;831;33,15;76,10
1006;26/09/2025 21:00:00;M30;859;22,33;88,90
1007;26/09/2025 21:00:00;M30;790;35,02;77,00
1008;26/09/2025 21:00:00;URB;292;54,12;64,30
1009;26/09/2025 21:00:00;M30;665;32,68;75,40
1010;26/09/2025 21:00:00;URB;277;35,03;76,50
1011;26/09/2025 21:00:00;URB;269;33,38;80,00
1012;26/09/2025 21:00:00;M30;727;28,25;77,30
1013;26/09/2025 21:00:00;URB;283;35,49;78,30
1014;26/09/2025 21:00:00;URB;282;43,54;66,00
1015;26/09/2025 21:00:00;M30;716;33,25;-1,00
1016;26/09/2025 21:00:00;URB;311;53,67;65,40
1017;26/09/2025 21:00:00;URB;267;33,79;74,10
1018;26/09/2025 21:00:00;URB;291;26,74;82,30
1019;26/09/2025 21:00:00;M30;777;34,02;79,70
1020;26/09/2025 21:00:00;URB;218;31,83;-1,00
1021;26/09/2025 21:00:00;M30;817;42,51;66,90
1022;26/09/2025 21:00:00;URB;346;31,96;77,70
1023;26/09/2025 21:00:00;URB;297;44,93;68,90
1024;26/09/2025 21:00:00;URB;265;39,23;-1,00
1025;26/09/2025 21:00:00;M30;896;44,38;73,00
1026;26/09/2025 21:00:00;URB;253;26,12;81,40
1027;26/09/2025 21:00:00;M30;779;36,17;83,70
1028;26/09/2025 21:00:00;URB;275;42,88;78,20
1029;26/09/2025 21:00:00;URB;282;43,28;68,70
1030;26/09/2025 21:00:00;URB;233;32,22;74,70
1001;26/09/2025 22:00:00;M30;630;24,69;78,50
1002;26/09/2025 22:00:00;URB;222;36,39;70,70
1003;26/09/2025 22:00:00;M30;472;23,76;84,20
1004;26/09/2025 22:00:00;M30;679;35,80;76,20
1005;26/09/2025 22:00:00;M30;627;35,92;76,50
1006;26/09/2025 22:00:00;M30;513;21,49;81,10
1007;26/09/2025 22:00:00;M30;595;28,00;69,00
1008;26/09/2025 22:00:00;URB;179;25,19;84,00
1009;26/09/2025 22:00:00;M30;686;31,55;81,10
1010;26/09/2025 22:00:00;URB;258;39,83;73,80
1011;26/09/2025 22:00:00;URB;190;23,11;-1,00
1012;26/09/2025 22:00:00;M30;581;25,51;82,90
1013;26/09/2025 22:00:00;URB;257;25,06;80,60
1014;26/09/2025 22:00:00;URB;251;24,75;76,90
1015;26/09/2025 22:00:00;M30;621;33,98;75,10
1016;26/09/2025 22:00:00;URB;212;23,43;-1,00
1017;26/09/2025 22:00:00;URB;228;21,17;84,30
1018;26/09/2025 22:00:00;URB;238;27,67;81,30
1019;26/09/2025 22:00:00;M30;511;18,14;86,00
1020;26/09/2025 22:00:00;URB;224;30,83;81,70
1021;26/09/2025 22:00:00;M30;527;27,13;79,60
1022;26/09/2025 22:00:00;URB;197;14,40;89,20
1023;26/09/2025 22:00:00;URB;179;20,79;82,20
1024;26/09/2025 22:00:00;URB;243;29,86;79,20
1025;26/09/2025 22:00:00;M30;554;26,15;75,80
1026;26/09/2025 22:00:00;URB;212;31,16;-1,00
1027;26/09/2025 22:00:00;M30;558;19,43;89,20
1028;26/09/2025 22:00:00;URB;241;27,07;76,60
1029;26/09/2025 22:00:00;URB;221;27,59;-1,00
1030;26/09/2025 22:00:00;URB;196;23,21;85,90
1001;26/09/2025 23:00:00;M30;403;16,35;85,70
1002;26/09/2025 23:00:00;URB;152;20,31;83,10
1003;26/09/2025 23:00:00;M30;467;26,89;76,00
1004;26/09/2025 23:00:00;M30;463;17,98;-1,00
1005;26/09/2025 23:00:00;M30;412;15,37;82,10
1006;26/09/2025 23:00:00;M30;424;21,38;85,70
1007;26/09/2025 23:00:00;M30;484;27,52;78,70
1008;26/09/2025 23:00:00;URB;154;21,87;-1,00
1009;26/09/2025 23:00:00;M30;447;20,96;84,40
1010;26/09/2025 23:00:00;URB;169;25,17;84,30
1011;26/09/2025 23:00:00;URB;179;21,86;92,10
1012;26/09/2025 23:00:00;M30;415;19,48;80,10
1013;26/09/2025 23:00:00;URB;156;19,52;83,90
1014;26/09/2025 23:00:00;URB;184;27,70;74,80
1015;26/09/2025 23:00:00;M30;499;15,54;-1,00
1016;26/09/2025 23:00:00;URB;171;20,99;82,90
1017;26/09/2025 23:00:00;URB;158;23,45;88,90
1018;26/09/2025 23:00:00;URB;176;22,03;87,30
1019;26/09/2025 23:00:00;M30;439;17,13;-1,00
1020;26/09/2025 23:00:00;URB;190;24,42;79,10
1021;26/09/2025 23:00:00;M30;528;25,45;81,70
1022;26/09/2025 23:00:00;URB;171;26,07;77,10
1023;26/09/2025 23:00:00;URB;155;17,09;84,20
1024;26/09/2025 23:00:00;URB;151;20,61;84,50
1025;26/09/2025 23:00:00;M30;437;9,43;86,80
1026;26/09/2025 23:00:00;URB;165;18,01;82,30
1027;26/09/2025 23:00:00;M30;457;19,65;86,50
1028;26/09/2025 23:00:00;URB;143;18,56;85,40
1029;26/09/2025 23:00:00;URB;149;21,49;85,60
1030;26/09/2025 23:00:00;URB;150;19,46;86,40
1001;27/09/2025 00:00:00;M30;208;10,54;-1,00
1002;27/09/2025 00:00:00;URB;70;10,25;87,60
1003;27/09/2025 00:00:00;M30;191;7,30;89,20
1004;27/09/2025 00:00:00;M30;179;10,91;93,40
1005;27/09/2025 00:00:00;M30;227;13,49;85,10
1006;27/09/2025 00:00:00;M30;191;7,34;88,60
1007;27/09/2025 00:00:00;M30;181;8,27;93,50
1008;27/09/2025 00:00:00;URB;71;8,46;98,80
1009;27/09/2025 00:00:00;M30;235;10,93;86,10
1010;27/09/2025 00:00:00;URB;76;8,65;-1,00
1011;27/09/2025 00:00:00;URB;75;9,58;84,00
1012;27/09/2025 00:00:00;M30;192;10,09;82,30
1013;27/09/2025 00:00:00;URB;86;9,47;91,40
1014;27/09/2025 00:00:00;URB;63;4,74;95,20
1015;27/09/2025 00:00:00;M30;149;6,07;-1,00
1016;27/09/2025 00:00:00;URB;62;8,42;-1,00
1017;27/09/2025 00:00:00;URB;77;9,19;89,90
1018;27/09/2025 00:00:00;URB;72;10,42;90,10
1019;27/09/2025 00:00:00;M30;193;6,36;81,00
1020;27/09/2025 00:00:00;URB;65;8,24;88,00
1021;27/09/2025 00:00:00;M30;184;7,97;88,90
1022;27/09/2025 00:00:00;URB;80;10,20;85,40
1023;27/09/2025 00:00:00;URB;71;8,42;89,90
1024;27/09/2025 00:00:00;URB;82;7,68;83,60
1025;27/09/2025 00:00:00;M30;196;10,96;83,90
1026;27/09/2025 00:00:00;URB;77;8,48;91,90
1027;27/09/2025 00:00:00;M30;161;8,93;89,80
1028;27/09/2025 00:00:00;URB;73;9,21;88,40
1029;27/09/2025 00:00:00;URB;59;7,79;94,00
1030;27/09/2025 00:00:00;URB;69;8,02;92,20
1001;27/09/2025 01:00:00;M30;201;9,45;86,50
1002;27/09/2025 01:00:00;URB;73;11,47;91,10
1003;27/09/2025 01:00:00;M30;189;9,99;79,30
1004;27/09/2025 01:00:00;M30;171;7,37;85,60
1005;27/09/2025 01:00:00;M30;165;8,78;92,90
1006;27/09/2025 01:00:00;M30;232;11,41;96,40
1007;27/09/2025 01:00:00;M30;209;12,79;94,50
1008;27/09/2025 01:00:00;URB;63;7,54;89,60
1009;27/09/2025 01:00:00;M30;214;9,21;91,60
1010;27/09/2025 01:00:00;URB;82;10,53;86,60
1011;27/09/2025 01:00:00;URB;63;10,59;89,20
1012;27/09/2025 01:00:00;M30;208;12,59;86,60
1013;27/09/2025 01:00:00;URB;60;9,16;90,30
1014;27/09/2025 01:00:00;URB;58;5,54;92,70
1015;27/09/2025 01:00:00;M30;186;7,91;82,90
1016;27/09/2025 01:00:00;URB;93;16,22;85,90
1017;27/09/2025 01:00:00;URB;58;7,46;93,40
1018;27/09/2025 01:00:00;URB;69;9,36;87,40
1019;27/09/2025 01:00:00;M30;207;8,51;-1,00
1020;27/09/2025 01:00:00;URB;84;12,74;80,90
1021;27/09/2025 01:00:00;M30;217;10,53;91,90
1022;27/09/2025 01:00:00;URB;69;10,68;89,90
1023;27/09/2025 01:00:00;URB;60;9,09;93,10
1024;27/09/2025 01:00:00;URB;67;8,93;83,10
1025;27/09/2025 01:00:00;M30;195;11,81;82,30
1026;27/09/2025 01:00:00;URB;67;7,92;88,00
1027;27/09/2025 01:00:00;M30;193;9,84;-1,00
1028;27/09/2025 01:00:00;URB;64;8,26;-1,00
1029;27/09/2025 01:00:00;URB;59;7,30;100,20
1030;27/09/2025 01:00:00;URB;74;12,63;87,00
1001;27/09/2025 02:00:00;M30;176;8,87;91,60
1002;27/09/2025 02:00:00;URB;49;8,30;88,60
1003;27/09/2025 02:00:00;M30;211;12,32;88,40
1004;27/09/2025 02:00:00;M30;247;9,40;88,10
1005;27/09/2025 02:00:00;M30;211;9,07;89,30
1006;27/09/2025 02:00:00;M30;205;11,79;83,90
1007;27/09/2025 02:00:00;M30;203;5,97;93,20
1008;27/09/2025 02:00:00;URB;72;10,49;90,20
1009;27/09/2025 02:00:00;M30;183;8,33;88,90
1010;27/09/2025 02:00:00;URB;74;8,38;91,10
1011;27/09/2025 02:00:00;URB;69;10,60;-1,00
1012;27/09/2025 02:00:00;M30;170;7,52;85,50
1013;27/09/2025 02:00:00;URB;68;7,13;82,00
1014;27/09/2025 02:00:00;URB;77;11,50;92,80
1015;27/09/2025 02:00:00;M30;187;9,92;88,80
1016;27/09/2025 02:00:00;URB;63;9,83;87,80
1017;27/09/2025 02:00:00;URB;78;10,20;93,80
1018;27/09/2025 02:00:00;URB;64;8,48;98,50
1019;27/09/2025 02:00:00;M30;206;9,90;92,60
1020;27/09/2025 02:00:00;URB;73;11,23;96,20
1021;27/09/2025 02:00:00;M30;176;8,08;94,40
1022;27/09/2025 02:00:00;URB;67;7,57;92,10
1023;27/09/2025 02:00:00;URB;65;8,45;93,80
1024;27/09/2025 02:00:00;URB;75;10,04;90,20
1025;27/09/2025 02:00:00;M30;214;11,98;-1,00
1026;27/09/2025 02:00:00;URB;76;9,56;90,40
1027;27/09/2025 02:00:00;M30;188;10,70;91,70
1028;27/09/2025 02:00:00;URB;84;15,14;92,00
1029;27/09/2025 02:00:00;URB;69;11,66;86,20
1030;27/09/2025 02:00:00;URB;73;8,95;-1,00
1001;27/09/2025 03:00:00;M30;212;11,64;88,30
1002;27/09/2025 03:00:00;URB;61;8,57;89,40
1003;27/09/2025 03:00:00;M30;209;8,96;90,70
1004;27/09/2025 03:00:00;M30;203;8,35;90,70
1005;27/09/2025 03:00:00;M30;184;7,07;-1,00
1006;27/09/2025 03:00:00;M30;201;10,30;96,40
1007;27/09/2025 03:00:00;M30;179;10,26;88,10
1008;27/09/2025 03:00:00;URB;68;9,80;94,50
1009;27/09/2025 03:00:00;M30;185;6,83;91,60
1010;27/09/2025 03:00:00;URB;64;9,01;95,80
1011;27/09/2025 03:00:00;URB;78;10,39;83,70
1012;27/09/2025 03:00:00;M30;166;9,93;83,10
1013;27/09/2025 03:00:00;URB;78;10,17;88,30
1014;27/09/2025 03:00:00;URB;76;9,90;88,90
1015;27/09/2025 03:00:00;M30;194;9,88;88,90
1016;27/09/2025 03:00:00;URB;71;9,90;89,80
1017;27/09/2025 03:00:00;URB;78;11,30;86,00
1018;27/09/2025 03:00:00;URB;71;9,22;91,40
1019;27/09/2025 03:00:00;M30;212;8,82;-1,00
1020;27/09/2025 03:00:00;URB;70;8,71;93,80
1021;27/09/2025 03:00:00;M30;218;8,50;-1,00
1022;27/09/2025 03:00:00;URB;84;13,13;84,20
1023;27/09/2025 03:00:00;URB;75;7,27;95,20
1024;27/09/2025 03:00:00;URB;73;8,89;93,60
1025;27/09/2025 03:00:00;M30;202;10,80;89,20
1026;27/09/2025 03:00:00;URB;66;7,80;96,20
1027;27/09/2025 03:00:00;M30;227;11,78;85,60
1028;27/09/2025 03:00:00;URB;68;7,24;84,90
1029;27/09/2025 03:00:00;URB;80;9,28;92,50
1030;27/09/2025 03:00:00;URB;69;4,85;85,40
1001;27/09/2025 04:00:00;M30;216;9,38;87,80
1002;27/09/2025 04:00:00;URB;74;8,86;89,10
1003;27/09/2025 04:00:00;M30;285;17,33;79,00
1004;27/09/2025 04:00:00;M30;203;10,66;88,60
1005;27/09/2025 04:00:00;M30;169;9,22;88,20
1006;27/09/2025 04:00:00;M30;237;10,80;87,90
1007;27/09/2025 04:00:00;M30;238;13,00;84,30
1008;27/09/2025 04:00:00;URB;81;10,37;88,90
1009;27/09/2025 04:00:00;M30;221;9,18;94,70
1010;27/09/2025 04:00:00;URB;80;9,77;89,70
1011;27/09/2025 04:00:00;URB;65;8,06;88,50
1012;27/09/2025 04:00:00;M30;247;9,18;86,30
1013;27/09/2025 04:00:00;URB;74;9,06;95,30
1014;27/09/2025 04:00:00;URB;79;10,55;92,50
1015;27/09/2025 04:00:00;M30;221;11,31;85,00
1016;27/09/2025 04:00:00;URB;72;10,03;96,20
1017;27/09/2025 04:00:00;URB;86;9,14;92,80
1018;27/09/2025 04:00:00;URB;84;10,00;94,00
1019;27/09/2025 04:00:00;M30;224;10,49;91,30
1020;27/09/2025 04:00:00;URB;90;10,97;-1,00
1021;27/09/2025 04:00:00;M30;207;10,11;85,10
1022;27/09/2025 04:00:00;URB;92;8,30;95,40
1023;27/09/2025 04:00:00;URB;79;10,62;100,60
1024;27/09/2025 04:00:00;URB;89;14,06;81,30
1025;27/09/2025 04:00:00;M30;202;5,61;90,50
1026;27/09/2025 04:00:00;URB;84;10,61;88,80
1027;27/09/2025 04:00:00;M30;253;11,31;85,80
1028;27/09/2025 04:00:00;URB;95;10,18;82,80
1029;27/09/2025 04:00:00;URB;84;9,48;97,30
1030;27/09/2025 04:00:00;URB;60;7,91;93,30
1001;27/09/2025 05:00:00;M30;292;16,60;82,90
1002;27/09/2025 05:00:00;URB;97;8,64;86,40
1003;27/09/2025 05:00:00;M30;285;12,35;84,20
1004;27/09/2025 05:00:00;M30;267;13,70;95,50
1005;27/09/2025 05:00:00;M30;281;9,57;94,40
1006;27/09/2025 05:00:00;M30;318;15,42;84,50
1007;27/09/2025 05:00:00;M30;250;14,12;75,50
1008;27/09/2025 05:00:00;URB;98;15,05;-1,00
1009;27/09/2025 05:00:00;M30;243;8,93;-1,00
1010;27/09/2025 05:00:00;URB;104;13,14;83,00
1011;27/09/2025 05:00:00;URB;94;15,38;94,80
1012;27/09/2025 05:00:00;M30;261;11,52;85,90
1013;27/09/2025 05:00:00;URB;115;10,93;85,60
1014;27/09/2025 05:00:00;URB;102;7,43;87,80
1015;27/09/2025 05:00:00;M30;269;13,98;85,30
1016;27/09/2025 05:00:00;URB;76;7,94;97,20
1017;27/09/2025 05:00:00;URB;103;9,61;87,90
1018;27/09/2025 05:00:00;URB;101;16,11;88,60
1019;27/09/2025 05:00:00;M30;252;13,98;91,40
1020;27/09/2025 05:00:00;URB;104;16,56;85,00
1021;27/09/2025 05:00:00;M30;283;20,99;-1,00
1022;27/09/2025 05:00:00;URB;84;8,83;86,70
1023;27/09/2025 05:00:00;URB;78;5,41;92,90
1024;27/09/2025 05:00:00;URB;111;14,56;95,10
1025;27/09/2025 05:00:00;M30;304;16,96;-1,00
1026;27/09/2025 05:00:00;URB;119;13,45;91,40
1027;27/09/2025 05:00:00;M30;267;12,06;92,20
1028;27/09/2025 05:00:00;URB;91;12,99;95,40
1029;27/09/2025 05:00:00;URB;106;14,50;86,00
1030;27/09/2025 05:00:00;URB;119;15,53;82,30
1001;27/09/2025 06:00:00;M30;362;15,50;88,40
1002;27/09/2025 06:00:00;URB;133;15,33;79,40
1003;27/09/2025 06:00:00;M30;394;15,82;79,40
1004;27/09/2025 06:00:00;M30;401;21,00;89,60
1005;27/09/2025 06:00:00;M30;369;18,28;87,00
1006;27/09/2025 06:00:00;M30;373;16,14;86,30
1007;27/09/2025 06:00:00;M30;367;17,35;87,90
1008;27/09/2025 06:00:00;URB;117;16,61;81,70
1009;27/09/2025 06:00:00;M30;364;17,39;82,40
1010;27/09/2025 06:00:00;URB;129;13,44;88,10
1011;27/09/2025 06:00:00;URB;121;16,50;-1,00
1012;27/09/2025 06:00:00;M30;396;21,18;83,40
1013;27/09/2025 06:00:00;URB;154;17,25;84,00
1014;27/09/2025 06:00:00;URB;126;14,37;80,70
1015;27/09/2025 06:00:00;M30;360;14,90;89,80
1016;27/09/2025 06:00:00;URB;144;17,67;-1,00
1017;27/09/2025 06:00:00;URB;114;14,71;86,90
1018;27/09/2025 06:00:00;URB;126;15,52;78,40
1019;27/09/2025 06:00:00;M30;328;19,62;77,70
1020;27/09/2025 06:00:00;URB;134;21,33;87,90
1021;27/09/2025 06:00:00;M30;384;16,00;82,00
1022;27/09/2025 06:00:00;URB;107;14,19;92,40
1023;27/09/2025 06:00:00;URB;121;13,22;87,60
1024;27/09/2025 06:00:00;URB;142;19,10;91,70
1025;27/09/2025 06:00:00;M30;341;13,92;86,30
1026;27/09/2025 06:00:00;URB;137;18,60;90,30
1027;27/09/2025 06:00:00;M30;354;12,79;88,60
1028;27/09/2025 06:00:00;URB;146;25,66;84,30
1029;27/09/2025 06:00:00;URB;125;13,89;85,10
1030;27/09/2025 06:00:00;URB;130;17,10;91,50
1001;27/09/2025 07:00:00;M30;522;35,12;77,80
1002;27/09/2025 07:00:00;URB;133;14,67;90,50
1003;27/09/2025 07:00:00;M30;377;19,33;88,60
1004;27/09/2025 07:00:00;M30;400;18,22;88,20
1005;27/09/2025 07:00:00;M30;468;22,63;84,00
1006;27/09/2025 07:00:00;M30;492;27,14;78,80
1007;27/09/2025 07:00:00;M30;537;25,64;86,00
1008;27/09/2025 07:00:00;URB;174;23,03;79,30
1009;27/09/2025 07:00:00;M30;477;22,68;83,00
1010;27/09/2025 07:00:00;URB;173;23,11;86,90
1011;27/09/2025 07:00:00;URB;172;28,92;75,90
1012;27/09/2025 07:00:00;M30;526;27,24;85,20
1013;27/09/2025 07:00:00;URB;165;15,37;90,60
1014;27/09/2025 07:00:00;URB;199;23,87;78,50
1015;27/09/2025 07:00:00;M30;578;24,36;83,60
1016;27/09/2025 07:00:00;URB;147;16,20;87,20
1017;27/09/2025 07:00:00;URB;175;13,25;90,30
1018;27/09/2025 07:00:00;URB;182;20,93;86,20
1019;27/09/2025 07:00:00;M30;466;22,00;82,20
1020;27/09/2025 07:00:00;URB;176;23,84;-1,00
1021;27/09/2025 07:00:00;M30;450;22,41;77,70
1022;27/09/2025 07:00:00;URB;161;19,48;86,70
1023;27/09/2025 07:00:00;URB;139;15,39;89,80
1024;27/09/2025 07:00:00;URB;181;21,56;86,80
1025;27/09/2025 07:00:00;M30;514;21,24;81,60
1026;27/09/2025 07:00:00;URB;147;17,47;84,40
1027;27/09/2025 07:00:00;M30;451;27,49;80,30
1028;27/09/2025 07:00:00;URB;188;25,62;77,30
1029;27/09/2025 07:00:00;URB;158;23,93;87,40
1030;27/09/2025 07:00:00;URB;151;16,11;85,00
1001;27/09/2025 08:00:00;M30;560;20,14;83,90
1002;27/09/2025 08:00:00;URB;194;29,73;75,60
1003;27/09/2025 08:00:00;M30;429;18,93;86,50
1004;27/09/2025 08:00:00;M30;672;33,95;79,30
1005;27/09/2025 08:00:00;M30;503;28,70;75,10
1006;27/09/2025 08:00:00;M30;540;11,52;84,60
1007;27/09/2025 08:00:00;M30;573;26,85;80,70
1008;27/09/2025 08:00:00;URB;180;21,71;86,90
1009;27/09/2025 08:00:00;M30;580;29,89;-1,00
1010;27/09/2025 08:00:00;URB;182;26,77;81,80
1011;27/09/2025 08:00:00;URB;214;30,67;82,80
1012;27/09/2025 08:00:00;M30;553;24,97;88,00
1013;27/09/2025 08:00:00;URB;198;26,20;79,80
1014;27/09/2025 08:00:00;URB;194;23,53;79,80
1015;27/09/2025 08:00:00;M30;517;17,71;86,40
1016;27/09/2025 08:00:00;URB;205;26,19;82,80
1017;27/09/2025 08:00:00;URB;197;29,32;82,90
1018;27/09/2025 08:00:00;URB;193;25,64;87,60
1019;27/09/2025 08:00:00;M30;412;17,19;90,20
1020;27/09/2025 08:00:00;URB;199;22,72;76,40
1021;27/09/2025 08:00:00;M30;462;27,44;84,30
1022;27/09/2025 08:00:00;URB;197;32,25;79,40
1023;27/09/2025 08:00:00;URB;164;20,13;88,10
1024;27/09/2025 08:00:00;URB;207;27,33;75,60
1025;27/09/2025 08:00:00;M30;486;28,59;83,10
1026;27/09/2025 08:00:00;URB;165;20,90;86,30
1027;27/09/2025 08:00:00;M30;572;30,95;79,90
1028;27/09/2025 08:00:00;URB;181;19,85;87,80
1029;27/09/2025 08:00:00;URB;191;30,67;77,10
1030;27/09/2025 08:00:00;URB;182;28,10;80,90
1001;27/09/2025 09:00:00;M30;591;32,15;-1,00
1002;27/09/2025 09:00:00;URB;154;18,45;84,20
1003;27/09/2025 09:00:00;M30;549;26,08;84,00
1004;27/09/2025 09:00:00;M30;432;19,63;78,40
1005;27/09/2025 09:00:00;M30;567;36,25;77,50
1006;27/09/2025 09:00:00;M30;608;25,98;82,60
1007;27/09/2025 09:00:00;M30;573;21,97;74,80
1008;27/09/2025 09:00:00;URB;204;29,80;-1,00
1009;27/09/2025 09:00:00;M30;548;24,16;77,30
1010;27/09/2025 09:00:00;URB;177;16,72;-1,00
1011;27/09/2025 09:00:00;URB;213;24,41;-1,00
1012;27/09/2025 09:00:00;M30;540;22,46;86,30
1013;27/09/2025 09:00:00;URB;198;20,27;79,30
1014;27/09/2025 09:00:00;URB;207;30,37;70,20
1015;27/09/2025 09:00:00;M30;537;30,99;80,90
1016;27/09/2025 09:00:00;URB;244;35,42;80,80
1017;27/09/2025 09:00:00;URB;187;22,03;76,60
1018;27/09/2025 09:00:00;URB;163;18,87;80,90
1019;27/09/2025 09:00:00;M30;484;23,87;75,50
1020;27/09/2025 09:00:00;URB;205;26,55;79,10
1021;27/09/2025 09:00:00;M30;589;31,10;76,70
1022;27/09/2025 09:00:00;URB;169;22,35;82,90
1023;27/09/2025 09:00:00;URB;177;27,44;80,00
1024;27/09/2025 09:00:00;URB;182;24,27;90,50
1025;27/09/2025 09:00:00;M30;494;23,20;-1,00
1026;27/09/2025 09:00:00;URB;229;30,92;73,90
1027;27/09/2025 09:00:00;M30;490;14,67;89,20
1028;27/09/2025 09:00:00;URB;214;25,97;81,40
1029;27/09/2025 09:00:00;URB;167;22,60;-1,00
1030;27/09/2025 09:00:00;URB;210;23,33;82,00
1001;27/09/2025 10:00:00;M30;459;19,56;83,30
1002;27/09/2025 10:00:00;URB;146;19,88;87,10
1003;27/09/2025 10:00:00;M30;437;19,36;85,90
1004;27/09/2025 10:00:00;M30;376;14,80;85,20
1005;27/09/2025 10:00:00;M30;442;12,80;82,10
1006;27/09/2025 10:00:00;M30;443;21,17;87,60
1007;27/09/2025 10:00:00;M30;523;29,79;69,90
1008;27/09/2025 10:00:00;URB;166;16,60;84,10
1009;27/09/2025 10:00:00;M30;436;25,56;81,50
1010;27/09/2025 10:00:00;URB;184;29,54;73,50
1011;27/09/2025 10:00:00;URB;182;16,18;85,00
1012;27/09/2025 10:00:00;M30;480;24,60;77,90
1013;27/09/2025 10:00:00;URB;133;13,32;83,30
1014;27/09/2025 10:00:00;URB;183;24,54;80,60
1015;27/09/2025 10:00:00;M30;415;22,99;87,10
1016;27/09/2025 10:00:00;URB;168;15,87;94,10
1017;27/09/2025 10:00:00;URB;165;19,81;88,20
1018;27/09/2025 10:00:00;URB;192;23,11;75,70
1019;27/09/2025 10:00:00;M30;518;26,23;80,90
1020;27/09/2025 10:00:00;URB;178;22,96;-1,00
1021;27/09/2025 10:00:00;M30;439;19,62;-1,00
1022;27/09/2025 10:00:00;URB;173;24,10;76,50
1023;27/09/2025 10:00:00;URB;150;16,69;86,30
1024;27/09/2025 10:00:00;URB;195;27,56;79,20
1025;27/09/2025 10:00:00;M30;534;27,46;90,80
1026;27/09/2025 10:00:00;URB;124;14,62;89,00
1027;27/09/2025 10:00:00;M30;475;29,43;81,40
1028;27/09/2025 10:00:00;URB;164;16,65;89,30
1029;27/09/2025 10:00:00;URB;179;22,92;72,70
1030;27/09/2025 10:00:00;URB;164;20,40;79,40
1001;27/09/2025 11:00:00;M30;281;11,47;91,60
1002;27/09/2025 11:00:00;URB;123;15,52;81,80
1003;27/09/2025 11:00:00;M30;299;18,24;84,60
1004;27/09/2025 11:00:00;M30;378;19,27;81,10
1005;27/09/2025 11:00:00;M30;378;19,05;87,60
1006;27/09/2025 11:00:00;M30;320;16,81;88,00
1007;27/09/2025 11:00:00;M30;393;22,89;84,90
1008;27/09/2025 11:00:00;URB;111;16,29;88,80
1009;27/09/2025 11:00:00;M30;412;17,18;83,40
1010;27/09/2025 11:00:00;URB;133;17,09;-1,00
1011;27/09/2025 11:00:00;URB;127;10,88;90,90
1012;27/09/2025 11:00:00;M30;374;16,88;83,70
1013;27/09/2025 11:00:00;URB;145;20,18;85,10
1014;27/09/2025 11:00:00;URB;128;21,99;78,50
1015;27/09/2025 11:00:00;M30;356;17,42;80,30
1016;27/09/2025 11:00:00;URB;126;17,67;86,30
1017;27/09/2025 11:00:00;URB;136;13,19;80,60
1018;27/09/2025 11:00:00;URB;125;16,83;82,20
1019;27/09/2025 11:00:00;M30;338;17,61;87,90
1020;27/09/2025 11:00:00;URB;125;15,03;93,40
1021;27/09/2025 11:00:00;M30;379;18,10;80,70
1022;27/09/2025 11:00:00;URB;130;14,09;-1,00
1023;27/09/2025 11:00:00;URB;112;15,71;94,50
1024;27/09/2025 11:00:00;URB;132;14,65;91,30
1025;27/09/2025 11:00:00;M30;350;18,86;87,70
1026;27/09/2025 11:00:00;URB;147;16,49;84,00
1027;27/09/2025 11:00:00;M30;384;17,94;91,00
1028;27/09/2025 11:00:00;URB;139;24,00;73,40
1029;27/09/2025 11:00:00;URB;120;15,92;83,30
1030;27/09/2025 11:00:00;URB;120;15,42;87,80
1001;27/09/2025 12:00:00;M30;252;13,41;90,70
1002;27/09/2025 12:00:00;URB;86;10,89;-1,00
1003;27/09/2025 12:00:00;M30;297;11,12;87,00
1004;27/09/2025 12:00:00;M30;286;12,99;-1,00
1005;27/09/2025 12:00:00;M30;258;11,58;92,10
1006;27/09/2025 12:00:00;M30;245;10,86;86,70
1007;27/09/2025 12:00:00;M30;274;15,63;-1,00
1008;27/09/2025 12:00:00;URB;106;14,08;84,50
1009;27/09/2025 12:00:00;M30;267;9,99;86,30
1010;27/09/2025 12:00:00;URB;95;10,15;86,70
1011;27/09/2025 12:00:00;URB;101;19,63;79,50
1012;27/09/2025 12:00:00;M30;299;14,60;-1,00
1013;27/09/2025 12:00:00;URB;103;16,54;86,50
1014;27/09/2025 12:00:00;URB;100;12,53;90,00
1015;27/09/2025 12:00:00;M30;248;12,54;90,50
1016;27/09/2025 12:00:00;URB;112;15,30;82,50
1017;27/09/2025 12:00:00;URB;112;14,39;87,80
1018;27/09/2025 12:00:00;URB;92;14,60;-1,00
1019;27/09/2025 12:00:00;M30;309;17,56;89,00
1020;27/09/2025 12:00:00;URB;97;9,43;90,40
1021;27/09/2025 12:00:00;M30;320;12,82;93,60
1022;27/09/2025 12:00:00;URB;95;9,79;90,70
1023;27/09/2025 12:00:00;URB;91;11,15;89,60
1024;27/09/2025 12:00:00;URB;106;8,41;82,90
1025;27/09/2025 12:00:00;M30;334;12,23;90,20
1026;27/09/2025 12:00:00;URB;104;13,38;83,10
1027;27/09/2025 12:00:00;M30;268;11,47;88,30
1028;27/09/2025 12:00:00;URB;100;10,51;90,70
1029;27/09/2025 12:00:00;URB;109;17,52;90,60
1030;27/09/2025 12:00:00;URB;101;15,47;88,00
1001;27/09/2025 13:00:00;M30;245;10,75;91,80
1002;27/09/2025 13:00:00;URB;87;7,24;101,00
1003;27/09/2025 13:00:00;M30;197;12,54;84,00
1004;27/09/2025 13:00:00;M30;256;7,90;93,20
1005;27/09/2025 13:00:00;M30;204;6,95;86,60
1006;27/09/2025 13:00:00;M30;294;15,07;86,90
1007;27/09/2025 13:00:00;M30;248;11,74;93,20
1008;27/09/2025 13:00:00;URB;85;10,67;84,60
1009;27/09/2025 13:00:00;M30;227;7,63;89,10
1010;27/09/2025 13:00:00;URB;84;7,15;91,40
1011;27/09/2025 13:00:00;URB;97;9,84;-1,00
1012;27/09/2025 13:00:00;M30;263;9,89;83,40
1013;27/09/2025 13:00:00;URB;94;13,82;82,50
1014;27/09/2025 13:00:00;URB;85;10,28;94,90
1015;27/09/2025 13:00:00;M30;233;7,20;90,30
1016;27/09/2025 13:00:00;URB;81;10,85;90,60
1017;27/09/2025 13:00:00;URB;75;10,97;88,00
1018;27/09/2025 13:00:00;URB;71;8,04;92,20
1019;27/09/2025 13:00:00;M30;229;12,31;94,70
1020;27/09/2025 13:00:00;URB;89;15,16;85,90
1021;27/09/2025 13:00:00;M30;257;9,24;95,80
1022;27/09/2025 13:00:00;URB;91;9,54;92,60
1023;27/09/2025 13:00:00;URB;80;9,63;91,40
1024;27/09/2025 13:00:00;URB;75;8,33;95,10
1025;27/09/2025 13:00:00;M30;227;9,69;-1,00
1026;27/09/2025 13:00:00;URB;91;8,61;92,90
1027;27/09/2025 13:00:00;M30;242;10,62;93,10
1028;27/09/2025 13:00:00;URB;75;7,03;87,20
1029;27/09/2025 13:00:00;URB;89;13,29;98,60
1030;27/09/2025 13:00:00;URB;82;9,65;92,80
1001;27/09/2025 14:00:00;M30;210;8,97;86,40
1002;27/09/2025 14:00:00;URB;96;11,00;92,20
1003;27/09/2025 14:00:00;M30;244;9,89;-1,00
1004;27/09/2025 14:00:00;M30;260;12,02;83,40
1005;27/09/2025 14:00:00;M30;253;8,70;-1,00
1006;27/09/2025 14:00:00;M30;224;8,42;86,40
1007;27/09/2025 14:00:00;M30;216;11,85;79,30
1008;27/09/2025 14:00:00;URB;88;10,55;87,60
1009;27/09/2025 14:00:00;M30;204;8,47;89,90
1010;27/09/2025 14:00:00;URB;76;8,57;83,50
1011;27/09/2025 14:00:00;URB;85;7,87;-1,00
1012;27/09/2025 14:00:00;M30;244;10,06;-1,00
1013;27/09/2025 14:00:00;URB;100;15,28;85,60
1014;27/09/2025 14:00:00;URB;79;6,99;92,00
1015;27/09/2025 14:00:00;M30;238;12,36;92,40
1016;27/09/2025 14:00:00;URB;96;13,65;-1,00
1017;27/09/2025 14:00:00;URB;86;12,90;86,60
1018;27/09/2025 14:00:00;URB;78;9,56;93,90
1019;27/09/2025 14:00:00;M30;237;10,30;90,60
1020;27/09/2025 14:00:00;URB;74;9,93;93,00
1021;27/09/2025 14:00:00;M30;268;14,52;86,00
1022;27/09/2025 14:00:00;URB;81;13,11;-1,00
1023;27/09/2025 14:00:00;URB;79;9,14;83,40
1024;27/09/2025 14:00:00;URB;89;8,13;93,60
1025;27/09/2025 14:00:00;M30;252;12,20;87,30
1026;27/09/2025 14:00:00;URB;90;10,21;-1,00
1027;27/09/2025 14:00:00;M30;242;11,57;-1,00
1028;27/09/2025 14:00:00;URB;103;13,27;85,10
1029;27/09/2025 14:00:00;URB;80;12,47;90,50
1030;27/09/2025 14:00:00;URB;68;12,34;86,50
1001;27/09/2025 15:00:00;M30;292;16,78;93,30
1002;27/09/2025 15:00:00;URB;102;14,64;82,90
1003;27/09/2025 15:00:00;M30;284;12,43;-1,00
1004;27/09/2025 15:00:00;M30;302;12,98;75,10
1005;27/09/2025 15:00:00;M30;269;9,84;-1,00
1006;27/09/2025 15:00:00;M30;298;10,63;-1,00
1007;27/09/2025 15:00:00;M30;231;7,82;92,70
1008;27/09/2025 15:00:00;URB;102;16,17;83,80
1009;27/09/2025 15:00:00;M30;326;15,02;83,00
1010;27/09/2025 15:00:00;URB;107;12,79;77,30
1011;27/09/2025 15:00:00;URB;105;16,97;82,70
1012;27/09/2025 15:00:00;M30;232;9,52;89,30
1013;27/09/2025 15:00:00;URB;102;10,77;83,60
1014;27/09/2025 15:00:00;URB;102;14,72;84,00
1015;27/09/2025 15:00:00;M30;262;11,96;84,50
1016;27/09/2025 15:00:00;URB;90;12,66;84,10
1017;27/09/2025 15:00:00;URB;115;17,54;82,80
1018;27/09/2025 15:00:00;URB;100;14,32;-1,00
1019;27/09/2025 15:00:00;M30;267;13,94;87,40
1020;27/09/2025 15:00:00;URB;112;16,08;86,80
1021;27/09/2025 15:00:00;M30;272;9,36;89,50
1022;27/09/2025 15:00:00;URB;91;11,45;-1,00
1023;27/09/2025 15:00:00;URB;110;16,02;80,80
1024;27/09/2025 15:00:00;URB;106;13,44;91,50
1025;27/09/2025 15:00:00;M30;294;15,57;91,30
1026;27/09/2025 15:00:00;URB;111;13,36;88,20
1027;27/09/2025 15:00:00;M30;254;12,43;82,80
1028;27/09/2025 15:00:00;URB;111;16,33;88,20
1029;27/09/2025 15:00:00;URB;115;17,36;85,50
1030;27/09/2025 15:00:00;URB;88;8,56;87,80
1001;27/09/2025 16:00:00;M30;384;18,55;87,50
1002;27/09/2025 16:00:00;URB;116;15,09;91,60
1003;27/09/2025 16:00:00;M30;303;14,94;-1,00
1004;27/09/2025 16:00:00;M30;385;19,30;81,60
1005;27/09/2025 16:00:00;M30;342;14,68;90,80
1006;27/09/2025 16:00:00;M30;346;15,51;88,00
1007;27/09/2025 16:00:00;M30;427;19,00;80,80
1008;27/09/2025 16:00:00;URB;146;22,68;94,60
1009;27/09/2025 16:00:00;M30;401;17,89;81,20
1010;27/09/2025 16:00:00;URB;127;14,94;81,60
1011;27/09/2025 16:00:00;URB;140;19,71;84,40
1012;27/09/2025 16:00:00;M30;345;24,42;-1,00
1013;27/09/2025 16:00:00;URB;130;13,84;87,40
1014;27/09/2025 16:00:00;URB;134;17,32;86,10
1015;27/09/2025 16:00:00;M30;377;22,46;77,90
1016;27/09/2025 16:00:00;URB;131;15,28;76,40
1017;27/09/2025 16:00:00;URB;143;22,47;86,30
1018;27/09/2025 16:00:00;URB;145;19,63;84,80
1019;27/09/2025 16:00:00;M30;333;11,23;88,10
1020;27/09/2025 16:00:00;URB;131;17,13;-1,00
1021;27/09/2025 16:00:00;M30;406;14,12;85,40
1022;27/09/2025 16:00:00;URB;138;22,77;86,00
1023;27/09/2025 16:00:00;URB;139;20,45;82,60
1024;27/09/2025 16:00:00;URB;137;18,57;82,20
1025;27/09/2025 16:00:00;M30;359;21,17;80,70
1026;27/09/2025 16:00:00;URB;142;13,78;79,80
1027;27/09/2025 16:00:00;M30;350;20,07;82,00
1028;27/09/2025 16:00:00;URB;123;14,75;90,60
1029;27/09/2025 16:00:00;URB;140;14,68;84,30
1030;27/09/2025 16:00:00;URB;124;14,32;92,10
1001;27/09/2025 17:00:00;M30;528;17,82;93,50
1002;27/09/2025 17:00:00;URB;195;25,59;82,30
1003;27/09/2025 17:00:00;M30;463;23,05;85,20
1004;27/09/2025 17:00:00;M30;485;24,85;82,80
1005;27/09/2025 17:00:00;M30;441;17,46;83,80
1006;27/09/2025 17:00:00;M30;509;20,88;75,10
1007;27/09/2025 17:00:00;M30;532;24,90;75,40
1008;27/09/2025 17:00:00;URB;183;22,86;82,30
1009;27/09/2025 17:00:00;M30;597;31,55;75,10
1010;27/09/2025 17:00:00;URB;176;23,39;86,50
1011;27/09/2025 17:00:00;URB;161;24,90;87,60
1012;27/09/2025 17:00:00;M30;572;23,55;75,60
1013;27/09/2025 17:00:00;URB;138;12,87;91,80
1014;27/09/2025 17:00:00;URB;159;24,98;86,80
1015;27/09/2025 17:00:00;M30;488;30,08;85,30
1016;27/09/2025 17:00:00;URB;185;24,34;84,60
1017;27/09/2025 17:00:00;URB;174;20,41;81,30
1018;27/09/2025 17:00:00;URB;165;20,98;84,50
1019;27/09/2025 17:00:00;M30;583;32,10;70,30
1020;27/09/2025 17:00:00;URB;183;26,35;75,50
1021;27/09/2025 17:00:00;M30;532;24,40;80,50
1022;27/09/2025 17:00:00;URB;165;21,12;-1,00
1023;27/09/2025 17:00:00;URB;185;18,05;86,40
1024;27/09/2025 17:00:00;URB;175;20,42;85,00
1025;27/09/2025 17:00:00;M30;527;22,13;82,60
1026;27/09/2025 17:00:00;URB;184;26,45;81,30
1027;27/09/2025 17:00:00;M30;468;23,72;82,10
1028;27/09/2025 17:00:00;URB;194;22,76;83,70
1029;27/09/2025 17:00:00;URB;147;24,97;81,30
1030;27/09/2025 17:00:00;URB;151;26,81;84,00
1001;27/09/2025 18:00:00;M30;525;23,51;79,10
1002;27/09/2025 18:00:00;URB;188;20,43;74,80
1003;27/09/2025 18:00:00;M30;527;22,77;-1,00
1004;27/09/2025 18:00:00;M30;559;24,92;83,20
1005;27/09/2025 18:00:00;M30;644;30,13;81,50
1006;27/09/2025 18:00:00;M30;556;22,22;80,30
1007;27/09/2025 18:00:00;M30;581;15,22;87,60
1008;27/09/2025 18:00:00;URB;229;42,46;67,20
1009;27/09/2025 18:00:00;M30;610;30,54;83,70
1010;27/09/2025 18:00:00;URB;218;29,79;-1,00
1011;27/09/2025 18:00:00;URB;185;21,10;83,40
1012;27/09/2025 18:00:00;M30;597;27,22;80,40
1013;27/09/2025 18:00:00;URB;188;20,90;77,90
1014;27/09/2025 18:00:00;URB;212;26,90;75,10
1015;27/09/2025 18:00:00;M30;576;27,10;79,70
1016;27/09/2025 18:00:00;URB;211;30,79;76,10
1017;27/09/2025 18:00:00;URB;193;24,72;81,00
1018;27/09/2025 18:00:00;URB;199;26,78;-1,00
1019;27/09/2025 18:00:00;M30;688;29,51;79,00
1020;27/09/2025 18:00:00;URB;236;29,55;79,80
1021;27/09/2025 18:00:00;M30;567;24,88;74,20
1022;27/09/2025 18:00:00;URB;245;27,87;78,90
1023;27/09/2025 18:00:00;URB;212;32,31;73,40
1024;27/09/2025 18:00:00;URB;194;31,63;74,40
1025;27/09/2025 18:00:00;M30;684;34,76;75,30
1026;27/09/2025 18:00:00;URB;216;31,76;72,30
1027;27/09/2025 18:00:00;M30;552;22,06;81,60
1028;27/09/2025 18:00:00;URB;215;31,27;78,90
1029;27/09/2025 18:00:00;URB;201;30,70;81,00
1030;27/09/2025 18:00:00;URB;261;27,71;81,90
1001;27/09/2025 19:00:00;M30;630;30,32;86,40
1002;27/09/2025 19:00:00;URB;199;24,59;79,00
1003;27/09/2025 19:00:00;M30;671;36,23;84,70
1004;27/09/2025 19:00:00;M30;630;32,09;80,10
1005;27/09/2025 19:00:00;M30;693;24,36;85,80
1006;27/09/2025 19:00:00;M30;607;40,00;80,10
1007;27/09/2025 19:00:00;M30;658;31,42;84,80
1008;27/09/2025 19:00:00;URB;248;28,51;76,60
1009;27/09/2025 19:00:00;M30;599;31,33;-1,00
1010;27/09/2025 19:00:00;URB;220;29,82;-1,00
1011;27/09/2025 19:00:00;URB;230;27,18;81,10
1012;27/09/2025 19:00:00;M30;635;30,81;77,10
1013;27/09/2025 19:00:00;URB;233;23,10;83,60
1014;27/09/2025 19:00:00;URB;197;18,74;82,90
1015;27/09/2025 19:00:00;M30;633;37,49;68,00
1016;27/09/2025 19:00:00;URB;216;31,03;80,60
1017;27/09/2025 19:00:00;URB;200;33,27;76,40
1018;27/09/2025 19:00:00;URB;198;34,69;75,80
1019;27/09/2025 19:00:00;M30;658;19,96;83,40
1020;27/09/2025 19:00:00;URB;227;29,98;77,40
1021;27/09/2025 19:00:00;M30;553;26,00;83,30
1022;27/09/2025 19:00:00;URB;261;33,92;76,70
1023;27/09/2025 19:00:00;URB;238;35,63;71,20
1024;27/09/2025 19:00:00;URB;201;13,92;84,40
1025;27/09/2025 19:00:00;M30;666;29,14;85,80
1026;27/09/2025 19:00:00;URB;218;22,62;88,60
1027;27/09/2025 19:00:00;M30;700;34,40;83,40
1028;27/09/2025 19:00:00;URB;224;26,25;-1,00
1029;27/09/2025 19:00:00;URB;237;28,03;80,20
1030;27/09/2025 19:00:00;URB;200;30,61;75,50
1001;27/09/2025 20:00:00;M30;673;26,78;82,00
1002;27/09/2025 20:00:00;URB;207;22,08;82,60
1003;27/09/2025 20:00:00;M30;549;39,73;68,90
1004;27/09/2025 20:00:00;M30;688;36,02;72,50
1005;27/09/2025 20:00:00;M30;532;30,90;76,30
1006;27/09/2025 20:00:00;M30;643;33,61;70,40
1007;27/09/2025 20:00:00;M30;666;32,48;78,30
1008;27/09/2025 20:00:00;URB;212;30,74;79,50
1009;27/09/2025 20:00:00;M30;659;30,14;78,30
1010;27/09/2025 20:00:00;URB;195;22,12;89,70
1011;27/09/2025 20:00:00;URB;203;25,44;75,10
1012;27/09/2025 20:00:00;M30;589;34,40;81,20
1013;27/09/2025 20:00:00;URB;237;36,29;73,80
1014;27/09/2025 20:00:00;URB;241;23,51;85,70
1015;27/09/2025 20:00:00;M30;561;28,45;64,90
1016;27/09/2025 20:00:00;URB;207;26,34;81,70
1017;27/09/2025 20:00:00;URB;221;28,89;80,90
1018;27/09/2025 20:00:00;URB;224;30,20;84,40
1019;27/09/2025 20:00:00;M30;586;28,77;81,40
1020;27/09/2025 20:00:00;URB;233;29,77;84,50
1021;27/09/2025 20:00:00;M30;565;27,99;79,40
1022;27/09/2025 20:00:00;URB;206;25,99;88,50
1023;27/09/2025 20:00:00;URB;200;26,18;80,60
1024;27/09/2025 20:00:00;URB;234;25,58;81,70
1025;27/09/2025 20:00:00;M30;536;28,63;-1,00
1026;27/09/2025 20:00:00;URB;223;19,11;82,10
1027;27/09/2025 20:00:00;M30;580;37,24;70,20
1028;27/09/2025 20:00:00;URB;200;34,56;79,60
1029;27/09/2025 20:00:00;URB;225;32,98;-1,00
1030;27/09/2025 20:00:00;URB;222;35,55;78,40
1001;27/09/2025 21:00:00;M30;490;23,76;-1,00
1002;27/09/2025 21:00:00;URB;190;18,53;83,40
1003;27/09/2025 21:00:00;M30;491;28,51;81,90
1004;27/09/2025 21:00:00;M30;487;27,38;-1,00
1005;27/09/2025 21:00:00;M30;520;24,39;79,50
1006;27/09/2025 21:00:00;M30;469;28,47;79,30
1007;27/09/2025 21:00:00;M30;504;24,43;73,30
1008;27/09/2025 21:00:00;URB;131;18,70;84,50
1009;27/09/2025 21:00:00;M30;547;20,54;85,10
1010;27/09/2025 21:00:00;URB;179;23,87;79,90
1011;27/09/2025 21:00:00;URB;192;21,10;79,20
1012;27/09/2025 21:00:00;M30;507;27,51;77,40
1013;27/09/2025 21:00:00;URB;182;12,93;93,50
1014;27/09/2025 21:00:00;URB;184;25,57;-1,00
1015;27/09/2025 21:00:00;M30;513;26,20;80,00
1016;27/09/2025 21:00:00;URB;196;23,70;74,90
1017;27/09/2025 21:00:00;URB;151;21,85;80,80
1018;27/09/2025 21:00:00;URB;184;28,44;88,20
1019;27/09/2025 21:00:00;M30;443;26,05;80,90
1020;27/09/2025 21:00:00;URB;157;19,27;85,30
1021;27/09/2025 21:00:00;M30;450;19,67;84,40
1022;27/09/2025 21:00:00;URB;204;27,43;76,60
1023;27/09/2025 21:00:00;URB;201;21,88;81,80
1024;27/09/2025 21:00:00;URB;185;17,16;82,00
1025;27/09/2025 21:00:00;M30;533;21,25;-1,00
1026;27/09/2025 21:00:00;URB;179;29,75;-1,00
1027;27/09/2025 21:00:00;M30;512;23,57;74,20
1028;27/09/2025 21:00:00;URB;199;24,10;81,10
1029;27/09/2025 21:00:00;URB;175;27,35;79,40
1030;27/09/2025 21:00:00;URB;154;18,46;81,50
1001;27/09/2025 22:00:00;M30;422;19,36;80,60
1002;27/09/2025 22:00:00;URB;128;15,60;83,50
1003;27/09/2025 22:00:00;M30;415;19,01;81,00
1004;27/09/2025 22:00:00;M30;384;15,12;83,70
1005;27/09/2025 22:00:00;M30;389;21,62;87,40
1006;27/09/2025 22:00:00;M30;397;20,70;83,10
1007;27/09/2025 22:00:00;M30;297;14,47;84,60
1008;27/09/2025 22:00:00;URB;135;19,01;81,50
1009;27/09/2025 22:00:00;M30;387;17,40;87,20
1010;27/09/2025 22:00:00;URB;144;23,57;78,10
1011;27/09/2025 22:00:00;URB;136;16,84;90,50
1012;27/09/2025 22:00:00;M30;409;23,04;77,60
1013;27/09/2025 22:00:00;URB;137;21,68;92,30
1014;27/09/2025 22:00:00;URB;147;24,59;83,90
1015;27/09/2025 22:00:00;M30;328;11,53;85,30
1016;27/09/2025 22:00:00;URB;137;21,76;84,60
1017;27/09/2025 22:00:00;URB;132;17,99;83,50
1018;27/09/2025 22:00:00;URB;140;22,77;85,20
1019;27/09/2025 22:00:00;M30;409;20,52;79,60
1020;27/09/2025 22:00:00;URB;119;16,46;85,00
1021;27/09/2025 22:00:00;M30;364;19,53;89,50
1022;27/09/2025 22:00:00;URB;108;12,42;88,00
1023;27/09/2025 22:00:00;URB;113;11,84;93,60
1024;27/09/2025 22:00:00;URB;130;15,27;89,40
1025;27/09/2025 22:00:00;M30;293;14,14;88,30
1026;27/09/2025 22:00:00;URB;123;18,60;84,90
1027;27/09/2025 22:00:00;M30;331;11,89;80,70
1028;27/09/2025 22:00:00;URB;128;17,93;-1,00
1029;27/09/2025 22:00:00;URB;147;18,59;80,30
1030;27/09/2025 22:00:00;URB;118;17,60;86,80
1001;27/09/2025 23:00:00;M30;303;14,06;82,70
1002;27/09/2025 23:00:00;URB;89;12,39;87,10
1003;27/09/2025 23:00:00;M30;295;12,76;86,80
1004;27/09/2025 23:00:00;M30;249;6,99;-1,00
1005;27/09/2025 23:00:00;M30;232;9,98;88,70
1006;27/09/2025 23:00:00;M30;314;14,31;89,20
1007;27/09/2025 23:00:00;M30;255;7,98;90,60
1008;27/09/2025 23:00:00;URB;103;20,86;82,30
1009;27/09/2025 23:00:00;M30;314;13,72;93,10
1010;27/09/2025 23:00:00;URB;115;16,41;87,10
1011;27/09/2025 23:00:00;URB;114;13,33;86,70
1012;27/09/2025 23:00:00;M30;272;15,09;85,80
1013;27/09/2025 23:00:00;URB;93;11,97;81,70
1014;27/09/2025 23:00:00;URB;99;10,65;85,80
1015;27/09/2025 23:00:00;M30;297;13,54;-1,00
1016;27/09/2025 23:00:00;URB;101;11,72;81,80
1017;27/09/2025 23:00:00;URB;102;14,56;81,90
1018;27/09/2025 23:00:00;URB;91;10,29;81,60
1019;27/09/2025 23:00:00;M30;262;14,76;87,40
1020;27/09/2025 23:00:00;URB;95;15,32;93,90
1021;27/09/2025 23:00:00;M30;259;10,40;-1,00
1022;27/09/2025 23:00:00;URB;119;18,98;86,60
1023;27/09/2025 23:00:00;URB;102;12,00;90,00
1024;27/09/2025 23:00:00;URB;105;15,05;-1,00
1025;27/09/2025 23:00:00;M30;294;14,39;92,30
1026;27/09/2025 23:00:00;URB;97;12,18;86,50
1027;27/09/2025 23:00:00;M30;321;15,28;90,60
1028;27/09/2025 23:00:00;URB;118;16,15;89,50
1029;27/09/2025 23:00:00;URB;94;12,00;91,20
1030;27/09/2025 23:00:00;URB;97;13,43;90,10
1001;28/09/2025 00:00:00;M30;192;11,89;89,60
1002;28/09/2025 00:00:00;URB;56;6,76;90,90
1003;28/09/2025 00:00:00;M30;232;7,91;96,70
1004;28/09/2025 00:00:00;M30;218;7,61;94,40
1005;28/09/2025 00:00:00;M30;198;6,87;-1,00
1006;28/09/2025 00:00:00;M30;231;8,86;94,10
1007;28/09/2025 00:00:00;M30;184;6,73;90,60
1008;28/09/2025 00:00:00;URB;70;11,23;85,60
1009;28/09/2025 00:00:00;M30;158;6,79;93,90
1010;28/09/2025 00:00:00;URB;82;13,90;87,00
1011;28/09/2025 00:00:00;URB;81;10,25;93,10
1012;28/09/2025 00:00:00;M30;235;8,83;88,30
1013;28/09/2025 00:00:00;URB;69;11,50;87,10
1014;28/09/2025 00:00:00;URB;68;9,73;85,40
1015;28/09/2025 00:00:00;M30;236;6,48;87,80
1016;28/09/2025 00:00:00;URB;77;12,19;88,90
1017;28/09/2025 00:00:00;URB;68;10,39;91,50
1018;28/09/2025 00:00:00;URB;67;10,68;93,30
1019;28/09/2025 00:00:00;M30;161;8,70;94,70
1020;28/09/2025 00:00:00;URB;75;9,68;91,00
1021;28/09/2025 00:00:00;M30;194;9,55;95,00
1022;28/09/2025 00:00:00;URB;65;7,60;91,00
1023;28/09/2025 00:00:00;URB;73;9,34;91,20
1024;28/09/2025 00:00:00;URB;68;9,66;85,10
1025;28/09/2025 00:00:00;M30;167;7,75;94,50
1026;28/09/2025 00:00:00;URB;69;12,68;86,30
1027;28/09/2025 00:00:00;M30;183;8,36;84,70
1028;28/09/2025 00:00:00;URB;77;8,25;91,90
1029;28/09/2025 00:00:00;URB;75;11,53;87,20
1030;28/09/2025 00:00:00;URB;62;6,59;93,00
1001;28/09/2025 01:00:00;M30;191;7,37;94,80
1002;28/09/2025 01:00:00;URB;77;9,51;-1,00
1003;28/09/2025 01:00:00;M30;205;10,10;88,20
1004;28/09/2025 01:00:00;M30;214;9,31;92,00
1005;28/09/2025 01:00:00;M30;230;12,65;-1,00
1006;28/09/2025 01:00:00;M30;174;7,90;84,20
1007;28/09/2025 01:00:00;M30;177;7,53;94,10
1008;28/09/2025 01:00:00;URB;74;8,45;89,70
1009;28/09/2025 01:00:00;M30;187;6,55;81,60
1010;28/09/2025 01:00:00;URB;71;8,17;89,60
1011;28/09/2025 01:00:00;URB;71;10,53;84,00
1012;28/09/2025 01:00:00;M30;233;9,27;-1,00
1013;28/09/2025 01:00:00;URB;76;8,73;88,80
1014;28/09/2025 01:00:00;URB;67;6,23;91,30
1015;28/09/2025 01:00:00;M30;197;5,67;86,70
1016;28/09/2025 01:00:00;URB;70;10,44;89,30
1017;28/09/2025 01:00:00;URB;70;9,51;91,30
1018;28/09/2025 01:00:00;URB;68;10,54;90,30
1019;28/09/2025 01:00:00;M30;212;9,83;87,60
1020;28/09/2025 01:00:00;URB;68;8,71;91,80
1021;28/09/2025 01:00:00;M30;142;7,32;88,10
1022;28/09/2025 01:00:00;URB;75;8,67;92,40
1023;28/09/2025 01:00:00;URB;74;9,23;90,90
1024;28/09/2025 01:00:00;URB;65;6,15;89,40
1025;28/09/2025 01:00:00;M30;206;10,15;94,90
1026;28/09/2025 01:00:00;URB;65;8,14;92,90
1027;28/09/2025 01:00:00;M30;197;12,78;89,00
1028;28/09/2025 01:00:00;URB;71;9,69;85,90
1029;28/09/2025 01:00:00;URB;59;8,40;88,60
1030;28/09/2025 01:00:00;URB;69;9,36;85,10
1001;28/09/2025 02:00:00;M30;207;6,67;94,00
1002;28/09/2025 02:00:00;URB;66;8,68;92,70
1003;28/09/2025 02:00:00;M30;184;2,74;100,20
1004;28/09/2025 02:00:00;M30;191;8,46;88,40
1005;28/09/2025 02:00:00;M30;222;5,56;91,60
1006;28/09/2025 02:00:00;M30;199;10,67;82,60
1007;28/09/2025 02:00:00;M30;191;6,06;98,70
1008;28/09/2025 02:00:00;URB;78;7,06;86,60
1009;28/09/2025 02:00:00;M30;183;8,40;86,80
1010;28/09/2025 02:00:00;URB;69;7,77;95,50
1011;28/09/2025 02:00:00;URB;72;9,59;83,20
1012;28/09/2025 02:00:00;M30;223;10,93;-1,00
1013;28/09/2025 02:00:00;URB;66;5,43;-1,00
1014;28/09/2025 02:00:00;URB;64;6,96;92,00
1015;28/09/2025 02:00:00;M30;170;8,80;90,90
1016;28/09/2025 02:00:00;URB;57;7,41;-1,00
1017;28/09/2025 02:00:00;URB;63;9,63;83,60
1018;28/09/2025 02:00:00;URB;70;10,17;87,00
1019;28/09/2025 02:00:00;M30;222;14,28;82,00
1020;28/09/2025 02:00:00;URB;70;9,49;93,70
1021;28/09/2025 02:00:00;M30;210;8,13;88,90
1022;28/09/2025 02:00:00;URB;74;8,04;87,40
1023;28/09/2025 02:00:00;URB;79;5,27;97,10
1024;28/09/2025 02:00:00;URB;82;12,00;-1,00
1025;28/09/2025 02:00:00;M30;193;10,31;99,30
1026;28/09/2025 02:00:00;URB;60;8,19;86,50
1027;28/09/2025 02:00:00;M30;177;7,43;95,00
1028;28/09/2025 02:00:00;URB;73;14,08;79,50
1029;28/09/2025 02:00:00;URB;59;8,90;90,60
1030;28/09/2025 02:00:00;URB;75;9,66;86,00
1001;28/09/2025 03:00:00;M30;212;8,14;85,50
1002;28/09/2025 03:00:00;URB;77;12,26;81,70
1003;28/09/2025 03:00:00;M30;223;7,44;92,70
1004;28/09/2025 03:00:00;M30;212;7,49;101,90
1005;28/09/2025 03:00:00;M30;217;10,14;96,50
1006;28/09/2025 03:00:00;M30;189;8,25;90,10
1007;28/09/2025 03:00:00;M30;177;4,81;98,60
1008;28/09/2025 03:00:00;URB;82;10,64;90,20
1009;28/09/2025 03:00:00;M30;190;7,98;-1,00
1010;28/09/2025 03:00:00;URB;84;10,48;90,90
1011;28/09/2025 03:00:00;URB;68;11,75;86,80
1012;28/09/2025 03:00:00;M30;237;12,59;86,10
1013;28/09/2025 03:00:00;URB;72;8,34;91,80
1014;28/09/2025 03:00:00;URB;83;16,75;87,50
1015;28/09/2025 03:00:00;M30;212;8,88;97,80
1016;28/09/2025 03:00:00;URB;55;8,97;94,30
1017;28/09/2025 03:00:00;URB;73;9,22;87,80
1018;28/09/2025 03:00:00;URB;71;8,89;91,10
1019;28/09/2025 03:00:00;M30;210;11,04;83,20
1020;28/09/2025 03:00:00;URB;77;13,97;81,90
1021;28/09/2025 03:00:00;M30;209;7,93;90,40
1022;28/09/2025 03:00:00;URB;85;13,02;87,50
1023;28/09/2025 03:00:00;URB;64;6,34;-1,00
1024;28/09/2025 03:00:00;URB;71;8,67;82,50
1025;28/09/2025 03:00:00;M30;198;8,84;92,90
1026;28/09/2025 03:00:00;URB;74;5,23;88,40
1027;28/09/2025 03:00:00;M30;220;9,50;90,30
1028;28/09/2025 03:00:00;URB;72;7,67;98,50
1029;28/09/2025 03:00:00;URB;74;8,70;87,00
1030;28/09/2025 03:00:00;URB;90;14,00;83,60
1001;28/09/2025 04:00:00;M30;208;6,22;93,50
1002;28/09/2025 04:00:00;URB;89;12,10;85,50
1003;28/09/2025 04:00:00;M30;255;11,87;84,10
1004;28/09/2025 04:00:00;M30;229;9,29;89,10
1005;28/09/2025 04:00:00;M30;222;8,09;88,60
1006;28/09/2025 04:00:00;M30;205;12,31;86,00
1007;28/09/2025 04:00:00;M30;223;10,99;-1,00
1008;28/09/2025 04:00:00;URB;84;11,77;-1,00
1009;28/09/2025 04:00:00;M30;219;9,43;90,10
1010;28/09/2025 04:00:00;URB;80;8,61;88,10
1011;28/09/2025 04:00:00;URB;92;10,92;88,00
1012;28/09/2025 04:00:00;M30;236;11,66;94,20
1013;28/09/2025 04:00:00;URB;71;8,27;-1,00
1014;28/09/2025 04:00:00;URB;77;10,19;90,60
1015;28/09/2025 04:00:00;M30;219;7,76;93,30
1016;28/09/2025 04:00:00;URB;76;9,01;85,10
1017;28/09/2025 04:00:00;URB;105;10,93;94,10
1018;28/09/2025 04:00:00;URB;91;12,78;85,40
1019;28/09/2025 04:00:00;M30;254;12,13;83,00
1020;28/09/2025 04:00:00;URB;85;10,72;90,70
1021;28/09/2025 04:00:00;M30;222;10,65;94,90
1022;28/09/2025 04:00:00;URB;72;12,71;89,60
1023;28/09/2025 04:00:00;URB;75;9,10;94,00
1024;28/09/2025 04:00:00;URB;77;8,40;92,80
1025;28/09/2025 04:00:00;M30;216;10,64;90,00
1026;28/09/2025 04:00:00;URB;100;13,66;90,90
1027;28/09/2025 04:00:00;M30;252;12,76;89,00
1028;28/09/2025 04:00:00;URB;70;7,93;85,10
1029;28/09/2025 04:00:00;URB;89;9,97;86,10
1030;28/09/2025 04:00:00;URB;82;9,03;87,80
1001;28/09/2025 05:00:00;M30;278;13,36;89,70
1002;28/09/2025 05:00:00;URB;103;10,38;92,10
1003;28/09/2025 05:00:00;M30;271;14,58;92,70
1004;28/09/2025 05:00:00;M30;333;15,91;87,90
1005;28/09/2025 05:00:00;M30;273;10,70;93,80
1006;28/09/2025 05:00:00;M30;241;11,27;89,80
1007;28/09/2025 05:00:00;M30;322;15,82;94,40
1008;28/09/2025 05:00:00;URB;103;11,63;92,10
1009;28/09/2025 05:00:00;M30;262;12,67;88,80
1010;28/09/2025 05:00:00;URB;106;17,53;89,70
1011;28/09/2025 05:00:00;URB;104;11,20;88,20
1012;28/09/2025 05:00:00;M30;255;11,12;89,80
1013;28/09/2025 05:00:00;URB;95;10,62;87,60
1014;28/09/2025 05:00:00;URB;94;11,06;89,40
1015;28/09/2025 05:00:00;M30;276;13,64;89,90
1016;28/09/2025 05:00:00;URB;86;11,82;82,70
1017;28/09/2025 05:00:00;URB;90;13,38;82,80
1018;28/09/2025 05:00:00;URB;106;14,57;84,50
1019;28/09/2025 05:00:00;M30;285;13,39;93,60
1020;28/09/2025 05:00:00;URB;101;13,43;92,90
1021;28/09/2025 05:00:00;M30;217;8,76;84,40
1022;28/09/2025 05:00:00;URB;103;12,22;89,60
1023;28/09/2025 05:00:00;URB;90;11,90;88,80
1024;28/09/2025 05:00:00;URB;101;9,96;85,50
1025;28/09/2025 05:00:00;M30;257;14,03;84,70
1026;28/09/2025 05:00:00;URB;95;12,06;88,80
1027;28/09/2025 05:00:00;M30;256;12,56;75,50
1028;28/09/2025 05:00:00;URB;75;11,08;88,80
1029;28/09/2025 05:00:00;URB;95;15,83;86,50
1030;28/09/2025 05:00:00;URB;100;11,91;89,80
1001;28/09/2025 06:00:00;M30;346;18,97;84,00
1002;28/09/2025 06:00:00;URB;107;11,70;85,00
1003;28/09/2025 06:00:00;M30;381;15,33;-1,00
1004;28/09/2025 06:00:00;M30;370;19,01;82,30
1005;28/09/2025 06:00:00;M30;335;15,82;87,60
1006;28/09/2025 06:00:00;M30;403;18,47;85,10
1007;28/09/2025 06:00:00;M30;350;12,07;92,30
1008;28/09/2025 06:00:00;URB;133;12,10;83,20
1009;28/09/2025 06:00:00;M30;368;17,32;79,70
1010;28/09/2025 06:00:00;URB;117;17,13;89,00
1011;28/09/2025 06:00:00;URB;128;13,79;87,70
1012;28/09/2025 06:00:00;M30;348;18,89;82,40
1013;28/09/2025 06:00:00;URB;130;13,28;88,60
1014;28/09/2025 06:00:00;URB;127;13,71;-1,00
1015;28/09/2025 06:00:00;M30;355;14,99;91,50
1016;28/09/2025 06:00:00;URB;123;12,49;87,50
1017;28/09/2025 06:00:00;URB;144;20,85;-1,00
1018;28/09/2025 06:00:00;URB;129;16,03;91,30
1019;28/09/2025 06:00:00;M30;371;22,22;77,80
1020;28/09/2025 06:00:00;URB;124;17,17;77,00
1021;28/09/2025 06:00:00;M30;451;18,67;90,40
1022;28/09/2025 06:00:00;URB;116;10,19;87,90
1023;28/09/2025 06:00:00;URB;121;19,48;77,90
1024;28/09/2025 06:00:00;URB;144;17,63;81,20
1025;28/09/2025 06:00:00;M30;357;20,19;83,70
1026;28/09/2025 06:00:00;URB;142;12,56;88,30
1027;28/09/2025 06:00:00;M30;316;15,61;83,50
1028;28/09/2025 06:00:00;URB;115;15,01;91,40
1029;28/09/2025 06:00:00;URB;113;14,76;80,00
1030;28/09/2025 06:00:00;URB;105;12,47;90,70
1001;28/09/2025 07:00:00;M30;420;21,35;85,60
1002;28/09/2025 07:00:00;URB;168;23,58;85,60
1003;28/09/2025 07:00:00;M30;423;20,72;86,70
1004;28/09/2025 07:00:00;M30;396;19,89;87,00
1005;28/09/2025 07:00:00;M30;443;25,46;-1,00
1006;28/09/2025 07:00:00;M30;476;24,64;82,00
1007;28/09/2025 07:00:00;M30;508;24,77;83,10
1008;28/09/2025 07:00:00;URB;168;21,89;77,90
1009;28/09/2025 07:00:00;M30;447;20,00;83,30
1010;28/09/2025 07:00:00;URB;134;16,70;78,90
1011;28/09/2025 07:00:00;URB;173;16,37;91,80
1012;28/09/2025 07:00:00;M30;475;22,44;77,40
1013;28/09/2025 07:00:00;URB;165;22,70;81,60
1014;28/09/2025 07:00:00;URB;183;17,38;82,10
1015;28/09/2025 07:00:00;M30;456;20,46;80,20
1016;28/09/2025 07:00:00;URB;189;31,87;75,20
1017;28/09/2025 07:00:00;URB;160;20,32;86,50
1018;28/09/2025 07:00:00;URB;153;20,51;82,90
1019;28/09/2025 07:00:00;M30;518;20,62;79,00
1020;28/09/2025 07:00:00;URB;176;20,21;93,50
1021;28/09/2025 07:00:00;M30;466;22,97;86,10
1022;28/09/2025 07:00:00;URB;170;29,45;80,40
1023;28/09/2025 07:00:00;URB;159;21,91;83,60
1024;28/09/2025 07:00:00;URB;151;19,55;81,60
1025;28/09/2025 07:00:00;M30;529;18,70;-1,00
1026;28/09/2025 07:00:00;URB;159;21,55;83,90
1027;28/09/2025 07:00:00;M30;460;16,61;83,60
1028;28/09/2025 07:00:00;URB;152;21,84;78,40
1029;28/09/2025 07:00:00;URB;204;26,96;-1,00
1030;28/09/2025 07:00:00;URB;176;19,76;79,60
1001;28/09/2025 08:00:00;M30;569;26,72;-1,00
1002;28/09/2025 08:00:00;URB;195;31,12;86,90
1003;28/09/2025 08:00:00;M30;565;26,68;76,00
1004;28/09/2025 08:00:00;M30;489;21,97;-1,00
1005;28/09/2025 08:00:00;M30;482;29,02;83,90
1006;28/09/2025 08:00:00;M30;575;20,11;89,80
1007;28/09/2025 08:00:00;M30;485;13,85;90,80
1008;28/09/2025 08:00:00;URB;172;23,37;78,00
1009;28/09/2025 08:00:00;M30;556;31,24;73,00
1010;28/09/2025 08:00:00;URB;185;26,37;80,70
1011;28/09/2025 08:00:00;URB;207;26,08;80,50
1012;28/09/2025 08:00:00;M30;567;22,01;-1,00
1013;28/09/2025 08:00:00;URB;220;28,60;76,50
1014;28/09/2025 08:00:00;URB;191;22,51;78,10
1015;28/09/2025 08:00:00;M30;540;24,51;83,00
1016;28/09/2025 08:00:00;URB;169;21,59;-1,00
1017;28/09/2025 08:00:00;URB;223;28,93;83,20
1018;28/09/2025 08:00:00;URB;150;17,80;86,40
1019;28/09/2025 08:00:00;M30;541;25,47;77,60
1020;28/09/2025 08:00:00;URB;189;20,28;77,20
1021;28/09/2025 08:00:00;M30;585;29,11;76,90
1022;28/09/2025 08:00:00;URB;215;36,29;70,10
1023;28/09/2025 08:00:00;URB;177;22,90;-1,00
1024;28/09/2025 08:00:00;URB;180;26,73;79,80
1025;28/09/2025 08:00:00;M30;505;24,85;88,20
1026;28/09/2025 08:00:00;URB;210;27,23;76,30
1027;28/09/2025 08:00:00;M30;631;27,39;81,50
1028;28/09/2025 08:00:00;URB;205;25,36;76,30
1029;28/09/2025 08:00:00;URB;201;28,64;80,50
1030;28/09/2025 08:00:00;URB;199;25,36;85,20
1001;28/09/2025 09:00:00;M30;525;22,89;-1,00
1002;28/09/2025 09:00:00;URB;175;23,55;86,60
1003;28/09/2025 09:00:00;M30;597;29,98;84,20
1004;28/09/2025 09:00:00;M30;498;25,63;-1,00
1005;28/09/2025 09:00:00;M30;522;23,91;83,20
1006;28/09/2025 09:00:00;M30;504;26,33;84,70
1007;28/09/2025 09:00:00;M30;611;27,55;77,40
1008;28/09/2025 09:00:00;URB;196;26,12;79,50
1009;28/09/2025 09:00:00;M30;545;31,93;66,70
1010;28/09/2025 09:00:00;URB;205;21,70;81,60
1011;28/09/2025 09:00:00;URB;192;14,43;87,90
1012;28/09/2025 09:00:00;M30;433;19,49;82,50
1013;28/09/2025 09:00:00;URB;217;23,36;82,80
1014;28/09/2025 09:00:00;URB;213;33,42;78,20
1015;28/09/2025 09:00:00;M30;487;16,88;89,50
1016;28/09/2025 09:00:00;URB;195;35,14;-1,00
1017;28/09/2025 09:00:00;URB;204;25,05;79,10
1018;28/09/2025 09:00:00;URB;227;25,85;80,50
1019;28/09/2025 09:00:00;M30;557;17,29;87,10
1020;28/09/2025 09:00:00;URB;216;27,81;70,60
1021;28/09/2025 09:00:00;M30;496;24,05;75,60
1022;28/09/2025 09:00:00;URB;191;35,75;77,80
1023;28/09/2025 09:00:00;URB;176;31,18;-1,00
1024;28/09/2025 09:00:00;URB;189;19,65;82,20
1025;28/09/2025 09:00:00;M30;536;27,75;74,00
1026;28/09/2025 09:00:00;URB;199;27,09;79,20
1027;28/09/2025 09:00:00;M30;553;26,76;80,10
1028;28/09/2025 09:00:00;URB;203;28,62;80,60
1029;28/09/2025 09:00:00;URB;205;25,45;83,60
1030;28/09/2025 09:00:00;URB;190;21,65;87,00
1001;28/09/2025 10:00:00;M30;483;22,07;87,20
1002;28/09/2025 10:00:00;URB;176;22,06;84,50
1003;28/09/2025 10:00:00;M30;505;29,00;79,60
1004;28/09/2025 10:00:00;M30;503;23,19;72,70
1005;28/09/2025 10:00:00;M30;461;17,36;81,60
1006;28/09/2025 10:00:00;M30;442;18,20;89,80
1007;28/09/2025 10:00:00;M30;454;22,08;86,90
1008;28/09/2025 10:00:00;URB;162;17,22;86,10
1009;28/09/2025 10:00:00;M30;524;21,70;80,90
1010;28/09/2025 10:00:00;URB;178;19,32;82,40
1011;28/09/2025 10:00:00;URB;154;23,97;-1,00
1012;28/09/2025 10:00:00;M30;452;22,05;80,90
1013;28/09/2025 10:00:00;URB;152;21,75;75,20
1014;28/09/2025 10:00:00;URB;154;17,18;79,40
1015;28/09/2025 10:00:00;M30;526;23,55;83,30
1016;28/09/2025 10:00:00;URB;201;24,42;85,10
1017;28/09/2025 10:00:00;URB;168;24,53;92,50
1018;28/09/2025 10:00:00;URB;181;17,61;-1,00
1019;28/09/2025 10:00:00;M30;512;27,10;86,50
1020;28/09/2025 10:00:00;URB;165;22,51;81,20
1021;28/09/2025 10:00:00;M30;430;19,99;87,20
1022;28/09/2025 10:00:00;URB;150;18,57;86,70
1023;28/09/2025 10:00:00;URB;155;21,39;84,90
1024;28/09/2025 10:00:00;URB;126;13,84;90,60
1025;28/09/2025 10:00:00;M30;441;25,11;83,00
1026;28/09/2025 10:00:00;URB;173;20,74;87,60
1027;28/09/2025 10:00:00;M30;390;20,58;86,80
1028;28/09/2025 10:00:00;URB;174;17,05;91,20
1029;28/09/2025 10:00:00;URB;184;22,03;76,60
1030;28/09/2025 10:00:00;URB;168;23,06;82,00
1001;28/09/2025 11:00:00;M30;322;18,31;-1,00
1002;28/09/2025 11:00:00;URB;105;13,56;89,60
1003;28/09/2025 11:00:00;M30;385;14,25;89,00
1004;28/09/2025 11:00:00;M30;376;10,50;91,80
1005;28/09/2025 11:00:00;M30;365;20,46;80,50
1006;28/09/2025 11:00:00;M30;413;22,14;83,00
1007;28/09/2025 11:00:00;M30;371;20,29;81,30
1008;28/09/2025 11:00:00;URB;120;17,09;-1,00
1009;28/09/2025 11:00:00;M30;364;13,94;86,00
1010;28/09/2025 11:00:00;URB;107;15,29;96,10
1011;28/09/2025 11:00:00;URB;145;19,82;88,70
1012;28/09/2025 11:00:00;M30;345;14,78;88,90
1013;28/09/2025 11:00:00;URB;125;20,69;84,90
1014;28/09/2025 11:00:00;URB;116;15,22;92,50
1015;28/09/2025 11:00:00;M30;423;18,69;84,60
1016;28/09/2025 11:00:00;URB;121;13,40;92,90
1017;28/09/2025 11:00:00;URB;130;14,50;79,90
1018;28/09/2025 11:00:00;URB;135;18,56;79,70
1019;28/09/2025 11:00:00;M30;308;15,36;-1,00
1020;28/09/2025 11:00:00;URB;99;12,65;-1,00
1021;28/09/2025 11:00:00;M30;396;18,59;85,70
1022;28/09/2025 11:00:00;URB;132;16,45;82,50
1023;28/09/2025 11:00:00;URB;115;15,09;87,70
1024;28/09/2025 11:00:00;URB;147;18,43;77,30
1025;28/09/2025 11:00:00;M30;332;18,37;74,30
1026;28/09/2025 11:00:00;URB;122;14,13;85,30
1027;28/09/2025 11:00:00;M30;392;14,06;90,00
1028;28/09/2025 11:00:00;URB;118;11,06;87,40
1029;28/09/2025 11:00:00;URB;147;16,49;90,30
1030;28/09/2025 11:00:00;URB;106;14,84;-1,00
1001;28/09/2025 12:00:00;M30;312;12,03;86,10
1002;28/09/2025 12:00:00;URB;101;11,34;82,60
1003;28/09/2025 12:00:00;M30;326;14,20;88,80
1004;28/09/2025 12:00:00;M30;254;13,95;86,50
1005;28/09/2025 12:00:00;M30;346;14,69;81,60
1006;28/09/2025 12:00:00;M30;260;14,43;90,10
1007;28/09/2025 12:00:00;M30;255;11,84;84,00
1008;28/09/2025 12:00:00;URB;95;10,12;92,70
1009;28/09/2025 12:00:00;M30;311;12,94;85,90
1010;28/09/2025 12:00:00;URB;98;12,08;88,80
1011;28/09/2025 12:00:00;URB;101;16,46;84,70
1012;28/09/2025 12:00:00;M30;248;12,69;91,10
1013;28/09/2025 12:00:00;URB;93;13,11;88,00
1014;28/09/2025 12:00:00;URB;95;9,13;92,00
1015;28/09/2025 12:00:00;M30;262;10,17;87,00
1016;28/09/2025 12:00:00;URB;96;12,15;87,80
1017;28/09/2025 12:00:00;URB;83;13,43;94,00
1018;28/09/2025 12:00:00;URB;103;13,92;89,00
1019;28/09/2025 12:00:00;M30;249;12,60;85,60
1020;28/09/2025 12:00:00;URB;114;10,46;84,00
1021;28/09/2025 12:00:00;M30;306;16,87;85,90
1022;28/09/2025 12:00:00;URB;112;14,93;87,30
1023;28/09/2025 12:00:00;URB;94;9,65;91,40
1024;28/09/2025 12:00:00;URB;114;12,40;83,60
1025;28/09/2025 12:00:00;M30;221;11,37;89,40
1026;28/09/2025 12:00:00;URB;79;8,31;84,70
1027;28/09/2025 12:00:00;M30;278;8,71;92,70
1028;28/09/2025 12:00:00;URB;110;11,04;91,90
1029;28/09/2025 12:00:00;URB;91;11,36;91,50
1030;28/09/2025 12:00:00;URB;86;14,15;90,40
1001;28/09/2025 13:00:00;M30;247;11,53;82,60
1002;28/09/2025 13:00:00;URB;87;11,44;86,00
1003;28/09/2025 13:00:00;M30;214;14,21;92,80
1004;28/09/2025 13:00:00;M30;234;16,05;79,00
1005;28/09/2025 13:00:00;M30;268;12,57;91,20
1006;28/09/2025 13:00:00;M30;249;13,77;87,70
1007;28/09/2025 13:00:00;M30;267;11,25;85,20
1008;28/09/2025 13:00:00;URB;83;12,60;89,00
1009;28/09/2025 13:00:00;M30;261;13,17;89,00
1010;28/09/2025 13:00:00;URB;85;9,31;92,70
1011;28/09/2025 13:00:00;URB;91;12,44;-1,00
1012;28/09/2025 13:00:00;M30;214;12,66;87,90
1013;28/09/2025 13:00:00;URB;73;7,80;93,20
1014;28/09/2025 13:00:00;URB;67;7,77;96,90
1015;28/09/2025 13:00:00;M30;271;9,33;-1,00
1016;28/09/2025 13:00:00;URB;88;12,51;-1,00
1017;28/09/2025 13:00:00;URB;75;9,44;-1,00
1018;28/09/2025 13:00:00;URB;91;13,72;86,20
1019;28/09/2025 13:00:00;M30;214;9,81;91,30
1020;28/09/2025 13:00:00;URB;72;11,63;87,20
1021;28/09/2025 13:00:00;M30;203;11,49;87,90
1022;28/09/2025 13:00:00;URB;91;11,98;89,90
1023;28/09/2025 13:00:00;URB;72;9,68;86,70
1024;28/09/2025 13:00:00;URB;79;9,62;82,00
1025;28/09/2025 13:00:00;M30;240;13,66;85,80
1026;28/09/2025 13:00:00;URB;88;12,88;88,90
1027;28/09/2025 13:00:00;M30;217;10,30;85,20
1028;28/09/2025 13:00:00;URB;75;10,07;91,30
1029;28/09/2025 13:00:00;URB;88;10,97;84,60
1030;28/09/2025 13:00:00;URB;88;11,32;-1,00
1001;28/09/2025 14:00:00;M30;252;9,49;92,10
1002;28/09/2025 14:00:00;URB;79;14,26;95,60
1003;28/09/2025 14:00:00;M30;234;12,85;87,00
1004;28/09/2025 14:00:00;M30;217;11,14;92,20
1005;28/09/2025 14:00:00;M30;208;7,11;86,30
1006;28/09/2025 14:00:00;M30;230;9,95;96,40
1007;28/09/2025 14:00:00;M30;237;11,86;88,40
1008;28/09/2025 14:00:00;URB;102;18,87;83,90
1009;28/09/2025 14:00:00;M30;239;10,00;87,60
1010;28/09/2025 14:00:00;URB;80;10,67;83,30
1011;28/09/2025 14:00:00;URB;76;9,78;-1,00
1012;28/09/2025 14:00:00;M30;245;15,71;81,00
1013;28/09/2025 14:00:00;URB;94;16,16;86,00
1014;28/09/2025 14:00:00;URB;97;10,69;94,00
1015;28/09/2025 14:00:00;M30;251;12,68;-1,00
1016;28/09/2025 14:00:00;URB;77;9,02;89,40
1017;28/09/2025 14:00:00;URB;87;9,12;91,10
1018;28/09/2025 14:00:00;URB;97;11,49;85,20
1019;28/09/2025 14:00:00;M30;210;8,97;93,60
1020;28/09/2025 14:00:00;URB;88;11,22;89,90
1021;28/09/2025 14:00:00;M30;226;13,25;88,20
1022;28/09/2025 14:00:00;URB;69;7,24;-1,00
1022;28/09/2025 14:00:00;URB;69;7,24;-1,00
1023;28/09/2025 14:00:00;URB;94;13,40;84,70
1024;28/09/2025 14:00:00;URB;87;13,40;86,60
1025;28/09/2025 14:00:00;M30;294;13,13;91,80
1026;28/09/2025 14:00:00;URB;75;10,11;97,40
1027;28/09/2025 14:00:00;M30;260;12,83;89,70
1028;28/09/2025 14:00:00;URB;83;9,53;87,20
1029;28/09/2025 14:00:00;URB;101;10,94;93,90
1030;28/09/2025 14:00:00;URB;81;10,87;88,90
1001;28/09/2025 15:00:00;M30;249;11,34;90,10
1002;28/09/2025 15:00:00;URB;95;11,06;-1,00
1003;28/09/2025 15:00:00;M30;255;9,07;88,00
1004;28/09/2025 15:00:00;M30;259;8,96;85,80
1005;28/09/2025 15:00:00;M30;286;10,58;87,60
1006;28/09/2025 15:00:00;M30;281;16,11;88,10
1007;28/09/2025 15:00:00;M30;285;10,88;95,70
1008;28/09/2025 15:00:00;URB;80;8,98;92,90
1009;28/09/2025 15:00:00;M30;282;12,54;91,70
1010;28/09/2025 15:00:00;URB;81;9,66;-1,00
1011;28/09/2025 15:00:00;URB;79;8,85;92,00
1012;28/09/2025 15:00:00;M30;317;13,36;82,20
1013;28/09/2025 15:00:00;URB;113;14,09;85,70
1014;28/09/2025 15:00:00;URB;123;16,71;84,20
1015;28/09/2025 15:00:00;M30;339;13,39;84,50
1016;28/09/2025 15:00:00;URB;110;17,54;76,30
1017;28/09/2025 15:00:00;URB;106;13,08;89,80
1018;28/09/2025 15:00:00;URB;92;12,72;85,50
1019;28/09/2025 15:00:00;M30;262;10,95;88,30
1020;28/09/2025 15:00:00;URB;110;10,86;86,30
1021;28/09/2025 15:00:00;M30;275;12,42;90,50
1022;28/09/2025 15:00:00;URB;123;16,93;84,10
1023;28/09/2025 15:00:00;URB;87;12,45;91,90
1024;28/09/2025 15:00:00;URB;90;10,86;86,00
1025;28/09/2025 15:00:00;M30;263;10,35;86,70
1026;28/09/2025 15:00:00;URB;86;12,05;92,60
1027;28/09/2025 15:00:00;M30;257;13,97;81,10
1028;28/09/2025 15:00:00;URB;78;8,84;94,70
1029;28/09/2025 15:00:00;URB;86;12,61;94,90
1030;28/09/2025 15:00:00;URB;111;13,99;86,60
1001;28/09/2025 16:00:00;M30;347;13,85;86,30
1002;28/09/2025 16:00:00;URB;129;17,17;-1,00
1003;28/09/2025 16:00:00;M30;338;18,59;80,10
1004;28/09/2025 16:00:00;M30;385;16,74;86,30
1005;28/09/2025 16:00:00;M30;339;12,59;82,20
1006;28/09/2025 16:00:00;M30;391;20,03;81,60
1007;28/09/2025 16:00:00;M30;391;18,54;83,00
1008;28/09/2025 16:00:00;URB;146;14,90;92,70
1009;28/09/2025 16:00:00;M30;395;22,45;74,70
1010;28/09/2025 16:00:00;URB;120;12,24;85,20
1011;28/09/2025 16:00:00;URB;147;20,37;88,60
1012;28/09/2025 16:00:00;M30;373;14,91;93,90
1013;28/09/2025 16:00:00;URB;150;23,99;-1,00
1014;28/09/2025 16:00:00;URB;162;17,49;78,60
1015;28/09/2025 16:00:00;M30;407;22,51;81,80
1016;28/09/2025 16:00:00;URB;150;12,86;85,30
1017;28/09/2025 16:00:00;URB;135;18,34;79,70
1018;28/09/2025 16:00:00;URB;140;14,45;91,30
1019;28/09/2025 16:00:00;M30;425;18,44;82,90
1020;28/09/2025 16:00:00;URB;129;16,88;85,90
1021;28/09/2025 16:00:00;M30;366;17,75;82,70
1022;28/09/2025 16:00:00;URB;125;17,88;83,20
1023;28/09/2025 16:00:00;URB;113;17,34;85,10
1024;28/09/2025 16:00:00;URB;155;17,10;79,90
1025;28/09/2025 16:00:00;M30;384;15,71;87,70
1026;28/09/2025 16:00:00;URB;150;23,91;78,10
1027;28/09/2025 16:00:00;M30;339;19,55;84,90
1028;28/09/2025 16:00:00;URB;158;22,02;87,50
1029;28/09/2025 16:00:00;URB;135;12,01;84,30
1030;28/09/2025 16:00:00;URB;138;15,15;86,50
1001;28/09/2025 17:00:00;M30;533;15,11;88,60
1002;28/09/2025 17:00:00;URB;185;19,08;85,80
1003;28/09/2025 17:00:00;M30;483;16,81;85,70
1004;28/09/2025 17:00:00;M30;534;21,64;81,60
1005;28/09/2025 17:00:00;M30;554;18,34;82,90
1006;28/09/2025 17:00:00;M30;503;22,35;78,30
1007;28/09/2025 17:00:00;M30;554;23,28;76,00
1008;28/09/2025 17:00:00;URB;170;30,30;80,30
1009;28/09/2025 17:00:00;M30;521;26,39;82,60
1010;28/09/2025 17:00:00;URB;169;17,21;77,90
1011;28/09/2025 17:00:00;URB;220;36,34;75,00
1012;28/09/2025 17:00:00;M30;496;24,06;73,50
1013;28/09/2025 17:00:00;URB;165;21,63;86,50
1014;28/09/2025 17:00:00;URB;171;21,65;85,30
1015;28/09/2025 17:00:00;M30;477;16,46;89,80
1016;28/09/2025 17:00:00;URB;166;17,19;83,50
1017;28/09/2025 17:00:00;URB;176;23,26;-1,00
1018;28/09/2025 17:00:00;URB;190;24,38;85,80
1019;28/09/2025 17:00:00;M30;422;21,29;90,10
1020;28/09/2025 17:00:00;URB;172;20,07;86,50
1021;28/09/2025 17:00:00;M30;589;30,48;82,00
1022;28/09/2025 17:00:00;URB;208;26,17;-1,00
1023;28/09/2025 17:00:00;URB;188;18,40;90,20
1024;28/09/2025 17:00:00;URB;184;25,55;80,50
1025;28/09/2025 17:00:00;M30;538;29,47;88,30
1026;28/09/2025 17:00:00;URB;194;20,63;85,90
1027;28/09/2025 17:00:00;M30;440;14,47;82,00
1028;28/09/2025 17:00:00;URB;172;24,96;-1,00
1029;28/09/2025 17:00:00;URB;170;23,90;78,30
1030;28/09/2025 17:00:00;URB;172;20,15;86,60
1001;28/09/2025 18:00:00;M30;721;40,88;68,20
1002;28/09/2025 18:00:00;URB;245;40,99;73,80
1003;28/09/2025 18:00:00;M30;610;27,48;82,50
1004;28/09/2025 18:00:00;M30;635;32,63;-1,00
1005;28/09/2025 18:00:00;M30;555;16,49;87,60
1006;28/09/2025 18:00:00;M30;625;19,70;86,20
1007;28/09/2025 18:00:00;M30;653;30,90;72,00
1008;28/09/2025 18:00:00;URB;209;34,05;71,70
1009;28/09/2025 18:00:00;M30;667;26,36;91,30
1010;28/09/2025 18:00:00;URB;189;24,38;75,20
1011;28/09/2025 18:00:00;URB;196;23,88;74,60
1012;28/09/2025 18:00:00;M30;689;29,60;85,50
1013;28/09/2025 18:00:00;URB;216;26,53;-1,00
1014;28/09/2025 18:00:00;URB;196;30,12;-1,00
1015;28/09/2025 18:00:00;M30;604;20,74;84,70
1016;28/09/2025 18:00:00;URB;205;21,52;87,10
1017;28/09/2025 18:00:00;URB;249;36,18;-1,00
1018;28/09/2025 18:00:00;URB;183;28,57;76,40
1019;28/09/2025 18:00:00;M30;556;26,60;82,90
1020;28/09/2025 18:00:00;URB;229;28,60;77,90
1021;28/09/2025 18:00:00;M30;692;22,33;85,20
1022;28/09/2025 18:00:00;URB;252;34,60;76,10
1023;28/09/2025 18:00:00;URB;198;37,08;80,60
1024;28/09/2025 18:00:00;URB;170;27,44;78,50
1025;28/09/2025 18:00:00;M30;647;30,35;-1,00
1026;28/09/2025 18:00:00;URB;210;20,96;87,20
1027;28/09/2025 18:00:00;M30;592;29,32;87,30
1028;28/09/2025 18:00:00;URB;199;21,83;89,00
1029;28/09/2025 18:00:00;URB;229;31,45;-1,00
1030;28/09/2025 18:00:00;URB;166;22,51;82,40
1001;28/09/2025 19:00:00;M30;732;42,74;69,10
1002;28/09/2025 19:00:00;URB;249;36,83;-1,00
1003;28/09/2025 19:00:00;M30;584;23,89;-1,00
1004;28/09/2025 19:00:00;M30;748;29,06;78,00
1005;28/09/2025 19:00:00;M30;592;27,36;76,60
1006;28/09/2025 19:00:00;M30;671;32,54;-1,00
1007;28/09/2025 19:00:00;M30;669;27,98;86,20
1008;28/09/2025 19:00:00;URB;244;29,87;-1,00
1009;28/09/2025 19:00:00;M30;610;16,28;87,80
1010;28/09/2025 19:00:00;URB;221;22,64;78,40
1011;28/09/2025 19:00:00;URB;265;33,19;76,20
1012;28/09/2025 19:00:00;M30;717;34,19;76,50
1013;28/09/2025 19:00:00;URB;256;35,20;78,00
1014;28/09/2025 19:00:00;URB;232;34,70;74,80
1015;28/09/2025 19:00:00;M30;613;25,20;86,60
1016;28/09/2025 19:00:00;URB;222;26,26;77,20
1017;28/09/2025 19:00:00;URB;217;29,91;79,20
1018;28/09/2025 19:00:00;URB;208;26,62;77,30
1019;28/09/2025 19:00:00;M30;686;34,39;-1,00
1020;28/09/2025 19:00:00;URB;210;33,31;74,60
1021;28/09/2025 19:00:00;M30;608;26,21;75,90
1022;28/09/2025 19:00:00;URB;238;39,36;-1,00
1023;28/09/2025 19:00:00;URB;185;24,94;-1,00
1024;28/09/2025 19:00:00;URB;214;33,86;79,40
1025;28/09/2025 19:00:00;M30;688;28,71;-1,00
1026;28/09/2025 19:00:00;URB;247;30,59;84,10
1027;28/09/2025 19:00:00;M30;645;43,01;65,80
1028;28/09/2025 19:00:00;URB;258;43,00;69,50
1029;28/09/2025 19:00:00;URB;234;31,20;82,70
1030;28/09/2025 19:00:00;URB;233;36,56;71,10
1001;28/09/2025 20:00:00;M30;577;22,00;81,90
1002;28/09/2025 20:00:00;URB;220;35,47;71,70
1003;28/09/2025 20:00:00;M30;563;21,92;92,10
1004;28/09/2025 20:00:00;M30;572;32,92;-1,00
1005;28/09/2025 20:00:00;M30;739;42,02;74,90
1006;28/09/2025 20:00:00;M30;617;31,05;78,80
1007;28/09/2025 20:00:00;M30;535;17,65;91,60
1008;28/09/2025 20:00:00;URB;185;26,06;81,00
1009;28/09/2025 20:00:00;M30;700;36,28;68,10
1010;28/09/2025 20:00:00;URB;182;36,58;72,30
1011;28/09/2025 20:00:00;URB;210;20,09;85,70
1012;28/09/2025 20:00:00;M30;654;24,43;81,40
1013;28/09/2025 20:00:00;URB;178;27,36;79,50
1014;28/09/2025 20:00:00;URB;210;36,46;68,70
1015;28/09/2025 20:00:00;M30;552;27,99;79,40
1016;28/09/2025 20:00:00;URB;174;27,44;86,20
1017;28/09/2025 20:00:00;URB;210;28,99;80,40
1018;28/09/2025 20:00:00;URB;210;27,87;84,10
1019;28/09/2025 20:00:00;M30;644;30,77;74,80
1020;28/09/2025 20:00:00;URB;179;29,13;77,00
1021;28/09/2025 20:00:00;M30;626;23,43;91,00
1022;28/09/2025 20:00:00;URB;215;20,44;83,10
1023;28/09/2025 20:00:00;URB;206;29,65;88,70
1024;28/09/2025 20:00:00;URB;224;23,55;83,60
1025;28/09/2025 20:00:00;M30;681;31,08;78,20
1026;28/09/2025 20:00:00;URB;204;22,21;82,20
1027;28/09/2025 20:00:00;M30;656;27,31;81,20
1028;28/09/2025 20:00:00;URB;213;31,36;73,50
1029;28/09/2025 20:00:00;URB;228;27,56;81,00
1030;28/09/2025 20:00:00;URB;232;37,68;76,70
1001;28/09/2025 21:00:00;M30;500;23,57;77,20
1002;28/09/2025 21:00:00;URB;177;21,41;85,60
1003;28/09/2025 21:00:00;M30;346;8,97;89,90
1004;28/09/2025 21:00:00;M30;453;17,97;81,50
1005;28/09/2025 21:00:00;M30;424;19,43;84,10
1006;28/09/2025 21:00:00;M30;584;25,74;80,30
1007;28/09/2025 21:00:00;M30;487;25,68;81,60
1008;28/09/2025 21:00:00;URB;141;21,66;75,20
1009;28/09/2025 21:00:00;M30;508;22,54;78,40
1010;28/09/2025 21:00:00;URB;209;24,14;84,80
1011;28/09/2025 21:00:00;URB;154;14,38;80,60
1012;28/09/2025 21:00:00;M30;558;19,89;-1,00
1013;28/09/2025 21:00:00;URB;187;12,03;-1,00
1014;28/09/2025 21:00:00;URB;180;20,08;-1,00
1015;28/09/2025 21:00:00;M30;504;29,97;71,90
1016;28/09/2025 21:00:00;URB;167;19,27;84,80
1017;28/09/2025 21:00:00;URB;144;11,89;81,00
1018;28/09/2025 21:00:00;URB;193;23,17;83,50
1019;28/09/2025 21:00:00;M30;407;19,12;80,20
1020;28/09/2025 21:00:00;URB;188;23,34;78,80
1021;28/09/2025 21:00:00;M30;525;27,63;72,10
1022;28/09/2025 21:00:00;URB;164;26,20;87,00
1023;28/09/2025 21:00:00;URB;180;22,90;79,40
1024;28/09/2025 21:00:00;URB;163;23,07;84,40
1025;28/09/2025 21:00:00;M30;495;33,90;74,90
1026;28/09/2025 21:00:00;URB;164;26,15;78,70
1027;28/09/2025 21:00:00;M30;533;14,53;85,20
1028;28/09/2025 21:00:00;URB;190;26,25;89,20
1029;28/09/2025 21:00:00;URB;179;24,84;84,00
1030;28/09/2025 21:00:00;URB;183;21,74;83,90
1001;28/09/2025 22:00:00;M30;425;13,35;88,00
1002;28/09/2025 22:00:00;URB;142;17,93;92,00
1003;28/09/2025 22:00:00;M30;393;16,21;82,50
1004;28/09/2025 22:00:00;M30;361;18,39;83,30
1005;28/09/2025 22:00:00;M30;406;18,14;84,90
1006;28/09/2025 22:00:00;M30;357;18,47;82,80
1007;28/09/2025 22:00:00;M30;377;10,53;85,30
1008;28/09/2025 22:00:00;URB;130;21,78;-1,00
1009;28/09/2025 22:00:00;M30;315;13,91;83,60
1010;28/09/2025 22:00:00;URB;144;23,48;77,90
1011;28/09/2025 22:00:00;URB;119;18,16;81,80
1012;28/09/2025 22:00:00;M30;349;11,98;79,70
1013;28/09/2025 22:00:00;URB;143;15,29;86,60
1014;28/09/2025 22:00:00;URB;158;23,97;85,80
1015;28/09/2025 22:00:00;M30;379;15,91;89,90
1016;28/09/2025 22:00:00;URB;113;16,66;85,00
1017;28/09/2025 22:00:00;URB;136;15,67;91,50
1018;28/09/2025 22:00:00;URB;142;24,11;82,60
1019;28/09/2025 22:00:00;M30;364;19,15;93,20
1020;28/09/2025 22:00:00;URB;127;16,37;82,50
1021;28/09/2025 22:00:00;M30;324;13,65;90,60
1022;28/09/2025 22:00:00;URB;126;21,64;84,30
1023;28/09/2025 22:00:00;URB;131;17,67;-1,00
1024;28/09/2025 22:00:00;URB;137;16,59;84,90
1025;28/09/2025 22:00:00;M30;369;17,22;84,30
1026;28/09/2025 22:00:00;URB;132;15,45;82,70
1027;28/09/2025 22:00:00;M30;324;18,98;89,90
1028;28/09/2025 22:00:00;URB;140;18,41;83,30
1029;28/09/2025 22:00:00;URB;138;16,02;87,80
1030;28/09/2025 22:00:00;URB;121;17,15;88,30
1001;28/09/2025 23:00:00;M30;357;9,38;90,60
1002;28/09/2025 23:00:00;URB;98;11,85;94,20
1003;28/09/2025 23:00:00;M30;251;9,55;88,80
1004;28/09/2025 23:00:00;M30;278;14,52;83,90
1005;28/09/2025 23:00:00;M30;269;10,09;84,80
1006;28/09/2025 23:00:00;M30;290;16,93;88,20
1007;28/09/2025 23:00:00;M30;304;19,12;81,60
1008;28/09/2025 23:00:00;URB;94;6,85;91,00
1009;28/09/2025 23:00:00;M30;277;11,49;88,50
1010;28/09/2025 23:00:00;URB;100;11,01;93,90
1011;28/09/2025 23:00:00;URB;96;12,30;84,70
1012;28/09/2025 23:00:00;M30;324;16,52;-1,00
1013;28/09/2025 23:00:00;URB;100;11,67;86,60
1014;28/09/2025 23:00:00;URB;109;13,23;85,50
1015;28/09/2025 23:00:00;M30;314;15,96;82,20
1016;28/09/2025 23:00:00;URB;102;15,10;78,80
1017;28/09/2025 23:00:00;URB;94;13,86;88,70
1018;28/09/2025 23:00:00;URB;120;15,67;83,60
1019;28/09/2025 23:00:00;M30;217;8,58;91,70
1020;28/09/2025 23:00:00;URB;101;13,42;83,60
1021;28/09/2025 23:00:00;M30;340;13,81;89,20
1022;28/09/2025 23:00:00;URB;106;17,33;91,60
1023;28/09/2025 23:00:00;URB;113;14,01;85,00
1024;28/09/2025 23:00:00;URB;103;13,79;91,00
1025;28/09/2025 23:00:00;M30;249;13,63;82,60
1026;28/09/2025 23:00:00;URB;110;11,95;93,70
1027;28/09/2025 23:00:00;M30;306;19,33;-1,00
1028;28/09/2025 23:00:00;URB;96;15,23;84,50
1029;28/09/2025 23:00:00;URB;97;10,86;98,80
1030;28/09/2025 23:00:00;URB;98;12,09;95,50
1001;29/09/2025 00:00:00;M30;296;11,14;86,10
1002;29/09/2025 00:00:00;URB;109;14,76;86,90
1003;29/09/2025 00:00:00;M30;327;13,80;-1,00
1004;29/09/2025 00:00:00;M30;342;17,28;-1,00
1005;29/09/2025 00:00:00;M30;327;14,16;88,30
1006;29/09/2025 00:00:00;M30;341;15,05;80,60
1007;29/09/2025 00:00:00;M30;335;18,73;87,30
1008;29/09/2025 00:00:00;URB;108;14,58;87,80
1009;29/09/2025 00:00:00;M30;263;10,39;86,60
1010;29/09/2025 00:00:00;URB;116;16,91;85,20
1011;29/09/2025 00:00:00;URB;113;14,75;91,00
1012;29/09/2025 00:00:00;M30;307;17,36;89,10
1013;29/09/2025 00:00:00;URB;137;22,32;81,00
1014;29/09/2025 00:00:00;URB;116;20,68;84,60
1015;29/09/2025 00:00:00;M30;319;16,11;83,70
1016;29/09/2025 00:00:00;URB;120;11,90;85,60
1017;29/09/2025 00:00:00;URB;102;12,13;-1,00
1018;29/09/2025 00:00:00;URB;97;11,78;94,50
1019;29/09/2025 00:00:00;M30;259;11,58;87,30
1020;29/09/2025 00:00:00;URB;122;15,78;-1,00
1021;29/09/2025 00:00:00;M30;271;14,08;-1,00
1022;29/09/2025 00:00:00;URB;110;18,70;-1,00
1023;29/09/2025 00:00:00;URB;120;13,42;87,40
1024;29/09/2025 00:00:00;URB;115;16,39;88,60
1025;29/09/2025 00:00:00;M30;343;16,50;84,40
1026;29/09/2025 00:00:00;URB;123;25,37;83,50
1027;29/09/2025 00:00:00;M30;359;16,65;84,30
1028;29/09/2025 00:00:00;URB;129;12,54;82,10
1029;29/09/2025 00:00:00;URB;100;9,42;89,40
1030;29/09/2025 00:00:00;URB;118;12,22;88,30
1001;29/09/2025 01:00:00;M30;358;19,50;-1,00
1002;29/09/2025 01:00:00;URB;117;10,01;94,60
1003;29/09/2025 01:00:00;M30;326;14,09;87,30
1004;29/09/2025 01:00:00;M30;369;15,63;85,50
1005;29/09/2025 01:00:00;M30;316;15,08;88,10
1006;29/09/2025 01:00:00;M30;326;5,81;95,90
1007;29/09/2025 01:00:00;M30;338;21,08;82,20
1008;29/09/2025 01:00:00;URB;102;13,68;88,30
1009;29/09/2025 01:00:00;M30;306;12,74;88,00
1010;29/09/2025 01:00:00;URB;100;12,33;90,50
1011;29/09/2025 01:00:00;URB;94;10,68;93,00
1012;29/09/2025 01:00:00;M30;329;18,73;-1,00
1013;29/09/2025 01:00:00;URB;119;12,52;87,30
1014;29/09/2025 01:00:00;URB;129;2,88;89,10
1015;29/09/2025 01:00:00;M30;286;11,82;94,60
1016;29/09/2025 01:00:00;URB;116;12,46;-1,00
1017;29/09/2025 01:00:00;URB;110;13,68;84,10
1018;29/09/2025 01:00:00;URB;140;11,17;84,40
1019;29/09/2025 01:00:00;M30;313;17,87;-1,00
1020;29/09/2025 01:00:00;URB;125;14,09;86,80
1021;29/09/2025 01:00:00;M30;329;14,41;86,40
1022;29/09/2025 01:00:00;URB;131;17,84;76,80
1023;29/09/2025 01:00:00;URB;117;16,48;85,30
1024;29/09/2025 01:00:00;URB;97;12,48;91,00
1025;29/09/2025 01:00:00;M30;333;17,40;90,10
1026;29/09/2025 01:00:00;URB;111;12,65;92,20
1027;29/09/2025 01:00:00;M30;275;9,40;88,50
1028;29/09/2025 01:00:00;URB;85;12,97;91,10
1029;29/09/2025 01:00:00;URB;120;12,34;86,40
1030;29/09/2025 01:00:00;URB;112;17,50;86,30
1001;29/09/2025 02:00:00;M30;321;13,64;90,80
1002;29/09/2025 02:00:00;URB;123;16,01;86,90
1003;29/09/2025 02:00:00;M30;336;15,93;82,30
1004;29/09/2025 02:00:00;M30;319;13,15;95,90
1005;29/09/2025 02:00:00;M30;334;17,02;83,80
1006;29/09/2025 02:00:00;M30;285;8,85;91,70
1007;29/09/2025 02:00:00;M30;355;18,12;86,30
1008;29/09/2025 02:00:00;URB;96;12,11;89,70
1009;29/09/2025 02:00:00;M30;316;16,77;87,50
1010;29/09/2025 02:00:00;URB;123;12,99;82,70
1011;29/09/2025 02:00:00;URB;95;11,68;-1,00
1012;29/09/2025 02:00:00;M30;285;13,00;-1,00
1013;29/09/2025 02:00:00;URB;120;14,75;84,90
1014;29/09/2025 02:00:00;URB;117;14,84;85,60
1015;29/09/2025 02:00:00;M30;416;19,55;89,10
1016;29/09/2025 02:00:00;URB;125;13,81;88,70
1017;29/09/2025 02:00:00;URB;106;13,96;84,90
1018;29/09/2025 02:00:00;URB;139;17,06;84,10
1019;29/09/2025 02:00:00;M30;340;15,69;82,80
1020;29/09/2025 02:00:00;URB;114;12,56;92,90
1021;29/09/2025 02:00:00;M30;369;17,34;91,00
1022;29/09/2025 02:00:00;URB;120;12,55;91,10
1023;29/09/2025 02:00:00;URB;117;15,22;84,30
1024;29/09/2025 02:00:00;URB;125;17,66;88,00
1025;29/09/2025 02:00:00;M30;313;14,32;89,50
1026;29/09/2025 02:00:00;URB;120;17,68;-1,00
1027;29/09/2025 02:00:00;M30;337;20,44;86,70
1028;29/09/2025 02:00:00;URB;121;16,06;86,00
1029;29/09/2025 02:00:00;URB;122;22,72;83,70
1030;29/09/2025 02:00:00;URB;123;17,76;-1,00
1001;29/09/2025 03:00:00;M30;299;9,52;86,00
1002;29/09/2025 03:00:00;URB;121;17,93;91,30
1003;29/09/2025 03:00:00;M30;282;7,75;93,30
1004;29/09/2025 03:00:00;M30;340;12,35;86,20
1005;29/09/2025 03:00:00;M30;363;14,00;91,80
1006;29/09/2025 03:00:00;M30;344;14,95;89,00
1007;29/09/2025 03:00:00;M30;301;12,16;87,40
1008;29/09/2025 03:00:00;URB;130;14,80;90,40
1009;29/09/2025 03:00:00;M30;353;7,92;96,50
1010;29/09/2025 03:00:00;URB;113;17,94;84,10
1011;29/09/2025 03:00:00;URB;138;12,11;83,90
1012;29/09/2025 03:00:00;M30;327;15,28;-1,00
1013;29/09/2025 03:00:00;URB;117;15,61;92,60
1014;29/09/2025 03:00:00;URB;131;13,35;-1,00
1015;29/09/2025 03:00:00;M30;363;20,75;83,70
1016;29/09/2025 03:00:00;URB;118;18,56;80,30
1017;29/09/2025 03:00:00;URB;125;13,07;92,60
1018;29/09/2025 03:00:00;URB;100;12,34;89,00
1019;29/09/2025 03:00:00;M30;322;12,22;87,00
1020;29/09/2025 03:00:00;URB;144;23,00;87,40
1021;29/09/2025 03:00:00;M30;271;10,24;89,40
1022;29/09/2025 03:00:00;URB;122;11,57;82,10
1023;29/09/2025 03:00:00;URB;101;10,66;87,40
1024;29/09/2025 03:00:00;URB;141;17,11;77,00
1025;29/09/2025 03:00:00;M30;285;18,49;-1,00
1026;29/09/2025 03:00:00;URB;120;16,61;-1,00
1027;29/09/2025 03:00:00;M30;303;13,87;83,80
1028;29/09/2025 03:00:00;URB;118;16,79;78,70
1029;29/09/2025 03:00:00;URB;104;17,40;85,40
1030;29/09/2025 03:00:00;URB;126;15,06;86,00
1001;29/09/2025 04:00:00;M30;346;19,06;81,10
1002;29/09/2025 04:00:00;URB;129;15,07;-1,00
1003;29/09/2025 04:00:00;M30;376;15,74;82,70
1004;29/09/2025 04:00:00;M30;321;19,52;84,70
1005;29/09/2025 04:00:00;M30;354;18,95;85,50
1006;29/09/2025 04:00:00;M30;418;20,26;-1,00
1007;29/09/2025 04:00:00;M30;341;17,43;78,70
1008;29/09/2025 04:00:00;URB;114;9,87;86,10
1009;29/09/2025 04:00:00;M30;342;17,00;-1,00
1010;29/09/2025 04:00:00;URB;103;18,17;83,30
1011;29/09/2025 04:00:00;URB;126;20,59;78,10
1012;29/09/2025 04:00:00;M30;349;18,53;84,40
1013;29/09/2025 04:00:00;URB;103;11,86;84,10
1014;29/09/2025 04:00:00;URB;131;18,59;86,50
1015;29/09/2025 04:00:00;M30;344;13,18;81,50
1016;29/09/2025 04:00:00;URB;126;18,15;-1,00
1017;29/09/2025 04:00:00;URB;138;15,80;91,30
1018;29/09/2025 04:00:00;URB;150;24,21;88,70
1019;29/09/2025 04:00:00;M30;372;18,78;82,60
1020;29/09/2025 04:00:00;URB;115;18,53;87,60
1021;29/09/2025 04:00:00;M30;391;13,61;87,40
1022;29/09/2025 04:00:00;URB;128;14,64;96,00
1023;29/09/2025 04:00:00;URB;140;23,15;81,50
1024;29/09/2025 04:00:00;URB;124;14,07;91,00
1025;29/09/2025 04:00:00;M30;301;12,83;89,70
1026;29/09/2025 04:00:00;URB;116;14,75;90,60
1027;29/09/2025 04:00:00;M30;410;22,97;83,60
1028;29/09/2025 04:00:00;URB;108;16,95;96,00
1029;29/09/2025 04:00:00;URB;153;23,38;83,30
1030;29/09/2025 04:00:00;URB;119;15,96;87,40
1001;29/09/2025 05:00:00;M30;379;16,01;97,60
1002;29/09/2025 05:00:00;URB;156;19,49;83,40
1003;29/09/2025 05:00:00;M30;452;20,23;88,70
1004;29/09/2025 05:00:00;M30;439;18,52;82,90
1005;29/09/2025 05:00:00;M30;431;13,99;83,20
1006;29/09/2025 05:00:00;M30;436;21,53;85,30
1007;29/09/2025 05:00:00;M30;532;26,97;86,40
1008;29/09/2025 05:00:00;URB;164;25,47;77,30
1009;29/09/2025 05:00:00;M30;383;13,55;-1,00
1010;29/09/2025 05:00:00;URB;173;21,58;77,20
1011;29/09/2025 05:00:00;URB;143;19,25;80,20
1012;29/09/2025 05:00:00;M30;389;18,47;74,80
1013;29/09/2025 05:00:00;URB;153;23,06;85,10
1014;29/09/2025 05:00:00;URB;133;15,89;88,40
1015;29/09/2025 05:00:00;M30;517;20,48;-1,00
1016;29/09/2025 05:00:00;URB;118;16,76;81,50
1017;29/09/2025 05:00:00;URB;162;20,60;78,90
1018;29/09/2025 05:00:00;URB;142;16,86;83,70
1019;29/09/2025 05:00:00;M30;380;23,37;80,30
1020;29/09/2025 05:00:00;URB;187;26,08;81,70
1021;29/09/2025 05:00:00;M30;476;21,67;88,20
1022;29/09/2025 05:00:00;URB;173;20,97;86,40
1023;29/09/2025 05:00:00;URB;161;14,62;81,80
1024;29/09/2025 05:00:00;URB;151;18,78;86,20
1025;29/09/2025 05:00:00;M30;448;23,62;82,30
1026;29/09/2025 05:00:00;URB;172;17,12;84,20
1027;29/09/2025 05:00:00;M30;502;18,63;-1,00
1028;29/09/2025 05:00:00;URB;153;17,66;84,30
1029;29/09/2025 05:00:00;URB;171;22,57;87,00
1030;29/09/2025 05:00:00;URB;144;20,96;85,10
1001;29/09/2025 06:00:00;M30;669;37,11;76,20
1002;29/09/2025 06:00:00;URB;215;30,15;77,40
1003;29/09/2025 06:00:00;M30;643;32,30;80,30
1004;29/09/2025 06:00:00;M30;644;34,34;79,90
1005;29/09/2025 06:00:00;M30;614;25,71;78,80
1006;29/09/2025 06:00:00;M30;580;12,60;88,10
1007;29/09/2025 06:00:00;M30;661;33,17;75,30
1008;29/09/2025 06:00:00;URB;182;26,70;83,20
1009;29/09/2025 06:00:00;M30;538;29,48;82,70
1010;29/09/2025 06:00:00;URB;188;18,89;-1,00
1011;29/09/2025 06:00:00;URB;235;35,84;71,10
1012;29/09/2025 06:00:00;M30;625;36,51;75,60
1013;29/09/2025 06:00:00;URB;196;15,48;77,50
1014;29/09/2025 06:00:00;URB;206;28,70;72,20
1015;29/09/2025 06:00:00;M30;479;22,57;79,50
1016;29/09/2025 06:00:00;URB;163;15,36;81,50
1017;29/09/2025 06:00:00;URB;227;34,94;77,90
1018;29/09/2025 06:00:00;URB;209;27,94;80,40
1019;29/09/2025 06:00:00;M30;553;21,24;85,10
1020;29/09/2025 06:00:00;URB;232;23,69;83,40
1021;29/09/2025 06:00:00;M30;613;30,68;89,10
1022;29/09/2025 06:00:00;URB;216;23,09;86,10
1023;29/09/2025 06:00:00;URB;229;28,33;80,20
1024;29/09/2025 06:00:00;URB;211;35,16;79,40
1025;29/09/2025 06:00:00;M30;658;31,79;81,60
1026;29/09/2025 06:00:00;URB;192;24,49;85,70
1027;29/09/2025 06:00:00;M30;512;27,87;75,50
1028;29/09/2025 06:00:00;URB;232;27,86;78,30
1029;29/09/2025 06:00:00;URB;210;34,86;76,40
1030;29/09/2025 06:00:00;URB;195;20,00;87,90
1001;29/09/2025 07:00:00;M30;752;32,26;78,20
1002;29/09/2025 07:00:00;URB;283;29,24;81,30
1003;29/09/2025 07:00:00;M30;613;22,63;74,10
1004;29/09/2025 07:00:00;M30;788;29,92;-1,00
1005;29/09/2025 07:00:00;M30;850;45,38;70,90
1006;29/09/2025 07:00:00;M30;796;40,80;69,70
1007;29/09/2025 07:00:00;M30;789;31,42;72,30
1008;29/09/2025 07:00:00;URB;244;36,35;66,90
1009;29/09/2025 07:00:00;M30;843;32,17;77,80
1010;29/09/2025 07:00:00;URB;210;23,47;83,10
1011;29/09/2025 07:00:00;URB;274;33,64;79,60
1012;29/09/2025 07:00:00;M30;849;35,03;74,10
1013;29/09/2025 07:00:00;URB;226;22,54;82,20
1014;29/09/2025 07:00:00;URB;256;31,28;-1,00
1015;29/09/2025 07:00:00;M30;791;40,14;75,10
1016;29/09/2025 07:00:00;URB;324;40,06;72,70
1017;29/09/2025 07:00:00;URB;226;35,19;-1,00
1018;29/09/2025 07:00:00;URB;256;37,35;81,90
1019;29/09/2025 07:00:00;M30;689;32,81;-1,00
1020;29/09/2025 07:00:00;URB;264;41,00;68,00
1021;29/09/2025 07:00:00;M30;825;32,85;72,40
1022;29/09/2025 07:00:00;URB;262;40,08;74,50
1023;29/09/2025 07:00:00;URB;249;29,91;84,00
1024;29/09/2025 07:00:00;URB;301;40,57;74,50
1025;29/09/2025 07:00:00;M30;703;30,60;76,60
1026;29/09/2025 07:00:00;URB;270;37,52;82,20
1027;29/09/2025 07:00:00;M30;805;35,21;74,00
1028;29/09/2025 07:00:00;URB;286;42,19;69,90
1029;29/09/2025 07:00:00;URB;267;26,60;76,80
1030;29/09/2025 07:00:00;URB;264;42,18;67,90
1001;29/09/2025 08:00:00;M30;981;39,99;76,90
1002;29/09/2025 08:00:00;URB;346;54,66;68,60
1003;29/09/2025 08:00:00;M30;739;27,35;83,10
1004;29/09/2025 08:00:00;M30;984;48,02;66,60
1005;29/09/2025 08:00:00;M30;891;43,28;71,10
1006;29/09/2025 08:00:00;M30;680;31,77;74,10
1007;29/09/2025 08:00:00;M30;817;45,90;67,10
1008;29/09/2025 08:00:00;URB;280;29,53;74,60
1009;29/09/2025 08:00:00;M30;831;42,14;76,10
1010;29/09/2025 08:00:00;URB;287;45,56;67,40
1011;29/09/2025 08:00:00;URB;313;42,60;73,70
1012;29/09/2025 08:00:00;M30;847;37,69;76,50
1013;29/09/2025 08:00:00;URB;274;31,32;81,30
1014;29/09/2025 08:00:00;URB;283;34,80;79,60
1015;29/09/2025 08:00:00;M30;868;32,01;75,40
1016;29/09/2025 08:00:00;URB;343;43,56;-1,00
1017;29/09/2025 08:00:00;URB;273;37,67;80,00
1018;29/09/2025 08:00:00;URB;345;37,91;-1,00
1019;29/09/2025 08:00:00;M30;810;45,81;65,40
1020;29/09/2025 08:00:00;URB;335;53,17;67,00
1021;29/09/2025 08:00:00;M30;859;47,56;61,10
1022;29/09/2025 08:00:00;URB;310;30,22;75,30
1023;29/09/2025 08:00:00;URB;314;42,60;-1,00
1024;29/09/2025 08:00:00;URB;284;39,62;70,70
1025;29/09/2025 08:00:00;M30;833;48,53;62,60
1026;29/09/2025 08:00:00;URB;342;47,83;66,20
1027;29/09/2025 08:00:00;M30;913;48,05;63,90
1028;29/09/2025 08:00:00;URB;297;42,08;-1,00
1029;29/09/2025 08:00:00;URB;323;45,53;74,00
1030;29/09/2025 08:00:00;URB;343;38,05;70,70
1001;29/09/2025 09:00:00;M30;903;50,53;66,30
1002;29/09/2025 09:00:00;URB;286;40,01;77,20
1003;29/09/2025 09:00:00;M30;957;51,66;67,30
1004;29/09/2025 09:00:00;M30;823;47,46;72,30
1005;29/09/2025 09:00:00;M30;926;44,66;-1,00
1006;29/09/2025 09:00:00;M30;904;44,04;68,80
1007;29/09/2025 09:00:00;M30;806;43,14;72,20
1008;29/09/2025 09:00:00;URB;286;39,64;71,50
1009;29/09/2025 09:00:00;M30;963;43,37;-1,00
1010;29/09/2025 09:00:00;URB;274;31,89;-1,00
1011;29/09/2025 09:00:00;URB;321;44,34;66,40
1012;29/09/2025 09:00:00;M30;990;41,78;76,40
1013;29/09/2025 09:00:00;URB;331;50,94;64,40
1014;29/09/2025 09:00:00;URB;302;45,49;69,90
1015;29/09/2025 09:00:00;M30;937;33,98;80,00
1016;29/09/2025 09:00:00;URB;301;26,02;76,50
1017;29/09/2025 09:00:00;URB;372;51,23;69,70
1018;29/09/2025 09:00:00;URB;314;39,81;-1,00
1019;29/09/2025 09:00:00;M30;837;44,62;74,00
1020;29/09/2025 09:00:00;URB;318;40,83;72,10
1021;29/09/2025 09:00:00;M30;953;52,65;64,60
1022;29/09/2025 09:00:00;URB;319;46,36;73,10
1023;29/09/2025 09:00:00;URB;284;41,67;70,50
1024;29/09/2025 09:00:00;URB;345;44,83;78,30
1025;29/09/2025 09:00:00;M30;871;41,28;72,00
1026;29/09/2025 09:00:00;URB;254;30,64;73,70
1027;29/09/2025 09:00:00;M30;762;39,68;69,80
1028;29/09/2025 09:00:00;URB;343;33,33;76,20
1029;29/09/2025 09:00:00;URB;333;41,99;74,80
1030;29/09/2025 09:00:00;URB;380;58,11;69,00
1001;29/09/2025 10:00:00;M30;719;15,76;87,60
1002;29/09/2025 10:00:00;URB;260;33,95;79,60
1003;29/09/2025 10:00:00;M30;677;38,67;-1,00
1004;29/09/2025 10:00:00;M30;757;45,25;73,60
1005;29/09/2025 10:00:00;M30;788;41,58;65,70
1006;29/09/2025 10:00:00;M30;813;46,55;70,50
1007;29/09/2025 10:00:00;M30;815;35,34;75,20
1008;29/09/2025 10:00:00;URB;268;35,05;77,70
1009;29/09/2025 10:00:00;M30;824;40,66;78,30
1010;29/09/2025 10:00:00;URB;270;39,63;74,50
1011;29/09/2025 10:00:00;URB;273;47,13;60,60
1012;29/09/2025 10:00:00;M30;791;30,65;73,20
1013;29/09/2025 10:00:00;URB;257;27,23;81,00
1014;29/09/2025 10:00:00;URB;271;34,25;75,10
1015;29/09/2025 10:00:00;M30;838;37,39;76,90
1016;29/09/2025 10:00:00;URB;285;47,68;71,30
1017;29/09/2025 10:00:00;URB;257;18,16;79,80
1018;29/09/2025 10:00:00;URB;267;37,50;73,30
1019;29/09/2025 10:00:00;M30;771;32,82;-1,00
1020;29/09/2025 10:00:00;URB;268;35,60;76,90
1021;29/09/2025 10:00:00;M30;798;31,61;73,10
1022;29/09/2025 10:00:00;URB;297;30,32;82,90
1023;29/09/2025 10:00:00;URB;288;35,21;68,70
1024;29/09/2025 10:00:00;URB;278;35,28;68,30
1025;29/09/2025 10:00:00;M30;660;30,22;83,00
1026;29/09/2025 10:00:00;URB;323;45,94;-1,00
1027;29/09/2025 10:00:00;M30;775;37,60;76,70
1028;29/09/2025 10:00:00;URB;342;49,37;68,80
1029;29/09/2025 10:00:00;URB;260;36,41;74,90
1030;29/09/2025 10:00:00;URB;215;28,44;77,30
1001;29/09/2025 11:00:00;M30;704;42,17;73,60
1002;29/09/2025 11:00:00;URB;209;28,20;81,00
1003;29/09/2025 11:00:00;M30;577;25,81;81,70
1004;29/09/2025 11:00:00;M30;569;31,45;69,10
1005;29/09/2025 11:00:00;M30;600;29,06;69,20
1006;29/09/2025 11:00:00;M30;526;24,56;77,10
1007;29/09/2025 11:00:00;M30;503;18,76;89,00
1008;29/09/2025 11:00:00;URB;219;27,75;83,60
1009;29/09/2025 11:00:00;M30;479;21,62;90,40
1010;29/09/2025 11:00:00;URB;194;21,67;84,20
1011;29/09/2025 11:00:00;URB;212;20,20;85,40
1012;29/09/2025 11:00:00;M30;637;35,72;83,10
1013;29/09/2025 11:00:00;URB;201;25,38;83,00
1014;29/09/2025 11:00:00;URB;227;29,27;84,40
1015;29/09/2025 11:00:00;M30;542;27,30;78,90
1016;29/09/2025 11:00:00;URB;219;31,77;80,50
1017;29/09/2025 11:00:00;URB;230;28,70;83,60
1018;29/09/2025 11:00:00;URB;213;24,36;77,50
1019;29/09/2025 11:00:00;M30;602;29,89;76,10
1020;29/09/2025 11:00:00;URB;213;37,98;75,30
1021;29/09/2025 11:00:00;M30;506;27,13;85,10
1022;29/09/2025 11:00:00;URB;182;23,86;85,00
1023;29/09/2025 11:00:00;URB;215;32,23;70,00
1024;29/09/2025 11:00:00;URB;196;15,19;88,60
1025;29/09/2025 11:00:00;M30;651;39,40;61,60
1026;29/09/2025 11:00:00;URB;201;31,75;76,60
1027;29/09/2025 11:00:00;M30;612;28,08;78,90
1028;29/09/2025 11:00:00;URB;201;23,45;82,10
1029;29/09/2025 11:00:00;URB;211;24,64;81,50
1030;29/09/2025 11:00:00;URB;215;30,93;80,00
1001;29/09/2025 12:00:00;M30;471;25,07;76,70
1002;29/09/2025 12:00:00;URB;188;16,42;81,80
1003;29/09/2025 12:00:00;M30;436;29,15;84,80
1004;29/09/2025 12:00:00;M30;501;24,24;73,60
1005;29/09/2025 12:00:00;M30;513;21,93;-1,00
1006;29/09/2025 12:00:00;M30;411;17,28;86,60
1007;29/09/2025 12:00:00;M30;455;15,08;87,50
1008;29/09/2025 12:00:00;URB;153;14,49;91,30
1009;29/09/2025 12:00:00;M30;426;23,17;83,60
1010;29/09/2025 12:00:00;URB;146;20,54;83,10
1011;29/09/2025 12:00:00;URB;175;25,58;-1,00
1012;29/09/2025 12:00:00;M30;440;20,82;83,20
1013;29/09/2025 12:00:00;URB;125;13,93;86,70
1014;29/09/2025 12:00:00;URB;160;24,67;79,40
1015;29/09/2025 12:00:00;M30;485;25,38;90,50
1016;29/09/2025 12:00:00;URB;142;20,65;88,40
1017;29/09/2025 12:00:00;URB;152;20,46;84,20
1018;29/09/2025 12:00:00;URB;188;25,55;74,40
1019;29/09/2025 12:00:00;M30;458;21,22;88,50
1020;29/09/2025 12:00:00;URB;145;23,30;82,00
1021;29/09/2025 12:00:00;M30;458;22,15;86,30
1022;29/09/2025 12:00:00;URB;168;21,12;79,20
1023;29/09/2025 12:00:00;URB;149;14,66;83,30
1024;29/09/2025 12:00:00;URB;167;27,44;80,60
1025;29/09/2025 12:00:00;M30;451;20,22;-1,00
1026;29/09/2025 12:00:00;URB;161;19,35;89,60
1027;29/09/2025 12:00:00;M30;442;21,97;82,30
1028;29/09/2025 12:00:00;URB;143;18,83;89,00
1029;29/09/2025 12:00:00;URB;165;20,82;83,80
1030;29/09/2025 12:00:00;URB;185;24,94;83,80
1001;29/09/2025 13:00:00;M30;381;18,51;79,30
1002;29/09/2025 13:00:00;URB;109;13,80;90,40
1003;29/09/2025 13:00:00;M30;354;10,53;94,80
1004;29/09/2025 13:00:00;M30;364;11,78;95,70
1005;29/09/2025 13:00:00;M30;370;15,86;86,80
1006;29/09/2025 13:00:00;M30;367;19,20;87,60
1007;29/09/2025 13:00:00;M30;362;12,35;87,40
1008;29/09/2025 13:00:00;URB;123;15,62;84,90
1009;29/09/2025 13:00:00;M30;343;12,79;85,70
1010;29/09/2025 13:00:00;URB;119;18,14;90,20
1011;29/09/2025 13:00:00;URB;139;19,80;85,00
1012;29/09/2025 13:00:00;M30;370;18,96;80,20
1013;29/09/2025 13:00:00;URB;146;19,68;-1,00
1014;29/09/2025 13:00:00;URB;123;19,23;87,00
1015;29/09/2025 13:00:00;M30;332;10,09;94,10
1016;29/09/2025 13:00:00;URB;137;18,41;89,80
1017;29/09/2025 13:00:00;URB;140;19,34;82,50
1018;29/09/2025 13:00:00;URB;133;17,25;82,30
1019;29/09/2025 13:00:00;M30;303;11,64;91,80
1020;29/09/2025 13:00:00;URB;156;21,20;88,40
1021;29/09/2025 13:00:00;M30;353;19,48;88,50
1022;29/09/2025 13:00:00;URB;126;14,01;83,30
1023;29/09/2025 13:00:00;URB;148;16,92;86,10
1024;29/09/2025 13:00:00;URB;133;16,06;73,40
1025;29/09/2025 13:00:00;M30;398;16,80;81,70
1026;29/09/2025 13:00:00;URB;141;13,82;85,70
1027;29/09/2025 13:00:00;M30;354;13,49;84,50
1028;29/09/2025 13:00:00;URB;142;19,15;85,40
1029;29/09/2025 13:00:00;URB;145;19,82;83,30
1030;29/09/2025 13:00:00;URB;142;17,85;92,00
1001;29/09/2025 14:00:00;M30;463;21,39;92,10
1002;29/09/2025 14:00:00;URB;120;15,28;-1,00
1003;29/09/2025 14:00:00;M30;331;12,48;83,70
1004;29/09/2025 14:00:00;M30;339;14,88;89,60
1005;29/09/2025 14:00:00;M30;351;14,52;87,20
1006;29/09/2025 14:00:00;M30;359;14,83;90,30
1007;29/09/2025 14:00:00;M30;367;20,55;-1,00
1008;29/09/2025 14:00:00;URB;121;11,64;85,50
1009;29/09/2025 14:00:00;M30;321;16,75;76,90
1010;29/09/2025 14:00:00;URB;147;19,82;86,50
1011;29/09/2025 14:00:00;URB;143;14,69;82,90
1012;29/09/2025 14:00:00;M30;417;15,05;88,00
1013;29/09/2025 14:00:00;URB;143;23,54;77,70
1014;29/09/2025 14:00:00;URB;135;17,60;85,80
1015;29/09/2025 14:00:00;M30;317;18,79;80,10
1016;29/09/2025 14:00:00;URB;157;15,55;91,50
1017;29/09/2025 14:00:00;URB;137;18,23;90,90
1018;29/09/2025 14:00:00;URB;114;15,43;84,30
1019;29/09/2025 14:00:00;M30;338;16,34;81,30
1020;29/09/2025 14:00:00;URB;132;10,82;87,80
1021;29/09/2025 14:00:00;M30;385;26,84;83,40
1022;29/09/2025 14:00:00;URB;129;14,98;88,70
1023;29/09/2025 14:00:00;URB;147;17,94;88,30
1024;29/09/2025 14:00:00;URB;150;18,73;-1,00
1025;29/09/2025 14:00:00;M30;368;22,40;93,80
1026;29/09/2025 14:00:00;URB;116;14,21;89,50
1027;29/09/2025 14:00:00;M30;349;15,68;-1,00
1028;29/09/2025 14:00:00;URB;135;21,14;82,00
1029;29/09/2025 14:00:00;URB;157;19,34;-1,00
1030;29/09/2025 14:00:00;URB;137;18,92;86,70
1001;29/09/2025 15:00:00;M30;440;16,23;87,50
1002;29/09/2025 15:00:00;URB;159;21,62;86,60
1003;29/09/2025 15:00:00;M30;536;24,25;76,30
1004;29/09/2025 15:00:00;M30;354;9,14;99,80
1005;29/09/2025 15:00:00;M30;455;23,11;82,40
1006;29/09/2025 15:00:00;M30;479;20,10;86,60
1007;29/09/2025 15:00:00;M30;492;18,87;90,30
1008;29/09/2025 15:00:00;URB;181;26,18;76,30
1009;29/09/2025 15:00:00;M30;387;19,19;82,90
1010;29/09/2025 15:00:00;URB;156;14,70;87,00
1011;29/09/2025 15:00:00;URB;151;19,76;84,50
1012;29/09/2025 15:00:00;M30;520;22,04;78,50
1013;29/09/2025 15:00:00;URB;172;26,95;81,90
1014;29/09/2025 15:00:00;URB;163;18,82;86,10
1015;29/09/2025 15:00:00;M30;431;20,29;-1,00
1016;29/09/2025 15:00:00;URB;197;27,49;75,80
1017;29/09/2025 15:00:00;URB;202;23,65;85,30
1018;29/09/2025 15:00:00;URB;175;17,25;85,70
1019;29/09/2025 15:00:00;M30;511;24,43;87,20
1020;29/09/2025 15:00:00;URB;164;20,96;81,60
1021;29/09/2025 15:00:00;M30;445;16,56;-1,00
1022;29/09/2025 15:00:00;URB;144;16,68;81,30
1023;29/09/2025 15:00:00;URB;175;20,69;76,60
1024;29/09/2025 15:00:00;URB;162;15,42;90,30
1025;29/09/2025 15:00:00;M30;454;17,16;87,40
1026;29/09/2025 15:00:00;URB;165;17,78;78,20
1027;29/09/2025 15:00:00;M30;588;26,52;84,30
1028;29/09/2025 15:00:00;URB;182;19,27;86,80
1029;29/09/2025 15:00:00;URB;166;13,06;86,30
1030;29/09/2025 15:00:00;URB;163;17,69;85,20
1001;29/09/2025 16:00:00;M30;557;27,05;81,10
1002;29/09/2025 16:00:00;URB;195;15,64;88,30
1003;29/09/2025 16:00:00;M30;616;24,54;74,70
1004;29/09/2025 16:00:00;M30;533;26,88;76,20
1005;29/09/2025 16:00:00;M30;595;21,78;80,50
1006;29/09/2025 16:00:00;M30;635;28,72;83,80
1007;29/09/2025 16:00:00;M30;581;30,05;76,70
1008;29/09/2025 16:00:00;URB;197;24,57;82,80
1009;29/09/2025 16:00:00;M30;618;32,60;-1,00
1010;29/09/2025 16:00:00;URB;176;23,40;-1,00
1011;29/09/2025 16:00:00;URB;216;29,55;78,30
1012;29/09/2025 16:00:00;M30;669;30,78;74,90
1013;29/09/2025 16:00:00;URB;187;30,35;82,10
1014;29/09/2025 16:00:00;URB;226;26,13;84,80
1015;29/09/2025 16:00:00;M30;624;24,78;83,50
1016;29/09/2025 16:00:00;URB;184;22,25;77,40
1017;29/09/2025 16:00:00;URB;228;25,37;75,30
1018;29/09/2025 16:00:00;URB;248;33,57;70,30
1019;29/09/2025 16:00:00;M30;589;33,57;75,80
1020;29/09/2025 16:00:00;URB;246;26,78;74,80
1021;29/09/2025 16:00:00;M30;531;25,22;84,10
1022;29/09/2025 16:00:00;URB;251;33,23;79,30
1023;29/09/2025 16:00:00;URB;188;19,58;-1,00
1024;29/09/2025 16:00:00;URB;185;24,95;78,90
1025;29/09/2025 16:00:00;M30;651;25,24;84,70
1026;29/09/2025 16:00:00;URB;202;32,90;79,40
1027;29/09/2025 16:00:00;M30;645;29,15;82,70
1028;29/09/2025 16:00:00;URB;242;37,77;69,50
1029;29/09/2025 16:00:00;URB;222;30,10;79,30
1030;29/09/2025 16:00:00;URB;216;36,69;69,60
1001;29/09/2025 17:00:00;M30;722;39,80;74,10
1002;29/09/2025 17:00:00;URB;309;40,84;74,00
1003;29/09/2025 17:00:00;M30;733;28,37;80,10
1004;29/09/2025 17:00:00;M30;879;40,01;74,80
1005;29/09/2025 17:00:00;M30;831;34,52;75,60
1006;29/09/2025 17:00:00;M30;663;30,97;76,30
1007;29/09/2025 17:00:00;M30;901;43,05;68,10
1008;29/09/2025 17:00:00;URB;311;15,98;90,70
1009;29/09/2025 17:00:00;M30;804;26,86;75,10
1010;29/09/2025 17:00:00;URB;265;33,86;69,50
1011;29/09/2025 17:00:00;URB;339;43,39;72,90
1012;29/09/2025 17:00:00;M30;793;33,33;76,10
1013;29/09/2025 17:00:00;URB;260;35,48;74,20
1014;29/09/2025 17:00:00;URB;305;40,76;76,00
1015;29/09/2025 17:00:00;M30;828;25,63;81,30
1016;29/09/2025 17:00:00;URB;252;34,99;-1,00
1017;29/09/2025 17:00:00;URB;302;46,22;66,70
1018;29/09/2025 17:00:00;URB;326;42,67;73,20
1019;29/09/2025 17:00:00;M30;763;34,00;78,10
1020;29/09/2025 17:00:00;URB;271;26,22;78,00
1021;29/09/2025 17:00:00;M30;799;34,98;84,70
1022;29/09/2025 17:00:00;URB;277;41,81;64,30
1023;29/09/2025 17:00:00;URB;247;25,70;79,80
1024;29/09/2025 17:00:00;URB;254;30,24;80,60
1025;29/09/2025 17:00:00;M30;848;38,42;72,10
1026;29/09/2025 17:00:00;URB;234;29,46;77,00
1027;29/09/2025 17:00:00;M30;746;26,84;85,00
1028;29/09/2025 17:00:00;URB;248;40,24;65,80
1029;29/09/2025 17:00:00;URB;297;34,37;74,50
1030;29/09/2025 17:00:00;URB;285;34,28;77,00
1001;29/09/2025 18:00:00;M30;1.026;32,88;79,10
1002;29/09/2025 18:00:00;URB;285;22,19;-1,00
1003;29/09/2025 18:00:00;M30;839;36,65;-1,00
1004;29/09/2025 18:00:00;M30;828;27,49;89,00
1005;29/09/2025 18:00:00;M30;776;31,58;78,90
1006;29/09/2025 18:00:00;M30;1.148;60,45;61,30
1007;29/09/2025 18:00:00;M30;914;39,98;70,30
1008;29/09/2025 18:00:00;URB;284;47,66;64,70
1009;29/09/2025 18:00:00;M30;984;35,97;-1,00
1010;29/09/2025 18:00:00;URB;362;39,18;76,50
1011;29/09/2025 18:00:00;URB;310;39,87;77,20
1012;29/09/2025 18:00:00;M30;998;39,27;74,20
1013;29/09/2025 18:00:00;URB;299;42,84;74,70
1014;29/09/2025 18:00:00;URB;363;39,13;71,90
1015;29/09/2025 18:00:00;M30;1.080;71,48;-1,00
1016;29/09/2025 18:00:00;URB;371;50,95;70,50
1017;29/09/2025 18:00:00;URB;348;32,54;76,40
1018;29/09/2025 18:00:00;URB;352;44,36;-1,00
1019;29/09/2025 18:00:00;M30;1.128;60,96;59,80
1020;29/09/2025 18:00:00;URB;353;44,64;60,40
1021;29/09/2025 18:00:00;M30;908;31,36;-1,00
1022;29/09/2025 18:00:00;URB;387;55,94;61,80
1023;29/09/2025 18:00:00;URB;319;32,82;77,80
1024;29/09/2025 18:00:00;URB;331;38,46;73,70
1025;29/09/2025 18:00:00;M30;883;46,51;72,60
1026;29/09/2025 18:00:00;URB;321;46,71;-1,00
1027;29/09/2025 18:00:00;M30;1.106;41,13;78,70
1028;29/09/2025 18:00:00;URB;331;50,56;67,00
1029;29/09/2025 18:00:00;URB;368;38,00;80,10
1030;29/09/2025 18:00:00;URB;415;63,01;55,50
1001;29/09/2025 19:00:00;M30;1.079;54,72;59,90
1002;29/09/2025 19:00:00;URB;389;56,59;59,70
1003;29/09/2025 19:00:00;M30;1.045;32,11;75,70
1004;29/09/2025 19:00:00;M30;881;51,77;61,80
1005;29/09/2025 19:00:00;M30;1.085;56,83;68,90
1006;29/09/2025 19:00:00;M30;837;34,89;-1,00
1007;29/09/2025 19:00:00;M30;905;46,89;73,10
1008;29/09/2025 19:00:00;URB;321;41,18;72,00
1009;29/09/2025 19:00:00;M30;953;48,87;-1,00
1010;29/09/2025 19:00:00;URB;391;42,98;74,70
1011;29/09/2025 19:00:00;URB;349;51,29;73,80
1012;29/09/2025 19:00:00;M30;1.100;44,20;68,60
1013;29/09/2025 19:00:00;URB;302;51,87;58,80
1014;29/09/2025 19:00:00;URB;345;42,34;73,10
1015;29/09/2025 19:00:00;M30;1.091;32,48;81,00
1016;29/09/2025 19:00:00;URB;400;47,52;-1,00
1017;29/09/2025 19:00:00;URB;404;52,12;65,10
1018;29/09/2025 19:00:00;URB;299;37,81;76,70
1019;29/09/2025 19:00:00;M30;1.151;54,15;66,50
1020;29/09/2025 19:00:00;URB;365;49,33;-1,00
1021;29/09/2025 19:00:00;M30;962;38,96;77,60
1022;29/09/2025 19:00:00;URB;438;64,40;62,80
1023;29/09/2025 19:00:00;URB;412;55,53;62,70
1024;29/09/2025 19:00:00;URB;348;56,48;66,00
1025;29/09/2025 19:00:00;M30;1.027;54,44;64,20
1026;29/09/2025 19:00:00;URB;374;45,70;70,50
1027;29/09/2025 19:00:00;M30;1.151;27,46;78,60
1028;29/09/2025 19:00:00;URB;381;42,03;70,00
1029;29/09/2025 19:00:00;URB;399;57,06;62,00
1030;29/09/2025 19:00:00;URB;364;51,47;72,90
1001;29/09/2025 20:00:00;M30;957;42,89;66,20
1002;29/09/2025 20:00:00;URB;276;37,51;77,90
1003;29/09/2025 20:00:00;M30;1.064;41,37;72,60
1004;29/09/2025 20:00:00;M30;1.045;57,03;69,10
1005;29/09/2025 20:00:00;M30;1.027;43,71;-1,00
1006;29/09/2025 20:00:00;M30;986;37,42;76,40
1007;29/09/2025 20:00:00;M30;892;25,54;83,30
1008;29/09/2025 20:00:00;URB;318;56,27;67,80
1009;29/09/2025 20:00:00;M30;944;51,41;67,60
1010;29/09/2025 20:00:00;URB;316;46,27;67,60
1011;29/09/2025 20:00:00;URB;312;29,17;80,60
1012;29/09/2025 20:00:00;M30;976;52,59;66,50
1013;29/09/2025 20:00:00;URB;341;61,06;59,30
1014;29/09/2025 20:00:00;URB;389;51,17;65,00
1015;29/09/2025 20:00:00;M30;928;32,92;-1,00
1016;29/09/2025 20:00:00;URB;373;58,32;60,40
1017;29/09/2025 20:00:00;URB;338;39,24;70,00
1018;29/09/2025 20:00:00;URB;340;49,07;-1,00
1019;29/09/2025 20:00:00;M30;1.015;44,73;70,10
1020;29/09/2025 20:00:00;URB;377;48,03;69,60
1021;29/09/2025 20:00:00;M30;889;37,24;77,80
1022;29/09/2025 20:00:00;URB;318;52,31;65,00
1023;29/09/2025 20:00:00;URB;308;40,10;69,10
1024;29/09/2025 20:00:00;URB;292;42,79;66,10
1025;29/09/2025 20:00:00;M30;955;39,21;-1,00
1026;29/09/2025 20:00:00;URB;348;48,91;73,50
1027;29/09/2025 20:00:00;M30;1.059;60,03;52,40
1028;29/09/2025 20:00:00;URB;342;42,85;-1,00
1029;29/09/2025 20:00:00;URB;347;44,18;67,90
1030;29/09/2025 20:00:00;URB;282;25,94;83,50
1001;29/09/2025 21:00:00;M30;744;25,37;-1,00
1002;29/09/2025 21:00:00;URB;221;20,38;-1,00
1003;29/09/2025 21:00:00;M30;902;49,51;-1,00
1004;29/09/2025 21:00:00;M30;773;33,51;82,20
1005;29/09/2025 21:00:00;M30;851;40,95;-1,00
1006;29/09/2025 21:00:00;M30;719;40,73;73,90
1007;29/09/2025 21:00:00;M30;785;22,80;84,80
1008;29/09/2025 21:00:00;URB;251;44,52;65,40
1009;29/09/2025 21:00:00;M30;768;42,59;68,50
1010;29/09/2025 21:00:00;URB;266;40,95;74,80
1011;29/09/2025 21:00:00;URB;257;38,36;72,10
1012;29/09/2025 21:00:00;M30;727;37,81;79,60
1013;29/09/2025 21:00:00;URB;308;50,20;72,90
1014;29/09/2025 21:00:00;URB;246;28,64;80,30
1015;29/09/2025 21:00:00;M30;756;37,17;78,50
1016;29/09/2025 21:00:00;URB;233;35,88;73,70
1017;29/09/2025 21:00:00;URB;308;36,76;69,20
1018;29/09/2025 21:00:00;URB;279;38,39;75,40
1019;29/09/2025 21:00:00;M30;712;25,34;81,80
1020;29/09/2025 21:00:00;URB;300;51,97;-1,00
1021;29/09/2025 21:00:00;M30;805;49,59;65,20
1022;29/09/2025 21:00:00;URB;266;21,08;79,70
1023;29/09/2025 21:00:00;URB;260;29,33;77,60
1024;29/09/2025 21:00:00;URB;256;26,30;91,00
1025;29/09/2025 21:00:00;M30;879;49,45;68,80
1026;29/09/2025 21:00:00;URB;305;30,91;78,50
1027;29/09/2025 21:00:00;M30;774;44,52;70,90
1028;29/09/2025 21:00:00;URB;303;45,51;70,90
1029;29/09/2025 21:00:00;URB;304;43,19;71,30
1030;29/09/2025 21:00:00;URB;247;29,93;75,90
1001;29/09/2025 22:00:00;M30;603;31,85;81,50
1002;29/09/2025 22:00:00;URB;233;31,48;75,60
1003;29/09/2025 22:00:00;M30;591;22,32;87,20
1004;29/09/2025 22:00:00;M30;674;29,63;79,70
1005;29/09/2025 22:00:00;M30;619;31,19;80,20
1006;29/09/2025 22:00:00;M30;720;31,84;75,50
1007;29/09/2025 22:00:00;M30;595;23,15;74,80
1008;29/09/2025 22:00:00;URB;188;24,09;89,80
1009;29/09/2025 22:00:00;M30;549;18,35;93,30
1010;29/09/2025 22:00:00;URB;207;19,19;82,80
1011;29/09/2025 22:00:00;URB;238;35,85;76,20
1012;29/09/2025 22:00:00;M30;673;30,60;80,20
1013;29/09/2025 22:00:00;URB;225;21,06;92,30
1014;29/09/2025 22:00:00;URB;187;33,00;81,70
1015;29/09/2025 22:00:00;M30;548;25,42;75,90
1016;29/09/2025 22:00:00;URB;173;21,83;80,80
1017;29/09/2025 22:00:00;URB;210;26,60;-1,00
1018;29/09/2025 22:00:00;URB;185;28,57;85,00
1019;29/09/2025 22:00:00;M30;596;32,22;85,80
1020;29/09/2025 22:00:00;URB;220;27,71;72,70
1021;29/09/2025 22:00:00;M30;604;23,08;-1,00
1022;29/09/2025 22:00:00;URB;234;34,11;79,20
1023;29/09/2025 22:00:00;URB;221;34,16;77,80
1024;29/09/2025 22:00:00;URB;222;30,26;-1,00
1025;29/09/2025 22:00:00;M30;655;34,38;74,70
1026;29/09/2025 22:00:00;URB;243;33,49;76,10
1027;29/09/2025 22:00:00;M30;600;24,16;81,80
1028;29/09/2025 22:00:00;URB;223;27,37;84,70
1029;29/09/2025 22:00:00;URB;227;25,58;-1,00
1030;29/09/2025 22:00:00;URB;175;20,31;81,60
1001;29/09/2025 23:00:00;M30;433;18,58;84,50
1002;29/09/2025 23:00:00;URB;152;14,59;84,80
1003;29/09/2025 23:00:00;M30;417;19,68;86,30
1004;29/09/2025 23:00:00;M30;358;16,18;91,10
1005;29/09/2025 23:00:00;M30;504;29,42;74,70
1006;29/09/2025 23:00:00;M30;496;17,47;90,30
1007;29/09/2025 23:00:00;M30;568;15,58;95,00
1008;29/09/2025 23:00:00;URB;171;23,92;81,30
1009;29/09/2025 23:00:00;M30;439;19,36;-1,00
1010;29/09/2025 23:00:00;URB;163;18,68;89,10
1011;29/09/2025 23:00:00;URB;160;27,15;74,40
1012;29/09/2025 23:00:00;M30;474;19,82;85,10
1013;29/09/2025 23:00:00;URB;176;23,16;80,70
1014;29/09/2025 23:00:00;URB;168;20,84;92,20
1015;29/09/2025 23:00:00;M30;424;24,59;80,10
1016;29/09/2025 23:00:00;URB;163;21,70;-1,00
1017;29/09/2025 23:00:00;URB;167;18,01;81,80
1018;29/09/2025 23:00:00;URB;152;16,88;90,80
1019;29/09/2025 23:00:00;M30;501;22,86;82,10
1020;29/09/2025 23:00:00;URB;191;31,50;85,60
1021;29/09/2025 23:00:00;M30;456;20,40;83,40
1022;29/09/2025 23:00:00;URB;168;17,60;84,10
1023;29/09/2025 23:00:00;URB;147;14,66;82,70
1024;29/09/2025 23:00:00;URB;165;21,24;85,70
1025;29/09/2025 23:00:00;M30;465;15,61;89,00
1026;29/09/2025 23:00:00;URB;124;18,70;82,00
1027;29/09/2025 23:00:00;M30;493;24,49;78,40
1028;29/09/2025 23:00:00;URB;161;19,73;-1,00
1029;29/09/2025 23:00:00;URB;171;19,45;81,40
1030;29/09/2025 23:00:00;URB;178;25,83;79,70
1001;30/09/2025 00:00:00;M30;317;13,97;83,80
1002;30/09/2025 00:00:00;URB;126;15,10;84,40
1003;30/09/2025 00:00:00;M30;289;12,67;88,50
1004;30/09/2025 00:00:00;M30;285;13,18;78,80
1005;30/09/2025 00:00:00;M30;326;13,74;90,50
1006;30/09/2025 00:00:00;M30;337;22,11;84,60
1007;30/09/2025 00:00:00;M30;299;14,75;85,60
1008;30/09/2025 00:00:00;URB;116;13,81;86,20
1009;30/09/2025 00:00:00;M30;355;14,43;85,00
1010;30/09/2025 00:00:00;URB;113;12,95;94,70
1011;30/09/2025 00:00:00;URB;102;13,23;90,30
1012;30/09/2025 00:00:00;M30;305;17,33;86,20
1013;30/09/2025 00:00:00;URB;122;11,70;88,10
1014;30/09/2025 00:00:00;URB;118;14,22;85,80
1015;30/09/2025 00:00:00;M30;360;19,53;81,80
1016;30/09/2025 00:00:00;URB;124;17,63;85,90
1017;30/09/2025 00:00:00;URB;104;13,28;88,50
1018;30/09/2025 00:00:00;URB;101;14,39;93,70
1019;30/09/2025 00:00:00;M30;292;17,54;-1,00
1020;30/09/2025 00:00:00;URB;112;14,35;85,70
1021;30/09/2025 00:00:00;M30;369;16,32;80,00
1022;30/09/2025 00:00:00;URB;122;16,73;81,40
1023;30/09/2025 00:00:00;URB;111;13,13;88,40
1024;30/09/2025 00:00:00;URB;117;15,84;94,10
1025;30/09/2025 00:00:00;M30;358;19,96;-1,00
1026;30/09/2025 00:00:00;URB;117;11,92;80,00
1027;30/09/2025 00:00:00;M30;377;19,69;-1,00
1028;30/09/2025 00:00:00;URB;110;14,95;81,40
1029;30/09/2025 00:00:00;URB;123;16,48;85,80
1030;30/09/2025 00:00:00;URB;125;18,30;79,10
1001;30/09/2025 01:00:00;M30;294;12,39;91,00
1002;30/09/2025 01:00:00;URB;108;12,33;88,90
1003;30/09/2025 01:00:00;M30;323;15,75;89,90
1004;30/09/2025 01:00:00;M30;307;16,84;-1,00
1005;30/09/2025 01:00:00;M30;327;15,55;81,60
1006;30/09/2025 01:00:00;M30;287;12,46;89,20
1007;30/09/2025 01:00:00;M30;314;16,04;88,20
1008;30/09/2025 01:00:00;URB;123;16,91;85,80
1009;30/09/2025 01:00:00;M30;328;16,23;83,70
1010;30/09/2025 01:00:00;URB;105;17,60;87,30
1011;30/09/2025 01:00:00;URB;100;13,74;90,60
1012;30/09/2025 01:00:00;M30;287;15,14;92,10
1013;30/09/2025 01:00:00;URB;110;14,20;89,70
1014;30/09/2025 01:00:00;URB;107;11,47;89,60
1015;30/09/2025 01:00:00;M30;350;18,87;88,90
1016;30/09/2025 01:00:00;URB;119;16,97;85,20
1017;30/09/2025 01:00:00;URB;110;20,25;88,90
1018;30/09/2025 01:00:00;URB;127;13,43;83,90
1019;30/09/2025 01:00:00;M30;300;17,94;82,90
1020;30/09/2025 01:00:00;URB;120;14,71;87,20
1021;30/09/2025 01:00:00;M30;310;14,85;83,20
1022;30/09/2025 01:00:00;URB;133;20,03;80,50
1023;30/09/2025 01:00:00;URB;114;13,67;87,30
1024;30/09/2025 01:00:00;URB;97;13,41;95,60
1025;30/09/2025 01:00:00;M30;297;14,23;90,90
1026;30/09/2025 01:00:00;URB;102;14,62;88,00
1027;30/09/2025 01:00:00;M30;322;15,05;-1,00
1028;30/09/2025 01:00:00;URB;110;12,53;87,90
1029;30/09/2025 01:00:00;URB;109;13,94;87,30
1030;30/09/2025 01:00:00;URB;109;12,69;91,20
1001;30/09/2025 02:00:00;M30;323;14,41;91,00
1002;30/09/2025 02:00:00;URB;89;11,23;89,70
1003;30/09/2025 02:00:00;M30;311;13,04;83,10
1004;30/09/2025 02:00:00;M30;320;9,92;83,20
1005;30/09/2025 02:00:00;M30;355;15,49;80,50
1006;30/09/2025 02:00:00;M30;289;11,61;83,10
1007;30/09/2025 02:00:00;M30;355;16,62;83,70
1008;30/09/2025 02:00:00;URB;121;18,13;80,40
1009;30/09/2025 02:00:00;M30;316;17,49;87,60
1010;30/09/2025 02:00:00;URB;110;15,22;89,30
1011;30/09/2025 02:00:00;URB;106;16,87;89,50
1012;30/09/2025 02:00:00;M30;356;18,48;81,50
1013;30/09/2025 02:00:00;URB;117;15,43;83,10
1014;30/09/2025 02:00:00;URB;103;13,52;94,00
1015;30/09/2025 02:00:00;M30;254;9,92;93,90
1016;30/09/2025 02:00:00;URB;106;13,94;88,30
1017;30/09/2025 02:00:00;URB;108;11,05;88,20
1018;30/09/2025 02:00:00;URB;122;16,08;-1,00
1019;30/09/2025 02:00:00;M30;347;14,48;90,90
1020;30/09/2025 02:00:00;URB;99;12,52;91,30
1021;30/09/2025 02:00:00;M30;260;11,87;92,60
1022;30/09/2025 02:00:00;URB;124;15,73;82,90
1023;30/09/2025 02:00:00;URB;132;16,33;-1,00
1024;30/09/2025 02:00:00;URB;106;17,15;86,90
1025;30/09/2025 02:00:00;M30;321;17,48;-1,00
1026;30/09/2025 02:00:00;URB;125;12,26;89,60
1027;30/09/2025 02:00:00;M30;323;14,68;81,70
1028;30/09/2025 02:00:00;URB;118;14,19;-1,00
1029;30/09/2025 02:00:00;URB;126;22,28;91,60
1030;30/09/2025 02:00:00;URB;129;22,12;85,20
1001;30/09/2025 03:00:00;M30;305;18,02;81,10
1002;30/09/2025 03:00:00;URB;128;16,35;87,80
1003;30/09/2025 03:00:00;M30;348;17,56;80,00
1004;30/09/2025 03:00:00;M30;339;15,35;-1,00
1005;30/09/2025 03:00:00;M30;340;18,35;85,20
1006;30/09/2025 03:00:00;M30;301;12,09;92,80
1007;30/09/2025 03:00:00;M30;361;14,71;88,50
1008;30/09/2025 03:00:00;URB;91;11,76;86,90
1009;30/09/2025 03:00:00;M30;303;9,18;86,50
1010;30/09/2025 03:00:00;URB;101;12,10;87,10
1011;30/09/2025 03:00:00;URB;121;16,13;89,90
1012;30/09/2025 03:00:00;M30;397;18,73;90,40
1013;30/09/2025 03:00:00;URB;118;15,25;85,00
1014;30/09/2025 03:00:00;URB;117;14,99;86,40
1015;30/09/2025 03:00:00;M30;308;12,59;89,00
1016;30/09/2025 03:00:00;URB;133;13,08;-1,00
1017;30/09/2025 03:00:00;URB;99;13,47;85,20
1018;30/09/2025 03:00:00;URB;127;18,11;83,40
1019;30/09/2025 03:00:00;M30;370;16,54;82,60
1020;30/09/2025 03:00:00;URB;124;12,07;87,80
1021;30/09/2025 03:00:00;M30;306;14,81;85,90
1022;30/09/2025 03:00:00;URB;125;22,67;74,80
1023;30/09/2025 03:00:00;URB;138;18,43;89,30
1024;30/09/2025 03:00:00;URB;124;19,50;84,30
1025;30/09/2025 03:00:00;M30;304;11,45;94,90
1026;30/09/2025 03:00:00;URB;105;10,60;95,10
1027;30/09/2025 03:00:00;M30;358;17,07;91,60
1028;30/09/2025 03:00:00;URB;113;18,61;88,10
1029;30/09/2025 03:00:00;URB;130;19,05;87,80
1030;30/09/2025 03:00:00;URB;117;16,56;-1,00
1001;30/09/2025 04:00:00;M30;384;17,35;84,00
1002;30/09/2025 04:00:00;URB;107;7,09;91,40
1003;30/09/2025 04:00:00;M30;364;17,36;91,90
1004;30/09/2025 04:00:00;M30;407;24,64;80,90
1005;30/09/2025 04:00:00;M30;345;17,65;-1,00
1006;30/09/2025 04:00:00;M30;338;11,97;87,50
1007;30/09/2025 04:00:00;M30;382;12,88;81,80
1008;30/09/2025 04:00:00;URB;104;10,89;88,00
1009;30/09/2025 04:00:00;M30;371;17,08;85,10
1010;30/09/2025 04:00:00;URB;135;16,03;91,10
1011;30/09/2025 04:00:00;URB;117;17,18;92,10
1012;30/09/2025 04:00:00;M30;305;12,77;82,80
1013;30/09/2025 04:00:00;URB;120;18,98;82,70
1014;30/09/2025 04:00:00;URB;137;15,34;95,20
1015;30/09/2025 04:00:00;M30;355;17,58;87,50
1016;30/09/2025 04:00:00;URB;138;16,07;85,80
1017;30/09/2025 04:00:00;URB;127;14,41;94,90
1018;30/09/2025 04:00:00;URB;112;15,63;93,40
1019;30/09/2025 04:00:00;M30;381;13,56;92,50
1020;30/09/2025 04:00:00;URB;122;11,85;87,00
1021;30/09/2025 04:00:00;M30;359;20,40;86,60
1022;30/09/2025 04:00:00;URB;115;13,71;-1,00
1023;30/09/2025 04:00:00;URB;100;14,81;85,80
1024;30/09/2025 04:00:00;URB;138;16,89;87,00
1025;30/09/2025 04:00:00;M30;341;15,52;95,90
1026;30/09/2025 04:00:00;URB;135;15,72;-1,00
1027;30/09/2025 04:00:00;M30;338;15,69;91,20
1028;30/09/2025 04:00:00;URB;132;13,01;-1,00
1029;30/09/2025 04:00:00;URB;158;16,27;90,30
1030;30/09/2025 04:00:00;URB;139;19,84;90,70
1001;30/09/2025 05:00:00;M30;454;19,72;83,90
1002;30/09/2025 05:00:00;URB;171;18,19;83,50
1003;30/09/2025 05:00:00;M30;450;14,96;88,00
1004;30/09/2025 05:00:00;M30;481;20,38;87,40
1005;30/09/2025 05:00:00;M30;412;20,07;-1,00
1006;30/09/2025 05:00:00;M30;442;17,80;90,60
1007;30/09/2025 05:00:00;M30;389;23,47;86,40
1008;30/09/2025 05:00:00;URB;156;17,47;80,80
1009;30/09/2025 05:00:00;M30;421;17,03;82,40
1010;30/09/2025 05:00:00;URB;146;21,01;80,80
1011;30/09/2025 05:00:00;URB;146;19,20;82,70
1012;30/09/2025 05:00:00;M30;521;26,51;82,30
1013;30/09/2025 05:00:00;URB;162;15,60;84,20
1014;30/09/2025 05:00:00;URB;165;27,92;76,80
1015;30/09/2025 05:00:00;M30;477;25,00;82,40
1016;30/09/2025 05:00:00;URB;191;17,85;75,60
1017;30/09/2025 05:00:00;URB;150;21,15;-1,00
1018;30/09/2025 05:00:00;URB;139;17,54;84,40
1019;30/09/2025 05:00:00;M30;386;17,11;90,30
1020;30/09/2025 05:00:00;URB;166;20,63;85,10
1021;30/09/2025 05:00:00;M30;538;27,84;83,80
1022;30/09/2025 05:00:00;URB;159;22,77;90,50
1023;30/09/2025 05:00:00;URB;168;22,43;80,70
1024;30/09/2025 05:00:00;URB;131;14,26;87,20
1025;30/09/2025 05:00:00;M30;479;17,55;88,00
1026;30/09/2025 05:00:00;URB;157;17,09;92,30
1027;30/09/2025 05:00:00;M30;468;16,43;86,70
1028;30/09/2025 05:00:00;URB;165;23,65;80,20
1029;30/09/2025 05:00:00;URB;150;25,53;85,40
1030;30/09/2025 05:00:00;URB;154;16,07;87,30
1001;30/09/2025 06:00:00;M30;586;27,01;81,10
1002;30/09/2025 06:00:00;URB;202;28,07;73,20
1003;30/09/2025 06:00:00;M30;597;28,87;77,90
1004;30/09/2025 06:00:00;M30;663;28,58;79,00
1005;30/09/2025 06:00:00;M30;644;37,16;72,30
1006;30/09/2025 06:00:00;M30;485;18,86;80,20
1007;30/09/2025 06:00:00;M30;639;15,84;84,90
1008;30/09/2025 06:00:00;URB;216;23,52;84,60
1009;30/09/2025 06:00:00;M30;601;27,66;72,00
1010;30/09/2025 06:00:00;URB;166;28,73;76,90
1011;30/09/2025 06:00:00;URB;192;22,72;84,00
1012;30/09/2025 06:00:00;M30;515;20,33;73,80
1013;30/09/2025 06:00:00;URB;209;20,96;81,60
1014;30/09/2025 06:00:00;URB;242;33,05;76,20
1015;30/09/2025 06:00:00;M30;598;38,86;73,10
1016;30/09/2025 06:00:00;URB;186;20,81;76,00
1017;30/09/2025 06:00:00;URB;237;34,11;71,70
1018;30/09/2025 06:00:00;URB;187;21,40;89,00
1019;30/09/2025 06:00:00;M30;583;26,37;82,60
1020;30/09/2025 06:00:00;URB;220;32,95;70,70
1021;30/09/2025 06:00:00;M30;560;26,26;85,90
1022;30/09/2025 06:00:00;URB;156;22,33;82,40
1023;30/09/2025 06:00:00;URB;187;31,37;84,00
1024;30/09/2025 06:00:00;URB;214;29,61;85,50
1025;30/09/2025 06:00:00;M30;541;28,08;83,00
1026;30/09/2025 06:00:00;URB;233;27,94;81,90
1027;30/09/2025 06:00:00;M30;551;26,73;84,10
1028;30/09/2025 06:00:00;URB;214;30,02;75,10
1029;30/09/2025 06:00:00;URB;191;30,54;77,50
1030;30/09/2025 06:00:00;URB;159;17,32;89,60
1001;30/09/2025 07:00:00;M30;663;16,41;83,10
1002;30/09/2025 07:00:00;URB;303;40,11;72,30
1003;30/09/2025 07:00:00;M30;650;26,23;82,80
1004;30/09/2025 07:00:00;M30;704;31,25;76,60
1005;30/09/2025 07:00:00;M30;699;26,35;79,10
1006;30/09/2025 07:00:00;M30;838;38,89;73,40
1007;30/09/2025 07:00:00;M30;728;24,98;81,20
1008;30/09/2025 07:00:00;URB;287;38,62;65,90
1009;30/09/2025 07:00:00;M30;622;40,03;67,20
1010;30/09/2025 07:00:00;URB;264;33,96;74,40
1011;30/09/2025 07:00:00;URB;317;42,00;78,20
1012;30/09/2025 07:00:00;M30;811;38,88;74,60
1013;30/09/2025 07:00:00;URB;232;33,52;71,60
1014;30/09/2025 07:00:00;URB;254;31,36;84,50
1015;30/09/2025 07:00:00;M30;755;26,62;78,50
1016;30/09/2025 07:00:00;URB;247;31,64;73,30
1017;30/09/2025 07:00:00;URB;286;30,06;80,50
1018;30/09/2025 07:00:00;URB;244;30,20;78,90
1019;30/09/2025 07:00:00;M30;762;34,31;79,00
1020;30/09/2025 07:00:00;URB;249;25,66;77,20
1021;30/09/2025 07:00:00;M30;758;29,67;74,60
1022;30/09/2025 07:00:00;URB;313;44,50;80,60
1023;30/09/2025 07:00:00;URB;304;47,26;65,10
1024;30/09/2025 07:00:00;URB;302;31,25;77,90
1025;30/09/2025 07:00:00;M30;834;34,71;68,80
1026;30/09/2025 07:00:00;URB;289;47,22;73,90
1027;30/09/2025 07:00:00;M30;698;26,17;82,50
1028;30/09/2025 07:00:00;URB;257;22,81;80,00
1029;30/09/2025 07:00:00;URB;313;51,22;68,60
1030;30/09/2025 07:00:00;URB;242;35,96;75,30
1001;30/09/2025 08:00:00;M30;863;27,24;83,20
1002;30/09/2025 08:00:00;URB;272;33,92;80,30
1003;30/09/2025 08:00:00;M30;910;31,80;70,20
1004;30/09/2025 08:00:00;M30;1.043;62,54;71,30
1005;30/09/2025 08:00:00;M30;849;39,05;71,90
1006;30/09/2025 08:00:00;M30;940;39,86;66,70
1007;30/09/2025 08:00:00;M30;920;47,41;70,20
1008;30/09/2025 08:00:00;URB;299;48,08;62,10
1009;30/09/2025 08:00:00;M30;733;28,35;-1,00
1010;30/09/2025 08:00:00;URB;304;43,49;76,30
1011;30/09/2025 08:00:00;URB;322;32,58;81,20
1012;30/09/2025 08:00:00;M30;964;44,32;63,00
1013;30/09/2025 08:00:00;URB;323;50,84;69,90
1014;30/09/2025 08:00:00;URB;310;37,84;73,80
1015;30/09/2025 08:00:00;M30;1.083;66,95;59,40
1016;30/09/2025 08:00:00;URB;364;31,39;75,60
1017;30/09/2025 08:00:00;URB;298;43,08;75,80
1018;30/09/2025 08:00:00;URB;331;36,82;72,40
1019;30/09/2025 08:00:00;M30;870;38,17;66,90
1020;30/09/2025 08:00:00;URB;320;38,31;74,00
1021;30/09/2025 08:00:00;M30;870;35,32;74,20
1022;30/09/2025 08:00:00;URB;324;43,00;70,40
1023;30/09/2025 08:00:00;URB;351;53,23;-1,00
1024;30/09/2025 08:00:00;URB;277;33,87;81,00
1025;30/09/2025 08:00:00;M30;909;13,35;85,90
1026;30/09/2025 08:00:00;URB;333;37,68;-1,00
1027;30/09/2025 08:00:00;M30;1.024;57,77;58,20
1028;30/09/2025 08:00:00;URB;290;35,83;77,90
1029;30/09/2025 08:00:00;URB;313;42,61;74,10
1030;30/09/2025 08:00:00;URB;323;46,84;69,50
1001;30/09/2025 09:00:00;M30;914;48,79;-1,00
1002;30/09/2025 09:00:00;URB;319;24,20;75,70
1003;30/09/2025 09:00:00;M30;856;33,18;73,00
1004;30/09/2025 09:00:00;M30;950;36,65;75,30
1005;30/09/2025 09:00:00;M30;1.008;40,60;70,40
1006;30/09/2025 09:00:00;M30;842;38,02;78,30
1007;30/09/2025 09:00:00;M30;914;43,74;67,90
1008;30/09/2025 09:00:00;URB;336;49,38;71,70
1009;30/09/2025 09:00:00;M30;1.029;42,85;72,40
1010;30/09/2025 09:00:00;URB;278;29,65;75,30
1011;30/09/2025 09:00:00;URB;328;29,99;73,80
1012;30/09/2025 09:00:00;M30;884;49,58;68,20
1013;30/09/2025 09:00:00;URB;304;42,79;67,40
1014;30/09/2025 09:00:00;URB;328;48,29;69,00
1015;30/09/2025 09:00:00;M30;868;42,68;74,40
1016;30/09/2025 09:00:00;URB;363;39,97;73,50
1017;30/09/2025 09:00:00;URB;358;53,30;70,10
1018;30/09/2025 09:00:00;URB;343;59,14;58,60
1019;30/09/2025 09:00:00;M30;897;37,16;71,20
1020;30/09/2025 09:00:00;URB;290;32,22;72,70
1021;30/09/2025 09:00:00;M30;864;39,47;-1,00
1022;30/09/2025 09:00:00;URB;309;48,12;70,80
1023;30/09/2025 09:00:00;URB;315;36,05;77,50
1024;30/09/2025 09:00:00;URB;302;42,10;70,30
1025;30/09/2025 09:00:00;M30;1.014;47,29;71,30
1026;30/09/2025 09:00:00;URB;285;26,78;80,30
1027;30/09/2025 09:00:00;M30;823;29,00;77,20
1028;30/09/2025 09:00:00;URB;323;48,02;74,60
1029;30/09/2025 09:00:00;URB;286;25,48;80,40
1030;30/09/2025 09:00:00;URB;312;46,02;-1,00
1001;30/09/2025 10:00:00;M30;838;17,59;89,60
1002;30/09/2025 10:00:00;URB;229;33,61;81,30
1003;30/09/2025 10:00:00;M30;745;34,64;76,20
1004;30/09/2025 10:00:00;M30;748;24,41;86,90
1005;30/09/2025 10:00:00;M30;854;41,14;68,30
1006;30/09/2025 10:00:00;M30;612;34,91;-1,00
1007;30/09/2025 10:00:00;M30;638;27,83;78,60
1008;30/09/2025 10:00:00;URB;252;27,57;84,30
1009;30/09/2025 10:00:00;M30;841;41,89;73,30
1010;30/09/2025 10:00:00;URB;294;29,68;75,20
1011;30/09/2025 10:00:00;URB;253;30,31;75,20
1012;30/09/2025 10:00:00;M30;663;37,44;84,80
1013;30/09/2025 10:00:00;URB;270;46,23;69,00
1014;30/09/2025 10:00:00;URB;258;32,90;85,70
1015;30/09/2025 10:00:00;M30;725;31,68;82,20
1016;30/09/2025 10:00:00;URB;246;29,80;78,20
1017;30/09/2025 10:00:00;URB;259;54,21;61,80
1018;30/09/2025 10:00:00;URB;208;31,87;77,00
1019;30/09/2025 10:00:00;M30;700;46,99;71,10
1020;30/09/2025 10:00:00;URB;285;37,18;72,80
1021;30/09/2025 10:00:00;M30;724;37,40;82,30
1022;30/09/2025 10:00:00;URB;238;40,44;72,10
1023;30/09/2025 10:00:00;URB;279;40,61;76,30
1024;30/09/2025 10:00:00;URB;284;35,09;78,90
1025;30/09/2025 10:00:00;M30;800;29,30;78,20
1026;30/09/2025 10:00:00;URB;282;28,01;83,30
1027;30/09/2025 10:00:00;M30;877;45,38;70,90
1028;30/09/2025 10:00:00;URB;282;36,38;67,10
1029;30/09/2025 10:00:00;URB;298;33,13;78,50
1030;30/09/2025 10:00:00;URB;222;22,15;83,90
1001;30/09/2025 11:00:00;M30;527;22,94;81,50
1002;30/09/2025 11:00:00;URB;187;18,88;83,70
1002;30/09/2025 11:00:00;URB;187;18,88;83,70
1003;30/09/2025 11:00:00;M30;691;25,02;83,90
1004;30/09/2025 11:00:00;M30;390;15,10;89,80
1005;30/09/2025 11:00:00;M30;493;26,52;85,30
1006;30/09/2025 11:00:00;M30;592;17,61;83,20
1007;30/09/2025 11:00:00;M30;575;18,81;79,50
1008;30/09/2025 11:00:00;URB;252;29,77;75,10
1009;30/09/2025 11:00:00;M30;573;25,04;-1,00
1010;30/09/2025 11:00:00;URB;158;24,90;83,50
1011;30/09/2025 11:00:00;URB;181;23,61;79,50
1012;30/09/2025 11:00:00;M30;595;38,63;-1,00
1013;30/09/2025 11:00:00;URB;209;24,35;85,60
1014;30/09/2025 11:00:00;URB;214;31,72;77,10
1015;30/09/2025 11:00:00;M30;592;18,04;90,60
1016;30/09/2025 11:00:00;URB;232;19,94;86,00
1017;30/09/2025 11:00:00;URB;215;35,16;79,40
1018;30/09/2025 11:00:00;URB;212;33,65;75,90
1019;30/09/2025 11:00:00;M30;566;28,50;82,10
1020;30/09/2025 11:00:00;URB;186;15,96;86,50
1021;30/09/2025 11:00:00;M30;575;25,48;80,00
1021;30/09/2025 11:00:00;M30;575;25,48;80,00
1022;30/09/2025 11:00:00;URB;214;31,96;72,10
1023;30/09/2025 11:00:00;URB;212;25,74;78,80
1024;30/09/2025 11:00:00;URB;207;36,12;80,80
1025;30/09/2025 11:00:00;M30;582;19,86;85,40
1026;30/09/2025 11:00:00;URB;231;34,70;72,70
1027;30/09/2025 11:00:00;M30;667;30,85;68,60
1028;30/09/2025 11:00:00;URB;179;22,00;-1,00
1029;30/09/2025 11:00:00;URB;214;27,66;-1,00
1030;30/09/2025 11:00:00;URB;205;32,37;75,30
1001;30/09/2025 12:00:00;M30;472;26,41;78,50
1002;30/09/2025 12:00:00;URB;142;19,61;83,70
1003;30/09/2025 12:00:00;M30;476;17,23;85,90
1004;30/09/2025 12:00:00;M30;488;23,80;82,00
1005;30/09/2025 12:00:00;M30;394;20,26;68,90
1006;30/09/2025 12:00:00;M30;451;13,91;88,70
1007;30/09/2025 12:00:00;M30;513;20,48;-1,00
1008;30/09/2025 12:00:00;URB;158;19,87;90,00
1009;30/09/2025 12:00:00;M30;470;21,17;-1,00
1010;30/09/2025 12:00:00;URB;182;25,17;83,60
1011;30/09/2025 12:00:00;URB;169;18,19;83,50
1012;30/09/2025 12:00:00;M30;479;20,16;83,30
1013;30/09/2025 12:00:00;URB;134;22,33;85,40
1014;30/09/2025 12:00:00;URB;171;21,22;88,00
1015;30/09/2025 12:00:00;M30;406;16,21;83,80
1016;30/09/2025 12:00:00;URB;146;21,18;-1,00
1017;30/09/2025 12:00:00;URB;182;19,42;84,00
1018;30/09/2025 12:00:00;URB;165;19,89;85,60
1019;30/09/2025 12:00:00;M30;367;15,62;89,50
1020;30/09/2025 12:00:00;URB;173;20,20;84,20
1021;30/09/2025 12:00:00;M30;407;18,57;-1,00
1022;30/09/2025 12:00:00;URB;134;15,47;87,50
1023;30/09/2025 12:00:00;URB;136;20,36;82,10
1024;30/09/2025 12:00:00;URB;158;24,06;85,70
1025;30/09/2025 12:00:00;M30;392;22,36;81,00
1026;30/09/2025 12:00:00;URB;148;24,62;-1,00
1027;30/09/2025 12:00:00;M30;446;21,84;84,00
1028;30/09/2025 12:00:00;URB;178;22,66;88,10
1029;30/09/2025 12:00:00;URB;178;22,05;91,00
1030;30/09/2025 12:00:00;URB;194;19,51;76,10
1001;30/09/2025 13:00:00;M30;361;13,30;90,30
1002;30/09/2025 13:00:00;URB;126;19,32;82,10
1003;30/09/2025 13:00:00;M30;385;20,02;80,60
1004;30/09/2025 13:00:00;M30;416;18,99;84,70
1005;30/09/2025 13:00:00;M30;387;22,80;86,70
1006;30/09/2025 13:00:00;M30;307;12,44;76,40
1007;30/09/2025 13:00:00;M30;337;14,47;93,70
1008;30/09/2025 13:00:00;URB;124;16,10;86,10
1009;30/09/2025 13:00:00;M30;374;20,20;81,80
1010;30/09/2025 13:00:00;URB;133;21,10;82,80
1011;30/09/2025 13:00:00;URB;108;15,03;86,90
1012;30/09/2025 13:00:00;M30;372;17,92;81,80
1013;30/09/2025 13:00:00;URB;138;20,54;91,30
1014;30/09/2025 13:00:00;URB;99;12,90;94,10
1015;30/09/2025 13:00:00;M30;341;10,04;90,30
1016;30/09/2025 13:00:00;URB;119;13,43;93,80
1017;30/09/2025 13:00:00;URB;149;22,44;81,40
1018;30/09/2025 13:00:00;URB;116;13,85;86,50
1019;30/09/2025 13:00:00;M30;388;19,71;87,60
1020;30/09/2025 13:00:00;URB;124;17,79;83,20
1021;30/09/2025 13:00:00;M30;382;18,34;88,90
1022;30/09/2025 13:00:00;URB;144;16,80;85,00
1023;30/09/2025 13:00:00;URB;131;14,19;83,30
1024;30/09/2025 13:00:00;URB;134;19,24;89,20
1025;30/09/2025 13:00:00;M30;401;19,15;85,90
1026;30/09/2025 13:00:00;URB;121;11,96;87,30
1027;30/09/2025 13:00:00;M30;393;26,51;76,20
1028;30/09/2025 13:00:00;URB;109;19,92;83,50
1029;30/09/2025 13:00:00;URB;144;20,00;81,10
1030;30/09/2025 13:00:00;URB;109;10,87;91,00
1001;30/09/2025 14:00:00;M30;416;22,30;79,90
1002;30/09/2025 14:00:00;URB;128;16,17;89,70
1003;30/09/2025 14:00:00;M30;371;20,85;89,30
1004;30/09/2025 14:00:00;M30;385;14,57;80,20
1005;30/09/2025 14:00:00;M30;400;19,83;84,60
1006;30/09/2025 14:00:00;M30;434;23,13;-1,00
1007;30/09/2025 14:00:00;M30;432;19,78;85,30
1008;30/09/2025 14:00:00;URB;158;20,49;83,30
1009;30/09/2025 14:00:00;M30;381;17,56;87,30
1010;30/09/2025 14:00:00;URB;138;21,49;82,10
1011;30/09/2025 14:00:00;URB;143;12,47;94,90
1012;30/09/2025 14:00:00;M30;457;15,45;91,00
1013;30/09/2025 14:00:00;URB;152;17,88;81,10
1014;30/09/2025 14:00:00;URB;153;16,33;85,20
1015;30/09/2025 14:00:00;M30;409;20,01;83,20
1016;30/09/2025 14:00:00;URB;167;24,80;80,60
1017;30/09/2025 14:00:00;URB;118;14,49;91,60
1018;30/09/2025 14:00:00;URB;150;18,62;80,10
1019;30/09/2025 14:00:00;M30;426;26,62;77,70
1020;30/09/2025 14:00:00;URB;134;18,65;86,70
1021;30/09/2025 14:00:00;M30;377;16,40;-1,00
1022;30/09/2025 14:00:00;URB;138;18,65;80,70
1023;30/09/2025 14:00:00;URB;136;17,79;-1,00
1024;30/09/2025 14:00:00;URB;140;20,15;91,10
1025;30/09/2025 14:00:00;M30;436;23,67;85,00
1026;30/09/2025 14:00:00;URB;141;17,01;78,70
1027;30/09/2025 14:00:00;M30;378;14,81;85,90
1028;30/09/2025 14:00:00;URB;142;20,96;89,80
1029;30/09/2025 14:00:00;URB;127;17,90;89,80
1030;30/09/2025 14:00:00;URB;135;16,38;88,40
1001;30/09/2025 15:00:00;M30;470;28,42;77,00
1002;30/09/2025 15:00:00;URB;155;22,16;84,30
1003;30/09/2025 15:00:00;M30;497;23,50;84,80
1004;30/09/2025 15:00:00;M30;474;20,96;88,20
1005;30/09/2025 15:00:00;M30;524;24,70;82,90
1006;30/09/2025 15:00:00;M30;477;27,72;-1,00
1007;30/09/2025 15:00:00;M30;464;17,43;82,70
1008;30/09/2025 15:00:00;URB;153;21,65;79,00
1009;30/09/2025 15:00:00;M30;480;22,66;79,20
1010;30/09/2025 15:00:00;URB;175;23,14;82,30
1011;30/09/2025 15:00:00;URB;155;20,78;84,80
1012;30/09/2025 15:00:00;M30;415;18,17;91,30
1013;30/09/2025 15:00:00;URB;156;18,33;80,90
1014;30/09/2025 15:00:00;URB;198;34,47;80,70
1015;30/09/2025 15:00:00;M30;496;24,41;81,50
1016;30/09/2025 15:00:00;URB;156;21,98;77,90
1017;30/09/2025 15:00:00;URB;182;21,69;84,20
1018;30/09/2025 15:00:00;URB;177;19,23;82,90
1019;30/09/2025 15:00:00;M30;448;21,44;-1,00
1020;30/09/2025 15:00:00;URB;158;19,86;80,20
1021;30/09/2025 15:00:00;M30;474;20,84;-1,00
1022;30/09/2025 15:00:00;URB;186;22,29;79,90
1023;30/09/2025 15:00:00;URB;176;23,00;83,20
1024;30/09/2025 15:00:00;URB;180;18,18;79,10
1025;30/09/2025 15:00:00;M30;431;23,61;87,50
1026;30/09/2025 15:00:00;URB;179;18,52;82,30
1027;30/09/2025 15:00:00;M30;415;16,75;88,20
1028;30/09/2025 15:00:00;URB;164;25,17;87,20
1029;30/09/2025 15:00:00;URB;147;13,34;87,60
1030;30/09/2025 15:00:00;URB;139;17,43;89,30
1001;30/09/2025 16:00:00;M30;616;27,47;72,60
1002;30/09/2025 16:00:00;URB;218;36,14;77,60
1003;30/09/2025 16:00:00;M30;630;36,84;80,20
1004;30/09/2025 16:00:00;M30;670;36,61;-1,00
1005;30/09/2025 16:00:00;M30;530;26,25;79,90
1006;30/09/2025 16:00:00;M30;672;29,74;76,70
1007;30/09/2025 16:00:00;M30;554;19,88;85,10
1008;30/09/2025 16:00:00;URB;270;28,28;82,30
1009;30/09/2025 16:00:00;M30;685;26,15;75,20
1010;30/09/2025 16:00:00;URB;241;37,35;74,20
1011;30/09/2025 16:00:00;URB;229;33,90;78,70
1012;30/09/2025 16:00:00;M30;636;37,47;66,90
1013;30/09/2025 16:00:00;URB;208;36,10;78,30
1014;30/09/2025 16:00:00;URB;205;26,24;86,10
1015;30/09/2025 16:00:00;M30;624;23,15;80,30
1016;30/09/2025 16:00:00;URB;203;27,22;71,10
1017;30/09/2025 16:00:00;URB;225;28,56;78,80
1018;30/09/2025 16:00:00;URB;223;29,39;79,10
1019;30/09/2025 16:00:00;M30;620;30,44;76,80
1020;30/09/2025 16:00:00;URB;222;26,89;88,00
1021;30/09/2025 16:00:00;M30;577;36,82;82,50
1022;30/09/2025 16:00:00;URB;256;41,54;72,20
1023;30/09/2025 16:00:00;URB;234;29,93;85,80
1024;30/09/2025 16:00:00;URB;225;32,46;76,00
1025;30/09/2025 16:00:00;M30;662;31,04;82,00
1026;30/09/2025 16:00:00;URB;174;16,33;85,30
1027;30/09/2025 16:00:00;M30;702;31,03;-1,00
1028;30/09/2025 16:00:00;URB;230;24,47;80,40
1029;30/09/2025 16:00:00;URB;251;44,02;67,50
1030;30/09/2025 16:00:00;URB;225;27,29;93,40
1001;30/09/2025 17:00:00;M30;821;32,66;73,20
1002;30/09/2025 17:00:00;URB;230;33,09;73,10
1003;30/09/2025 17:00:00;M30;718;26,36;79,90
1004;30/09/2025 17:00:00;M30;682;22,82;87,00
1005;30/09/2025 17:00:00;M30;765;34,21;81,20
1006;30/09/2025 17:00:00;M30;815;33,27;81,40
1007;30/09/2025 17:00:00;M30;825;50,72;61,00
1008;30/09/2025 17:00:00;URB;244;31,06;80,40
1009;30/09/2025 17:00:00;M30;893;45,97;73,20
1010;30/09/2025 17:00:00;URB;294;28,68;79,50
1011;30/09/2025 17:00:00;URB;269;34,16;82,40
1012;30/09/2025 17:00:00;M30;759;34,96;79,70
1013;30/09/2025 17:00:00;URB;216;22,85;76,40
1014;30/09/2025 17:00:00;URB;289;49,88;-1,00
1015;30/09/2025 17:00:00;M30;713;35,38;77,50
1016;30/09/2025 17:00:00;URB;303;37,78;73,90
1017;30/09/2025 17:00:00;URB;299;34,47;80,00
1018;30/09/2025 17:00:00;URB;261;36,39;72,60
1019;30/09/2025 17:00:00;M30;741;30,06;83,80
1020;30/09/2025 17:00:00;URB;236;32,13;80,00
1021;30/09/2025 17:00:00;M30;838;32,34;-1,00
1022;30/09/2025 17:00:00;URB;324;28,47;79,80
1023;30/09/2025 17:00:00;URB;229;33,94;84,80
1024;30/09/2025 17:00:00;URB;267;35,77;74,80
1025;30/09/2025 17:00:00;M30;730;36,27;74,90
1026;30/09/2025 17:00:00;URB;251;27,88;78,00
1027;30/09/2025 17:00:00;M30;783;29,14;80,20
1028;30/09/2025 17:00:00;URB;319;35,64;81,30
1029;30/09/2025 17:00:00;URB;309;32,68;73,00
1030;30/09/2025 17:00:00;URB;249;33,52;82,90
1001;30/09/2025 18:00:00;M30;910;50,05;68,70
1002;30/09/2025 18:00:00;URB;350;29,08;79,90
1003;30/09/2025 18:00:00;M30;1.034;47,57;-1,00
1004;30/09/2025 18:00:00;M30;914;47,38;67,70
1005;30/09/2025 18:00:00;M30;1.008;58,14;-1,00
1006;30/09/2025 18:00:00;M30;794;37,32;80,70
1007;30/09/2025 18:00:00;M30;976;48,17;65,30
1008;30/09/2025 18:00:00;URB;294;46,64;68,90
1009;30/09/2025 18:00:00;M30;1.095;52,13;64,90
1010;30/09/2025 18:00:00;URB;317;49,59;66,20
1011;30/09/2025 18:00:00;URB;334;46,34;66,80
1012;30/09/2025 18:00:00;M30;901;48,25;63,90
1013;30/09/2025 18:00:00;URB;400;52,26;67,90
1014;30/09/2025 18:00:00;URB;336;52,71;65,80
1015;30/09/2025 18:00:00;M30;960;37,15;75,40
1015;30/09/2025 18:00:00;M30;960;37,15;75,40
1016;30/09/2025 18:00:00;URB;326;49,86;66,00
1017;30/09/2025 18:00:00;URB;339;42,72;75,00
1018;30/09/2025 18:00:00;URB;328;46,85;71,30
1019;30/09/2025 18:00:00;M30;936;47,56;72,20
1020;30/09/2025 18:00:00;URB;354;32,50;78,80
1021;30/09/2025 18:00:00;M30;972;47,04;60,20
1022;30/09/2025 18:00:00;URB;384;34,45;73,50
1023;30/09/2025 18:00:00;URB;398;56,87;63,90
1024;30/09/2025 18:00:00;URB;402;36,02;72,40
1025;30/09/2025 18:00:00;M30;988;55,51;-1,00
1026;30/09/2025 18:00:00;URB;359;45,90;69,60
1027;30/09/2025 18:00:00;M30;910;36,59;72,80
1028;30/09/2025 18:00:00;URB;335;31,35;77,00
1029;30/09/2025 18:00:00;URB;349;40,56;76,80
1030;30/09/2025 18:00:00;URB;362;49,90;67,30
1001;30/09/2025 19:00:00;M30;1.092;46,61;59,30
1002;30/09/2025 19:00:00;URB;325;36,65;72,40
1003;30/09/2025 19:00:00;M30;889;45,77;77,20
1004;30/09/2025 19:00:00;M30;1.059;62,09;64,30
1005;30/09/2025 19:00:00;M30;931;32,49;-1,00
1006;30/09/2025 19:00:00;M30;925;64,43;65,80
1007;30/09/2025 19:00:00;M30;1.109;59,31;66,90
1008;30/09/2025 19:00:00;URB;329;42,75;69,50
1009;30/09/2025 19:00:00;M30;810;39,27;77,20
1010;30/09/2025 19:00:00;URB;381;28,01;85,70
1011;30/09/2025 19:00:00;URB;359;44,85;73,60
1012;30/09/2025 19:00:00;M30;1.152;42,89;76,50
1013;30/09/2025 19:00:00;URB;411;50,31;66,60
1014;30/09/2025 19:00:00;URB;396;40,93;-1,00
1014;30/09/2025 19:00:00;URB;396;40,93;-1,00
1015;30/09/2025 19:00:00;M30;1.045;44,88;68,30
1016;30/09/2025 19:00:00;URB;294;38,59;69,80
1017;30/09/2025 19:00:00;URB;347;44,56;68,50
1018;30/09/2025 19:00:00;URB;334;36,87;78,70
1019;30/09/2025 19:00:00;M30;1.161;27,25;81,80
1020;30/09/2025 19:00:00;URB;431;53,42;72,90
1021;30/09/2025 19:00:00;M30;1.149;56,99;62,80
1022;30/09/2025 19:00:00;URB;406;38,76;73,70
1023;30/09/2025 19:00:00;URB;339;36,54;-1,00
1024;30/09/2025 19:00:00;URB;308;51,50;66,00
1025;30/09/2025 19:00:00;M30;870;24,07;74,30
1026;30/09/2025 19:00:00;URB;382;41,77;-1,00
1027;30/09/2025 19:00:00;M30;949;41,23;78,10
1028;30/09/2025 19:00:00;URB;338;46,08;71,50
1029;30/09/2025 19:00:00;URB;360;40,50;67,10
1030;30/09/2025 19:00:00;URB;353;58,75;59,00
1001;30/09/2025 20:00:00;M30;1.085;31,08;70,20
1002;30/09/2025 20:00:00;URB;368;50,42;64,10
1003;30/09/2025 20:00:00;M30;1.007;56,89;68,30
1004;30/09/2025 20:00:00;M30;990;52,34;68,10
1005;30/09/2025 20:00:00;M30;1.003;44,96;70,60
1006;30/09/2025 20:00:00;M30;942;53,35;62,90
1007;30/09/2025 20:00:00;M30;976;42,70;68,90
1008;30/09/2025 20:00:00;URB;328;40,24;-1,00
1009;30/09/2025 20:00:00;M30;846;42,54;82,40
1010;30/09/2025 20:00:00;URB;343;31,66;-1,00
1011;30/09/2025 20:00:00;URB;392;65,05;56,40
1012;30/09/2025 20:00:00;M30;952;43,11;72,40
1013;30/09/2025 20:00:00;URB;353;47,04;68,10
1014;30/09/2025 20:00:00;URB;284;46,16;64,20
1015;30/09/2025 20:00:00;M30;957;38,93;73,40
1016;30/09/2025 20:00:00;URB;355;46,20;74,30
1017;30/09/2025 20:00:00;URB;295;30,84;73,40
1018;30/09/2025 20:00:00;URB;314;34,98;70,90
1019;30/09/2025 20:00:00;M30;889;36,99;83,30
1020;30/09/2025 20:00:00;URB;382;66,93;64,50
1021;30/09/2025 20:00:00;M30;1.001;41,79;67,80
1022;30/09/2025 20:00:00;URB;356;44,78;71,90
1023;30/09/2025 20:00:00;URB;301;48,65;68,60
1024;30/09/2025 20:00:00;URB;338;44,39;75,10
1025;30/09/2025 20:00:00;M30;929;49,77;62,30
1026;30/09/2025 20:00:00;URB;389;66,31;53,70
1027;30/09/2025 20:00:00;M30;961;42,31;72,10
1028;30/09/2025 20:00:00;URB;313;35,49;69,80
1029;30/09/2025 20:00:00;URB;358;48,92;-1,00
1030;30/09/2025 20:00:00;URB;346;46,45;68,60
1001;30/09/2025 21:00:00;M30;700;32,52;77,40
1002;30/09/2025 21:00:00;URB;285;57,74;65,30
1003;30/09/2025 21:00:00;M30;913;45,38;66,60
1004;30/09/2025 21:00:00;M30;755;21,60;93,50
1005;30/09/2025 21:00:00;M30;934;23,86;87,10
1006;30/09/2025 21:00:00;M30;748;26,46;83,70
1007;30/09/2025 21:00:00;M30;702;36,46;73,50
1008;30/09/2025 21:00:00;URB;329;51,65;61,50
1009;30/09/2025 21:00:00;M30;854;44,67;70,90
1010;30/09/2025 21:00:00;URB;294;36,62;75,70
1011;30/09/2025 21:00:00;URB;262;29,74;79,60
1012;30/09/2025 21:00:00;M30;883;26,15;76,40
1013;30/09/2025 21:00:00;URB;278;34,68;-1,00
1014;30/09/2025 21:00:00;URB;273;34,56;78,10
1015;30/09/2025 21:00:00;M30;660;33,55;-1,00
1016;30/09/2025 21:00:00;URB;225;30,26;78,40
1017;30/09/2025 21:00:00;URB;278;41,31;68,50
1018;30/09/2025 21:00:00;URB;268;40,23;68,70
1019;30/09/2025 21:00:00;M30;729;25,53;89,50
1020;30/09/2025 21:00:00;URB;269;23,18;84,30
1021;30/09/2025 21:00:00;M30;756;40,53;71,50
1022;30/09/2025 21:00:00;URB;316;40,48;74,20
1023;30/09/2025 21:00:00;URB;252;31,83;-1,00
1024;30/09/2025 21:00:00;URB;327;34,01;77,90
1025;30/09/2025 21:00:00;M30;797;40,77;-1,00
1026;30/09/2025 21:00:00;URB;251;20,89;80,80
1027;30/09/2025 21:00:00;M30;918;42,90;63,20
1028;30/09/2025 21:00:00;URB;273;28,36;80,30
1029;30/09/2025 21:00:00;URB;247;44,28;66,20
1030;30/09/2025 21:00:00;URB;336;40,22;70,00
1001;30/09/2025 22:00:00;M30;666;19,51;85,90
1002;30/09/2025 22:00:00;URB;200;25,62;78,20
1003;30/09/2025 22:00:00;M30;601;25,20;76,30
1004;30/09/2025 22:00:00;M30;692;26,10;84,50
1005;30/09/2025 22:00:00;M30;688;27,74;-1,00
1006;30/09/2025 22:00:00;M30;744;38,97;64,40
1007;30/09/2025 22:00:00;M30;561;33,43;83,90
1008;30/09/2025 22:00:00;URB;218;28,96;75,00
1009;30/09/2025 22:00:00;M30;543;23,63;83,80
1010;30/09/2025 22:00:00;URB;215;32,08;-1,00
1011;30/09/2025 22:00:00;URB;189;38,31;73,40
1012;30/09/2025 22:00:00;M30;561;17,65;-1,00
1013;30/09/2025 22:00:00;URB;223;28,39;84,10
1014;30/09/2025 22:00:00;URB;195;26,35;86,50
1015;30/09/2025 22:00:00;M30;673;26,89;88,90
1016;30/09/2025 22:00:00;URB;225;24,31;79,60
1017;30/09/2025 22:00:00;URB;219;28,45;87,20
1018;30/09/2025 22:00:00;URB;238;32,85;81,10
1019;30/09/2025 22:00:00;M30;562;29,12;82,30
1020;30/09/2025 22:00:00;URB;223;32,90;73,80
1021;30/09/2025 22:00:00;M30;631;23,26;79,80
1022;30/09/2025 22:00:00;URB;214;33,08;-1,00
1023;30/09/2025 22:00:00;URB;238;35,97;82,50
1024;30/09/2025 22:00:00;URB;222;32,67;81,30
1025;30/09/2025 22:00:00;M30;601;29,66;-1,00
1026;30/09/2025 22:00:00;URB;207;21,75;86,00
1027;30/09/2025 22:00:00;M30;599;31,23;73,30
1028;30/09/2025 22:00:00;URB;208;27,82;78,10
1029;30/09/2025 22:00:00;URB;190;19,15;91,20
1030;30/09/2025 22:00:00;URB;213;29,73;82,10
1001;30/09/2025 23:00:00;M30;499;22,39;81,00
1002;30/09/2025 23:00:00;URB;170;27,51;77,20
1003;30/09/2025 23:00:00;M30;381;14,82;91,90
1004;30/09/2025 23:00:00;M30;532;27,97;80,10
1005;30/09/2025 23:00:00;M30;430;19,00;-1,00
1006;30/09/2025 23:00:00;M30;400;17,47;80,70
1007;30/09/2025 23:00:00;M30;387;17,60;80,10
1008;30/09/2025 23:00:00;URB;158;18,29;87,70
1009;30/09/2025 23:00:00;M30;394;18,73;84,50
1010;30/09/2025 23:00:00;URB;147;18,44;74,80
1011;30/09/2025 23:00:00;URB;179;19,00;77,00
1012;30/09/2025 23:00:00;M30;405;22,14;73,30
1013;30/09/2025 23:00:00;URB;115;14,92;81,70
1014;30/09/2025 23:00:00;URB;140;14,04;89,90
1015;30/09/2025 23:00:00;M30;371;13,83;84,80
1016;30/09/2025 23:00:00;URB;192;27,78;84,90
1017;30/09/2025 23:00:00;URB;178;26,63;80,10
1018;30/09/2025 23:00:00;URB;167;15,70;89,40
1019;30/09/2025 23:00:00;M30;471;19,35;83,80
1020;30/09/2025 23:00:00;URB;145;18,41;82,10
1021;30/09/2025 23:00:00;M30;440;11,32;92,70
1022;30/09/2025 23:00:00;URB;123;13,03;80,00
1023;30/09/2025 23:00:00;URB;174;23,70;84,00
1024;30/09/2025 23:00:00;URB;153;19,40;81,10
1025;30/09/2025 23:00:00;M30;469;31,51;75,20
1026;30/09/2025 23:00:00;URB;177;24,82;84,30
1027;30/09/2025 23:00:00;M30;497;20,28;80,30
1028;30/09/2025 23:00:00;URB;188;20,33;87,80
1029;30/09/2025 23:00:00;URB;171;15,78;81,80
1030;30/09/2025 23:00:00;URB;195;22,66;79,70
